domain,name,emails,phones,instagram,facebook,twitter,linkedin,youtube,category,tagline,logo,state,city,myshopify_domain,currency,india_evidence,state_source,found_via
11-11.in,11.11/ eleven eleven IND,thekhadiway@11-11.in,+919711863919,,,,,,apparel,"Discover 11.11/eleven eleven, a designer clothing brand creating timeless, handcrafted apparel with integrity, heritage, and quiet elegance.",https://11-11.in/cdn/shop/files/11-11-eleven_eleven_logo_98d4a825-7a08-4593-9d6f-e39ebcef8652.png?v=1663064183,Delhi,New Delhi,11-11-eleven-eleven.myshopify.com,INR,Shopify business address in India; prices in INR; .in domain; Indian postal address on site; +91 phone number,Shopify business address,tranco
173c6f-9d.myshopify.com,Biocap Perfumes,biocapperfumes@gmail.com,+919925924744,https://instagram.com/biocapperfume.official,https://facebook.com/biocap.perfumes,,,,fragrances,"Wanted to buy luxury perfume for men and women at an affordable price then visit our site to get the best perfume in the market. At Biocap Perfumes, we offer top-quality perfume gifts and skincare products. Order now and get up to 50% off sitewide. COD, Free Shipping, PAN India Delivery",https://cdn.shopify.com/s/files/1/0892/7022/3165/files/Biocap-Perfumes-logo.png?v=1729859701,Gujarat,,173c6f-9d.myshopify.com,INR,Shopify business address in India; prices in INR; Indian postal address on site; +91 phone number,Shopify business address,commoncrawl
1hairstop.in,1 Hair Stop India,care@1hairstop.in,+918121466160; +917842127817,https://instagram.com/onehairstopindia,https://facebook.com/onehairstopindia,,,https://youtube.com/1HairStopIndia,haircare,"Discover 100% real human hair extensions at 1 Hair Stop India. The one stop shop for Hair Patches, Volumizers, Toppers, Clip in Extensions, Wigs and more.",https://1hairstop.in/cdn/shop/files/1_Hair_Stop_Logo_-_Black.png?v=1673544097,Telangana,Hyderabad,1-hair-stop-india.myshopify.com,INR,Shopify business address in India; prices in INR; .in domain; Indian postal address on site; +91 phone number,Shopify business address,tranco
200911-2.myshopify.com,Copper Coin,,,https://instagram.com/coppercoinpublishing,https://facebook.com/CopperCoinPublishing,https://twitter.com/coppercoinindia,,,,"Copper Coin is dedicated to publishing outstanding poetry, nonfiction and fiction in English, Punjabi, Marathi and Hindi. Our faith in the power and beauty of the book drives us. We deal in a currency whose value transcends time and geographies: poetry—and everything related to it.",https://200911-2.myshopify.com/cdn/shop/files/Copper_Coin_Logo_1.png?v=1692517011,Uttar Pradesh,Ghaziabad,200911-2.myshopify.com,USD,Shopify business address in India,Shopify business address,commoncrawl
www.303diecastshop.in,303 Exclusive Diecasts,support@303diecastshop.in,,,,,,,collectibles & hobbies,,https://www.303diecastshop.in/cdn/shop/files/Website_Header_Transparent_Logo_300x300__png.png?v=1738523921,Karnataka,Bangalore,a10236-2.myshopify.com,INR,Shopify business address in India; prices in INR; .in domain,Shopify business address,tranco
7man.co.in,7 Man ,7man.menswear@gmail.com,+917418871277,https://instagram.com/7man_menswear,https://facebook.com/7man.co.in,,,https://youtube.com/@7ManMensWear,men's apparel,"7 Man deals with Mens and Boys trending T-shirt, lycra shirt, cotton shirt, lycra pant, track pant, jean pant, cargo pant, shorts and accessories from tamilnadu. We are manufacturer and supply in Retail, Online and Wholesale. We maintain 4.8 Google rating. We produce all trending designs and supply all over the world.",https://7man.co.in/cdn/shop/files/7man-logo_46ec04da-5cbc-40bf-9252-00e439e727c9.avif,Tamil Nadu,Coimbatore,7manmenswear.myshopify.com,INR,Shopify business address in India; prices in INR; .in domain; Indian postal address on site; +91 phone number,Shopify business address,tranco
99customizedjewellery.in,99customized  Jewellery,support@99customizedjewellery.in; custamized.pendal@gmail.com,+919081004514,https://instagram.com/99customizedjewelry,https://facebook.com/99customizedjewelry,,,,jewellery,"Shop personalized jewelry online in India – engraved name necklaces, custom bracelets & couple gifts. 100% handmade, fast shipping, perfect for any occasion.",https://99customizedjewellery.in/cdn/shop/files/image_92ut.png?v=1773319433,Gujarat,rajkot,9df745-2e.myshopify.com,INR,Shopify business address in India; prices in INR; .in domain; +91 phone number,Shopify business address,tranco
www.99store.co.in,99 Store,support@99store.co.in,+919560270638; +919220248885,,,,,,"health & nutrition, electronics & gadgets","Our mission is simple; bring affordable, quality, and innovative products within everyone’s reach, backed by secure payments and fast delivery.",https://www.99store.co.in/files/99_Store_logo_logo_2x_da9cdc28-2a45-40b4-bf19-9260e7d5ee4c.png,Delhi,Delhi,store99-299.myshopify.com,INR,Shopify business address in India; prices in INR; .in domain; GSTIN on site; Indian postal address on site; +91 phone number,Shopify business address,tranco
aadvikfoods.com,Aadvik Foods,info@aadvikfoods.com; orders@aadvikfoods.com; sales@aadvikfoods.com,+918800638181; +918527487134,,,,,,food & beverages,"White Gold of Desert - Camel Milk,Long revered as the ""white gold"" of the desert, camel milk offers a taste of resilience and tradition. Nomadic cultures have cherished this unique beverage for centuries, and now, its unique properties are captivating the world.",https://aadvikfoods.com/cdn/shop/files/aadvik_foods_logo.jpg?v=1645597893,Delhi,Delhi,aadvik-food.myshopify.com,INR,Shopify business address in India; prices in INR; Indian postal address on site; +91 phone number,Shopify business address,commoncrawl
aakirathecouture.in,Akira the couture ,support@aakiracouture.in,+919629312106; +917305864162; +919043284696,https://instagram.com/akira_the_couture__,https://facebook.com/akirathecouture2021,,,https://youtube.com/@akirathecouture,"ethnic wear, women's apparel","Shop Indian designer dresses online including lehengas, Anarkali and gowns. Elegant styles for weddings and festive wear at Akira The Couture.",https://aakirathecouture.in/cdn/shop/files/Mask_group.png?v=1787587270,Tamil Nadu,Chennai,e19f79-2.myshopify.com,INR,Shopify business address in India; prices in INR; .in domain; +91 phone number,Shopify business address,tranco
aapkipooja.co.in,AAPKIPOOJA,aapkipooja.website@gmail.com,+919399425212,https://instagram.com/aapkipooja.in,https://facebook.com/profile.php?id=100021421391854,,,,apparel,"Welcome to the world of AapkiPooja — where every collection is chosen with love, every design carries elegance, and every customer becomes a part of our family. What started as a small dream has now become a journey filled with trust, growth, and endless gratitude.",https://aapkipooja.co.in/cdn/shop/files/Aapki_Pooja_1.png?v=1777972590,Madhya Pradesh,Indore,pi34zw-99.myshopify.com,INR,Shopify business address in India; prices in INR; .in domain; Indian postal address on site; +91 phone number,Shopify business address,tranco
www.aarogyanutrimix.in,Aarogya Nutri Mix,contactus@aarogyanutrimix.in,+918247327975,https://instagram.com/aarogyanutrimix,https://facebook.com/profile.php?id=61558367164081,,,https://youtube.com/@AarogyaNutriMix,"health & nutrition, food & beverages","Aarogya offers authentic natural skincare, haircare, and wellness products handmade with love in India. Our products are made from natural ingredients that are sustainably sourced, cruelty-free, and free from harmful chemicals. Shop now and experience the goodness of products made in India.",https://www.aarogyanutrimix.in/cdn/shop/files/Ganesh-Chaturthi-new.gif?v=1788459162,Telangana,Hyderabad,360672-d3.myshopify.com,INR,Shopify business address in India; prices in INR; .in domain; +91 phone number,Shopify business address,tranco
absolutpet.in,Absolut Pet India,info@absolutpet.in,+918639958186; +917207870367,https://instagram.com/absolutpet,https://facebook.com/profile.php?id=61563821986715,,,,pet supplies,Pet supplements in a tasty form for dogs and cats!,https://absolutpet.in/cdn/shop/files/logo_w.png?v=1767586657,Telangana,Hyderabad,6b1150-03.myshopify.com,INR,Shopify business address in India; prices in INR; .in domain; Indian postal address on site; +91 phone number,Shopify business address,tranco
accessorizelondon.in,Accessorize India,support@accessorizelondon.in,+918329357978,https://instagram.com/accessorizeindiaofficial,https://facebook.com/accessorize.india,,,https://youtube.com/user/AccessorizeOfficial,"bags & accessories, jewellery","Shop fashion & lifestyle essentials at Accessorize India, an Online shopping Store for women offering best prices in India.Explore handbags, jewellery, sunglasses & scarves.",https://accessorizelondon.in/cdn/shop/t/159/assets/logo.png?v=102938,Maharashtra,Mumbai,accessorizelondon.myshopify.com,INR,Shopify business address in India; prices in INR; .in domain; Indian postal address on site; +91 phone number,Shopify business address,tranco
accessworld.in,Access,phoenix@accessinfoworld.com,+919870599153; +918369335126; +919773147046; +918169410934,https://instagram.com/access_retail,https://facebook.com/accessretail,,,https://youtube.com/channel/UCd_ARIXvN5VNK4Jki-9Cqfg,electronics & gadgets,"India's premium electronics store. Shop Dyson, Marshall, Bose, B&O and 100+ brands. Genuine products, official warranty. Visit us at Phoenix Palladium, Mumbai.",https://accessworld.in/cdn/shop/files/Access-worldlogo.png?v=1628083081,Maharashtra,Mumbai,access-world-ind.myshopify.com,INR,Shopify business address in India; prices in INR; .in domain; Indian postal address on site; +91 phone number,Shopify business address,tranco
acharyanet-india.myshopify.com,Acharyanet-India,support@acharyanet.com,+918025954508,,,,,,,"Acharyanet is a premier online platform dedicated to making Carnatic music accessible to learners around the world. Our mission is to preserve and promote this timeless art form by delivering one of the finest methodologies of learning, through lessons created and taught by renowned experts.",https://acharyanet-india.myshopify.com/cdn/shop/files/Acharyanet_Logo_With_outline_Final-01.png?v=1614298362,Karnataka,"Kannamangala, Bangalore",acharyanet-india.myshopify.com,INR,Shopify business address in India; prices in INR; +91 phone number,Shopify business address,commoncrawl
adro.in,ADRO Fashion,info@adro.in,+919741430033,https://instagram.com/adroindia,https://facebook.com/ADROclothing,https://twitter.com/adroindia,,,men's apparel,Elevate your style with Adro's trendy t-shirts and sweatshirts. Discover unique designs and quality fabrics for fashion-forward individuals. Shop now!,https://adro.in/cdn/shop/files/Logo_PNG_copy_145e974a-9025-4a01-a959-2fae5cc24f65.png?v=1776518311,Karnataka,Bangalore,adro-fashion.myshopify.com,INR,Shopify business address in India; prices in INR; .in domain; Indian postal address on site; +91 phone number,Shopify business address,tranco
www.adventuras.in,Adventuras India,help@adventuras.in; columbiacare@chogoriindia.com; nodalofficer@chogoriindia.com; manas.jaiswal@chogoriindia.com; ceo@chogoriindia.com,+9958804123,https://instagram.com/adventuras_india,https://facebook.com/AdventurasIndia,,,https://youtube.com/channel/UCuhQaClA5M06G-jBp6Qn6Yw,apparel,"Adventuras, Toughest Outdoor Gear. Expertly curated for India’s terrains. Ready for your next conquest. Discover premium outdoor gear at Adventuras – technical clothing, backpacks, footwear & more. Expertly chosen for India’s toughest treks.",https://www.adventuras.in/cdn/shop/files/ad-logo__1_-removebg-preview.png?v=1787027399,Maharashtra,Mumbai,adventuras-india.myshopify.com,INR,Shopify business address in India; prices in INR; .in domain; Indian postal address on site,Shopify business address,tranco
aeliyamarine.com,Aeliya Marine,sales@aeliyamarine.com,+919725218536; +919825200600,https://instagram.com/aeliyamarinetech,https://facebook.com/aeliyamarinetech,https://twitter.com/aeliyamarinetc,https://linkedin.com/company/aeliyamarinetech,https://youtube.com/@aeliyamarinetech,electronics & gadgets,"Explore a wide range of quality industrial & marine automation parts at Aeliya Marine Tech. We provide equipment, parts, & components to meet industry needs.",https://aeliyamarine.com/cdn/shop/files/AELIYA-Logo-with-Registerd-R_-Landscape-_Futura_font-02_small.png?v=1716377919,Gujarat,Bhavnagar,aeliyamarine-tech-private-limited.myshopify.com,USD,Shopify business address in India; Indian postal address on site; +91 phone number,Shopify business address,commoncrawl
aestheticnation.co.in,AestheticNation,,+918369920223,https://instagram.com/aesthetic.nation,https://facebook.com/aestheticsnation,https://twitter.com/nationaesthetic,,,"apparel, sports & fitness","Shop India's best compression t-shirts, gym t-shirts, oversized tees, gym shorts & joggers for men. Engineered for Indian summers — 4-way stretch, sweat-wicking, flatlock stitching. Free pan-India delivery. Easy returns. Trusted by 2.5Lac gym-goers across India. Starting ₹799. Aesthetic Nation — wear it, own it.",https://cdn.shopify.com/s/files/1/0053/7074/0800/files/AN_LOGO_Black.png?v=1543777094,Maharashtra,Mumbai,xaestheticnation.myshopify.com,INR,Shopify business address in India; prices in INR; .in domain; Indian postal address on site; +91 phone number,Shopify business address,tranco
ahmedalmaghribi.co.in,Ahmed Al Maghribi Perfumes India,info@ahmedalmaghribi.co.in,+918287791303,https://instagram.com/ahmedalmaghribiperfumeindia,https://facebook.com/ahmedalmaghribiperfumesllc,https://x.com/AhmedPerfumes,,https://youtube.com/channel/UCzUsyi2q3zCR4YTeAA1okkg,fragrances,"Founded by Mr. Kafeel Ahmed in 2000, Ahmed Al Maghribi Perfumes is a beacon of tradition and quality in the realm of Arabic fragrances. Our journey is deeply rooted in respect for our cultural heritage, dedicated to crafting scents that capture the essence of our region with the finest globally sourced ingredients. With over 180 branches across the GCC and a growing international presence, we have evolved the art of perfumery. While honoring traditional Arabic techniques, our innovative blends c",https://ahmedalmaghribi.co.in/cdn/shop/files/AhmedLogo.png?v=1770989347,Delhi,New Delhi,niwz1r-zv.myshopify.com,INR,Shopify business address in India; prices in INR; .in domain; Indian postal address on site; +91 phone number,Shopify business address,tranco
www.aina.in,AINA,care@aina.in,+918157005700,https://instagram.com/aina.india,https://facebook.com/tnsaina,,,,ethnic wear,"Aina is a story created over decades by crafting premium and versatile indigenous Indian wear, fit for women across all spheres. Aina lauds our culture, magnifies our roots, and celebrates the quintessential Indian experience of womanhood.",https://www.aina.in/cdn/shop/files/AINA_slim_vector_12f928f0-cd33-4f40-81aa-b6b0ed42a411.png?v=1687625068,Kerala,Kannur,aina-india.myshopify.com,INR,Shopify business address in India; prices in INR; .in domain; +91 phone number,Shopify business address,tranco
aishacreations.in,Aisha Creations,aishacreations7@gmail.com,+919871329977; +919289379977; +919289369977,,,,,,women's apparel,"Aisha Creations, established in 2016, is a prominent brand specializing in the sale of women’s fashion suits. Our business operates both offline and online, with a strong presence on our website and Instagram. We are dedicated to providing high-quality, stylish clothing options for women, catering to diverse tastes and preferences",https://aishacreations.in/cdn/shop/files/uboin.png?v=1706255240,Delhi,Delhi,a26372-4.myshopify.com,INR,Shopify business address in India; prices in INR; .in domain; Indian postal address on site; +91 phone number,Shopify business address,tranco
akaiindia.in,AKAI INDIA,akaicare@akaiindia.in,+919592100441; +918544840022,https://instagram.com/akai.india,https://facebook.com/akaiindia.in,,https://linkedin.com/company/akaiindia,https://youtube.com/@Akai-India,home & kitchen,"Buy AKAI Smart TVs, Audio & Home Appliances Online in India",https://akaiindia.in/cdn/shop/files/akai_logo.png,Punjab,Zirakpur,pfvyzn-ds.myshopify.com,INR,Shopify business address in India; prices in INR; .in domain; GSTIN on site; Indian postal address on site; +91 phone number,Shopify business address,tranco
www.alayacotton.in,Alaya Cotton,online@alayacotton.com,+918056760275,https://instagram.com/alayacotton,https://facebook.com/alayacotton.in,https://x.com/alaya_cotton,https://linkedin.com/company/alaya-cotton,https://youtube.com/@AlayaCotton,men's apparel,"Shop premium dhotis, cotton shirts & combos for men at Alaya® Cotton Official Store. Perfect for weddings & festivals. Fast delivery & COD available.",https://cdn.shopify.com/s/files/1/0642/1669/5004/files/Alaya_logo_22-07-2023.png?v=1753446767,Tamil Nadu,TIRUPPUR,alayacotton.myshopify.com,INR,Shopify business address in India; prices in INR; .in domain; Indian postal address on site; +91 phone number,Shopify business address,tranco
alba-watches.co.in,ALBA WATCHES INDIA,team@alba-watches.co.in; vickynwh1981@gmail.com; thakuranmolsingh007@gmail.com; packard.vinod@gmail.com; patialawatchco@gmail.com; rwh2622@gmail.com,+916366864492; +919999753533; +917510242424; +919892881780; +08662480916; +9059737544,https://instagram.com/albawatchesin,https://facebook.com/AlbaWatchesIN,,,https://youtube.com/channel/UCSyfYTGFF5mcJ-ULP6Nto0g,watches,An expression of Japanese elegance,https://alba-watches.co.in/cdn/shop/files/logo20.png?v=1614340115,Karnataka,Bengaluru,alba-watches.myshopify.com,INR,Shopify business address in India; prices in INR; .in domain; Indian postal address on site; +91 phone number,Shopify business address,tranco
allbelly.in,Allbelly,help@allbelly.in,+919712412616,,,,,,,,https://allbelly.in/cdn/shop/files/logo_2_74b320ae-ce33-4bda-a906-50148866946f.png?v=1759892289,Gujarat,Amreli,kt26xr-yq.myshopify.com,INR,Shopify business address in India; prices in INR; .in domain; Indian postal address on site; +91 phone number,Shopify business address,tranco
allmachinesmanual.com,All Machines Manual | Manuals At Best Price,equipmentrepairmanuals@gmail.com,+917307060003,https://instagram.com/allmachinesmanual,https://facebook.com/profile.php?id=61555496754377,,,https://youtube.com/@allmachinesmanual,,"Discover comprehensive manuals for all heavy machinery and equipment. Service, parts, and operator's manuals available in PDF format at unbeatable prices!",https://allmachinesmanual.com/cdn/shop/files/logo7.png?v=1704528536,Punjab,Ludhiana,9bbeeb-2.myshopify.com,USD,Shopify business address in India; Indian postal address on site; +91 phone number,Shopify business address,commoncrawl
www.allthatgrows.in,AllThatGrows,hello@allthatgrows.in; bulk@allthatgrows.in,+918544865077,https://instagram.com/allthatgrows.in,https://facebook.com/allthatgrows.in,,,https://youtube.com/channel/UC3hpRL1LYptLVya3esMYLfw,plants & gardening,Buy the best quality seeds online. Non-GMO and heirloom seeds. Get a free seed sample with every purchase. Free shipping on all orders above Rs 300.,https://www.allthatgrows.in/cdn/shop/files/logo-wh.png?v=1614755511,Chandigarh,Chandigarh,allthatgrows-in.myshopify.com,INR,Shopify business address in India; prices in INR; .in domain; +91 phone number,Shopify business address,tranco
almondhouse.com,Almond House,info@almondhouse.com,+919100005444; +919121241831; +919121241832; +919121241830; +919121241834; +919121241844,https://instagram.com/almondsforyou,https://facebook.com/AlmondHouse,https://twitter.com/almondsforyou,,,food & beverages,Your favorite South Indian dessert brand ships worldwide! Start Shopping now.,https://almondhouse.com/cdn/shop/files/AH_logo__1.png?v=1704892148,Telangana,Hyderabad,almond-house-india.myshopify.com,INR,Shopify business address in India; prices in INR; Indian postal address on site; +91 phone number,Shopify business address,commoncrawl
www.alphacases.in,Alpha Cases,help.alphacases@gmail.com,1800-890-6602,https://instagram.com/alpha.orignals,https://facebook.com/profile.php?id=61590805778012,,,,,,https://www.alphacases.in/cdn/shop/files/Alpha_cases_Logo-01.png?v=1786434719,Punjab,SAS Nagar,xmd92m-ku.myshopify.com,INR,Shopify business address in India; prices in INR; .in domain,Shopify business address,tranco
amalfa.in,Amalfa,care@amalfa.in,+918699970691; +918699977401,https://instagram.com/amalfa.in,https://facebook.com/amalfajewels,https://x.com/_amalfa_,https://linkedin.com/company/amalfa,https://youtube.com/@Amalfa.jewels,jewellery,"Shop Amalfa jewellery for women. Explore 18K gold plated, anti-tarnish necklaces, rings, earrings & bracelets for everyday luxury.",https://amalfa.in/cdn/shop/files/amalfalogo.png?v=1758090856,Haryana,Panchkula,e9ffa3.myshopify.com,INR,Shopify business address in India; prices in INR; .in domain; +91 phone number,Shopify business address,tranco
www.amama.in,Amama,marketing@amama.in; operations@amama.in; customercare@amama.in,+917982190341; +919315696316; +917982189951; +7982189981; +7982190311; +919818523953,https://instagram.com/amamajewels,https://facebook.com/amamaloves,,https://linkedin.com/company/amama-jewellery,https://youtube.com/@amama_jewels,jewellery,Shop handcrafted jewellery at best prices online at Amama. Check out our selection of 6000+ handcrafted jewellery for women and men. From daily wear to festive wear find jewellery for every occasion.,https://www.amama.in/cdn/shop/files/Group_1.png?v=1776098945,Uttar Pradesh,Noida,ammamma.myshopify.com,INR,Shopify business address in India; prices in INR; .in domain; Indian postal address on site; +91 phone number,Shopify business address,tranco
amazing-facts-india-bookstore.myshopify.com,Amazing Facts India Bookstore,bookstore@aftv.in,,https://instagram.com/amazingfacts.india,https://facebook.com/theamazingfactsindia,,,https://youtube.com/amazingfactsindia,books & stationery,"Buy Books Online and Study Guides at Amazing Facts India Book Store Amazing Facts Study Guides. our bestselling Bible lessons have already helped tens of thousands around the world discover the many vital, inspiring truths of the Bible and now it’s your turn.",https://amazing-facts-india-bookstore.myshopify.com/cdn/shop/files/AFI_Bookstore_Logo_96db9798-131c-4132-9fb1-9c562038ce1b.png?v=1618888713,Telangana,Banjara Hills,amazing-facts-india-bookstore.myshopify.com,INR,Shopify business address in India; prices in INR,Shopify business address,commoncrawl
americantourister.in,American Tourister,service@samsonite.com; customercare@quadrantconsumer.com; corporatesales.india@samsonite.com,+919370954059,https://instagram.com/amtouristerin,https://facebook.com/amtouristerin,,,https://youtube.com/@AmericantouristerIn,bags & accessories,"American Tourister is a well-known global luggage brand offering a range of travel products like suitcases, backpacks, and accessories. It's known for its affordable, durable, and stylish luggage, often characterized by vibrant designs and attention to detail.",https://americantourister.in/cdn/shop/files/615-2023_03_31-AT_Logo_200x50__1.webp?v=1742636999,Maharashtra,Mumbai,americantourister-store.myshopify.com,INR,Shopify business address in India; prices in INR; .in domain; +91 phone number,Shopify business address,tranco
amintiri.in,Amintiri,hello@amintiri.in,+917619312123,https://instagram.com/amintiriindia,https://facebook.com/amintiriindia,,,,food & beverages,Best Customized Cakes for all Occasions. Choose from the widest varieties of cakes Online. Freshly prepared cakes delivered anywhere in Bangalore | Amintiri,https://amintiri.in/cdn/shop/files/Amintiri-Logo-Gold_1_42ce7f28-cec7-4bb9-aba0-0bed19aaa98d.png?v=1685963299,Karnataka,Bengaluru,amintiristore.myshopify.com,INR,Shopify business address in India; prices in INR; .in domain; +91 phone number,Shopify business address,tranco
amioro.in,Amioro,support@amioro.in,+918595224460,https://instagram.com/amioro.in,https://facebook.com/amioro.in,,,,"jewellery, home decor","At amioro , we are proud to be your go-to destination for a wide range of products that cater to your every need. With over three years of experience in the e-commerce industry, we have served and delighted over 200,000 satisfied customers.",https://amioro.in/cdn/shop/files/website-logo_1.png?v=1709717878,Delhi,Delhi,amioro.myshopify.com,INR,Shopify business address in India; prices in INR; .in domain; GSTIN on site; Indian postal address on site; +91 phone number,Shopify business address,tranco
amrutam.co.in,Amrutam,support@amrutam.co.in,+919713171999,https://instagram.com/amrutamofficial,https://facebook.com/AmrutamOfficial,https://twitter.com/amrutamofficial,https://linkedin.com/company/amrutam-pharma,https://youtube.com/channel/UCZTlecy-WlwAh-ZZpv94PIQ,"health & nutrition, haircare","Explore Amrutam’s wide range of Ayurvedic products designed to enhance health and wellness for both women and men. From menstrual health to immune support, hair care, skin care - our natural formulations are crafted to restore balance and vitality. Embrace the power of Ayurveda for a healthier life.",https://amrutam.co.in/cdn/shop/files/only_text_Amrutam_Logo_in_Green-09_5580cc82-5bb1-43d6-9ed8-f5d51c04d1f8.png?v=1658129548,Madhya Pradesh,Gwalior,amrutam3.myshopify.com,INR,Shopify business address in India; prices in INR; .in domain; +91 phone number,Shopify business address,tranco
www.amukti.in,Amukti - The Women's Ethnic Fashion Store,trade@burntumberfashion.com,+918655630838; +918655630839,https://instagram.com/amuktifashion,https://facebook.com/amuktifashion,,,https://youtube.com/@amuktifashion,ethnic wear,Get Womens Kurta Online Shopping Available At Amukti. Wide Range Of Different Colours & Designs Customized. To Buy Womens Kurta Online Visit www.amukti.in,https://www.amukti.in/cdn/shop/files/Logo_for_site.png?v=1704520893,Maharashtra,Navi Mumbai,kkbkickass.myshopify.com,INR,Shopify business address in India; prices in INR; .in domain; +91 phone number,Shopify business address,tranco
www.anandsweets.in,Anand Sweets & Savouries,care@anandsweets.net,+916360758651; +919364087490; +918037002142; +918037002129; +918037002135; +918037002133,https://instagram.com/anandsweetsindia,https://facebook.com/anandsweetsindia,,https://linkedin.com/company/anandsweetsindia,,food & beverages,"Buy indian sweets online from one of South India's largest sweets' brands - Anand Sweets & Savouries. Freshly made, preservative-free, with Pan India & international shipping.",https://www.anandsweets.in/cdn/shop/files/logo.svg?v=1676482841,Karnataka,Bengaluru,anandsweet.myshopify.com,INR,Shopify business address in India; prices in INR; .in domain; Indian postal address on site; +91 phone number,Shopify business address,tranco
anarkalisuit.in,Anarkalisuit,help.anarkalisuit@gmail.com,+919909587612,https://instagram.com/anarkalisuit.in,https://facebook.com/people/Anarkalisuit/61555833264304,,,https://youtube.com/@anarkalisuit_Shop,ethnic wear,"Women Ethnic Wear - Explore the latest Anarkali Suit Set, Sharara & Palazzo Suit, Gown from our designs and look gorgeous. Elevate your Ethnic wear style with Anarkalisuit. | Cash On Delivery | Quality Products. Video Shopping | Free Cash On Delivery | 7 Days Exchange. Secure payments. Low price guarantee.",https://anarkalisuit.in/cdn/shop/files/ANARKALI-SUIT-FINAL-LOGO.png?v=1704099326,Gujarat,surat,f9a80e-2.myshopify.com,INR,Shopify business address in India; prices in INR; .in domain; Indian postal address on site; +91 phone number,Shopify business address,tranco
andees.co,Andees,info@andees.co,+919582329697,https://instagram.com/andeestea,https://facebook.com/profile.php?id=61561619886671,,https://linkedin.com/company/andeestea,https://youtube.com/@andeestea,food & beverages,Welcome To Andees,https://andees.co/cdn/shop/files/IMG_3787_e714bb52-2574-4f18-8b00-176660f18b1b.png?v=1726905285,Delhi,Delhi,76f4e4-bc.myshopify.com,INR,Shopify business address in India; prices in INR; Indian postal address on site; +91 phone number,Shopify business address,commoncrawl
andune.in,Andune,hello@andune.in,+7982554607,https://instagram.com/andune.official,,,,,footwear,Looking for Best Barefoot Training and Running Shoes in India? Check out Our Minimalist Running Shoes that are designed to help you achieve a natural and comfortable stride.,https://andune.in/cdn/shop/files/NDUN__1_-removebg-preview_3.png?v=1671862836,Delhi,New Delhi,andunenew.myshopify.com,INR,Shopify business address in India; prices in INR; .in domain,Shopify business address,tranco
animeal.in,Animeal,bark@animeal.in; bark@animeal.store,+919004157093; +919004575093; +919653469626,https://instagram.com/animeal.in,https://facebook.com/animeal.in,https://twitter.com/animeal_in,,,pet supplies,"Shop Goodman Pet Chemist for the best pet supplies ranging from pet food, medicines, & treats to litter etc. Now Shipping all over India.",https://animeal.in/cdn/shop/files/animeal-logo.png?v=1712209682,Maharashtra,Mumbai,animeal-store.myshopify.com,INR,Shopify business address in India; prices in INR; .in domain; Indian postal address on site; +91 phone number,Shopify business address,tranco
animemart.in,Animemart,support@animemart.in,+919118812445,https://instagram.com/animemart.in,https://facebook.com/animemartofficial,,,,mobile accessories,"Animemart is India’s new age anime fashion accessory store when it comes to choosing cool and trendy accessories for your mobile phones. It is a place where your expression becomes a reality. Initially starting with designer / printed phone-cases, pop-grippers and keychains we are planning to expand more products in our store in the coming days.",https://animemart.in/cdn/shop/files/Animemart_Website_Logo.png?v=1684514314,Uttar Pradesh,Lucknow,bhaukaalstore.myshopify.com,INR,Shopify business address in India; prices in INR; .in domain; +91 phone number,Shopify business address,tranco
antling.in,Antling - Curated Mom & Baby Store,support@antling.in,+917904401597,https://instagram.com/antling.india,https://facebook.com/antlingindiastore,,,https://youtube.com/@AntlingIndia,kids & baby,"Discover a world of cozy baby attire, engaging toys, and essential mom products at Antling. From charming newborn jablas to pure muslin receiving blankets, we're here to make every moment with your little one memorable! Explore our curated collection today.",https://antling.in/cdn/shop/files/Frame_2610.png?v=1709039990,Tamil Nadu,Tiruppur,c0102e-2.myshopify.com,INR,Shopify business address in India; prices in INR; .in domain; Indian postal address on site; +91 phone number,Shopify business address,tranco
www.apella.in,Apella,hello@apella.in,+916230116928,https://instagram.com/apella4u,https://facebook.com/apella4u,,,https://youtube.com/@apella4u,"ethnic wear, men's apparel","Shop plus size clothing online at Apella. Explore designer kurtas, dresses, bottom wear, co-ords & festive outfits in XS–10XL with custom fit for real body proportions.",https://cdn.shopify.com/s/files/1/0459/1429/2391/files/1756206145947-logo.png?v=1756206147,Himachal Pradesh,PAONTA SAHIB,www-apella-in.myshopify.com,INR,Shopify business address in India; prices in INR; .in domain; Indian postal address on site; +91 phone number,Shopify business address,tranco
aquaherbals.in,AquaHerbals,info@aquaherbals.in,+916204309505; +919155663607,https://instagram.com/aqua_herbals,,,,,health & nutrition,"Buy premium bhang goli online in India from AquaHerbals. Explore traditional Vijaya products including bhang goli, bhang powder, gummies, chocolates and herbal wellness products with secure ordering and fast delivery.",https://aquaherbals.in/cdn/shop/t/13/assets/logo.png?v=3199,Bihar,Patna,aquaherbals.myshopify.com,INR,Shopify business address in India; prices in INR; .in domain; Indian postal address on site; +91 phone number,Shopify business address,tranco
aqualogica.in,Aqualogica,care@aqualogica.in,,https://instagram.com/aqualogica.in,https://facebook.com/aqualogica.in,https://x.com/aqualogica,,https://youtube.com/channel/UCUq8lpm2Akn9thoGCMPWpCA,skincare,"Buy Aqualogica skin care products Up to 20% off use Code: GLOW20. One-step destination for skin hydration, give your skin a treat of fruits and actives.",https://aqualogica.in/cdn/shop/files/Aqualogica-logo-388x100_1.png?v=1704017114,Haryana,Gurugram,aqualogicaprod.myshopify.com,INR,Shopify business address in India; prices in INR; .in domain; Indian postal address on site,Shopify business address,tranco
arabianaroma.in,Arabian Aroma Perfumes ,support@arabianaroma.in,+919236354841,https://instagram.com/arabianaroma.in,https://facebook.com/ArabianAroma,,,https://youtube.com/@arabianaromaperfume,fragrances,"Shop Arabian Aroma’s online range of men’s, women’s and unisex perfumes, gifting combos and luxury-yet-affordable scents. India’s best online perfume brand.",https://arabianaroma.in/cdn/shop/files/Untitled_design_20.png?v=1723009418,Uttar Pradesh,Kanpur,c8aecb-e4.myshopify.com,INR,Shopify business address in India; prices in INR; .in domain; Indian postal address on site; +91 phone number,Shopify business address,tranco
www.arakucoffee.in,Araku Coffee India,customercare@arakuoriginals.com; business@arakuoriginals.com,+919000394000,https://instagram.com/arakucoffeein,https://facebook.com/arakucoffeein,https://twitter.com/arakucoffeein,,,food & beverages,"ARAKU is India’s first coffee to shape the complete seed-to-cup journey with flagships in Mumbai, Bangalore & Paris. It's the first terroir-mapped coffee to also champion the world’s largest certified organic plantation in the Eastern Ghats of India.",https://www.arakucoffee.in/cdn/shop/files/logo-araku.svg?v=1686736125,Karnataka,Bengaluru,araku-coffee-india.myshopify.com,INR,Shopify business address in India; prices in INR; .in domain; +91 phone number,Shopify business address,tranco
www.arata.in,Arata,info@arata.in; grc@arata.in; hr@arata.in; marketing@arata.in,1800-103-5572; +919310427282,https://instagram.com/arata.in,https://facebook.com/ArataZeroChemicals,https://twitter.com/arata_in,https://linkedin.com/company/aratahairandscalp,https://youtube.com/channel/UCbuKpT07bPUdLlg8m5TEiyQ,haircare,"Explore Arata's most trusted & dermat-approved haircare solutions for Indian hair. Shop for anti-dandruff shampoo, conditioner, hair growth serum, hair cream & more.",https://www.arata.in/cdn/shop/files/New-Arata-Black-Logo.svg?v=1773646538,Delhi,New Delhi,arata-zero-chemicals.myshopify.com,INR,Shopify business address in India; prices in INR; .in domain; Indian postal address on site; +91 phone number,Shopify business address,tranco
www.areoveda.in,AreoVeda,info@areoveda.in,1800-202-5255,https://instagram.com/areoveda,https://facebook.com/skincarewithareoveda,https://x.com/AreoVeda,,https://youtube.com/@areoveda,kids & baby,"India's Ecocert & EWG-verified pregnancy and baby skincare brand. Clinically tested, 98%+ natural. Shop stretch mark creams, baby creams & more",https://www.areoveda.in/cdn/shop/files/AV_Whitelogo-01-01_1e7a1eb3-5117-4136-abfe-ce01bff4996f.webp?v=1744371386,Tamil Nadu,chennai,1zz7rb-id.myshopify.com,INR,Shopify business address in India; prices in INR; .in domain; Indian postal address on site,Shopify business address,tranco
www.argoswatch.in,Argos Watches,support@argoswatch.in,+918490001436; +919228172045,https://instagram.com/argoswatch,https://facebook.com/argoswatch,https://twitter.com/ArgosWatches,,https://youtube.com/@argoswatch,watches,"Shop Argos automatic watches for men and women. Mechanical watches designed in India with Japanese Miyota movement, sapphire crystal, and lifetime warranty.",https://www.argoswatch.in/cdn/shop/files/argos_logo.svg?v=1728924719,Gujarat,Surat,argos-watches-india.myshopify.com,INR,Shopify business address in India; prices in INR; .in domain; +91 phone number,Shopify business address,tranco
arhandlooms.in,AR Handlooms,info@arhandlooms.in,,,,,,,ethnic wear,,https://cdn.shopify.com/static/images/flags/in.svg,Kerala,Thrissur,eiavqs-83.myshopify.com,INR,Shopify business address in India; prices in INR; .in domain; Indian postal address on site,Shopify business address,tranco
arifeaesthetics.co.in,Arife.Aesthetics,arifeaesthetics@gmail.com,+917977799718,,,,,,home decor,"Shop aesthetic packaging for candles, hampers & baking at Arife Aesthetics. Premium boxes, starter kits & gift packaging for small businesses across India.",https://arifeaesthetics.co.in/cdn/shop/files/Arife.png?v=1758478604,Maharashtra,Mumbai,arife-aesthetics.myshopify.com,INR,Shopify business address in India; prices in INR; .in domain; Indian postal address on site; +91 phone number,Shopify business address,tranco
arihantcreations.co.in,Arihant Creations,contact@arihantcreations.co.in,+919427319214,https://instagram.com/arihant.creations.st,https://facebook.com/arihantcreationssurat,,,https://youtube.com/@arihantcreationssurat,,"Arihant Creations: Leading manufacturer of high-quality digital printed fabrics, Discover premium designs at affordable prices.",https://arihantcreations.co.in/cdn/shop/files/Arihant_Creations_Logo_1c44ff04-3c61-4a06-aeb7-3804070b2efc.png?v=1754338829,Gujarat,Surat,mywscv-k5.myshopify.com,INR,Shopify business address in India; prices in INR; .in domain; Indian postal address on site; +91 phone number,Shopify business address,tranco
www.aristobrat.in,Aristobrat,wizards@aristobrat.in,+918884977008; +918861111098,https://instagram.com/aristobratindia,https://facebook.com/aristobratindia,https://twitter.com/aristobratindia,,,men's apparel,"We make clothes to look effortlessly smart by bringing versatile wardrobe essentials in colors and styles that can mix and match, to make your life easier. A permanent collection of zero-compromise pieces, their stories uncovered and told.",https://www.aristobrat.in/cdn/shop/t/154/assets/logo.png?v=107107,Karnataka,Bengaluru,spotshopindia.myshopify.com,INR,Shopify business address in India; prices in INR; .in domain; Indian postal address on site; +91 phone number,Shopify business address,tranco
aroka.in,Aroka,info@aroka.in; orders@aroka.in; careers@aroka.in,+918591034648; +918104962773; +918595753709; +919324300146,https://instagram.com/arokaofficial,https://facebook.com/arokaofficial,https://twitter.com/arokaofficial,,https://youtube.com/channel/UCStjwRraqKVo0cO_HC-heSA,women's apparel,"Experience luxury with purpose at Aroka. Elevate your style ethically with our sustainable fashion, embodying timeless elegance for the conscious consumer.",https://aroka.in/cdn/shop/files/Aroka_logo_white_-_High_res.png?v=1749465360,Maharashtra,Mumbai,aroka1.myshopify.com,INR,Shopify business address in India; prices in INR; .in domain; +91 phone number,Shopify business address,commoncrawl
arshis.in,Arshis ,arshiscustomercare@gmail.com,+918754856979,,,,,,jewellery,,https://arshis.in/cdn/shop/files/arshis-logo.svg?v=1718695312,Tamil Nadu,Thanjavur,2a4fcc-74.myshopify.com,INR,Shopify business address in India; prices in INR; .in domain; Indian postal address on site; +91 phone number,Shopify business address,tranco
www.artelora.com,ArtElora,,,https://instagram.com/artelora2022,https://facebook.com/profile.php?id=100083115759357,,,https://youtube.com/@ArtElora,art & craft supplies,"ArtElora is a Digital design file selling company in INDIA. We are selling Laser Cutting, Plasma cutting, engraving & Canvas Printing Design. File Format: DXF, EPS, .Ai, .CDR, .DXF, .DWG & .SVG.....",https://www.artelora.com/cdn/shop/files/ArtElora_logo_f34bc771-59c4-473e-8796-7fe8709989d0.jpg?v=1709457366,Gujarat,Rajkot,f100cf.myshopify.com,INR,Shopify business address in India; prices in INR,Shopify business address,commoncrawl
artstreet.in,ART STREET,helpdesk@artstreet.in; support@artstreet.in,+919711898229,https://instagram.com/artstreet.in,https://facebook.com/paintingmantra,,,https://youtube.com/channel/UCnlYPTgInLocy1uC78YXkRw,home decor,"Art Street leads India's home decor industry with unique designs in frames, paintings, mirrors, flowers, planters, vases, and more, offering quality & style.",https://artstreet.in/cdn/shop/files/Art_Street_New_Logo_8250840d-17a7-426b-ae43-0791c595fc0b.jpg?v=1628697366,Uttar Pradesh,Greater Noida,painiting-mantra.myshopify.com,INR,Shopify business address in India; prices in INR; .in domain; GSTIN on site; Indian postal address on site; +91 phone number,Shopify business address,tranco
aryacreation.in,ARYA CREATION,info.aryacreation@gmail.com,+919023721805,https://instagram.com/aryacreation_1,https://facebook.com/profile.php?id=61578008014027,,,,ethnic wear,"Welcome to Arya Creation , your trusted destination for designer women’s ethnic wear .",https://aryacreation.in/cdn/shop/files/ARYACREATION_LOGO-removebg-preview_bd461618-fd69-401b-b0d9-f3762038d3aa.png?v=1752299230,Gujarat,Surat,j2ciiw-pd.myshopify.com,INR,Shopify business address in India; prices in INR; .in domain; GSTIN on site; Indian postal address on site; +91 phone number,Shopify business address,tranco
ases.in,aseschem,ecom@ases.in,+919636889954; +916367075682,https://instagram.com/ases.chem,https://facebook.com/aseschemcosmetic,,https://linkedin.com/company/ases-chemical-works,,"makeup, food & beverages","ASES Chemical Works – trusted supplier of industrial, pharmaceutical, cosmetic & food-grade chemicals since 1942. Wholesale pricing, pan-India delivery from Jodhpur.",https://ases.in/cdn/shop/files/ASES_LOGO_NEW_big.png?v=1695991957,Rajasthan,Jodhpur,aseschem.myshopify.com,INR,Shopify business address in India; prices in INR; .in domain; Indian postal address on site; +91 phone number,Shopify business address,tranco
www.astore.in,astore.in,info@astore.in,+917006333370; +918899924105; +919595165000,,,,,,electronics & gadgets,"aStore.in | Online shopping site in India, Shop for Unique Gadgets, Mobile Phones, Antiques and more in India. Free Shipping & Cash on Delivery Available.",https://www.astore.in/cdn/shop/files/ChatGPT_Image_Feb_8_2026_04_03_28_PM_-_Edited.png?v=1770547248,Jammu and Kashmir,Pulwama,astore-in.myshopify.com,INR,Shopify business address in India; prices in INR; .in domain; Indian postal address on site; +91 phone number,Shopify business address,tranco
atcasa.co.in,ATCASA,care@atcasa.co.in; support@atcasa.co.in,+919403893966; +919082412560; +917718853918,https://instagram.com/atcasaofficial,,,,https://youtube.com/@ATCASA-india,"jewellery, mobile accessories","ATCASA offers premium phone cases, tech accessories, jewelry, and lifestyle must-haves. From custom cases to elegant add-ons, each piece is designed to reflect your vibe. Thoughtfully crafted. Made to stand out and built to last.",https://atcasa.co.in/cdn/shop/files/cropped-cropped-png-logo-2-2048x563-11-300x82.png?v=1722071178,Maharashtra,Mumbai,atcasa-india.myshopify.com,INR,Shopify business address in India; prices in INR; .in domain; +91 phone number,Shopify business address,tranco
atomicpharmacy.in,Atomic Pharmacy,support@atomicpharmacy.in,+917310101553,https://instagram.com/atomicpharmacy,https://facebook.com/atomicpharmacystore,,https://linkedin.com/in/dr-sneha-gupta-cosmetologist,https://youtube.com/@atomicpharmacy,"skincare, haircare","Shop skin & hair care products online at Atomic Pharmacy, including moisturizers, sunscreens, face washes, shampoos and other daily care products.",https://atomicpharmacy.in/cdn/shop/files/pharmacy_logo_f43b3fdc-65f8-4460-8dc7-015a207a799c.png?v=1752843208,Uttar Pradesh,Varanasi,27af08-2.myshopify.com,INR,Shopify business address in India; prices in INR; .in domain; Indian postal address on site; +91 phone number,Shopify business address,tranco
attrangi.in,Attrangi,support@attrangi.in,+918369737851,https://instagram.com/attrangi_designs,https://facebook.com/attrangidesigns,,,,jewellery,"Attrangi — where every look finds its jewellery. Shop India's finest artificial jewellery online. Handcrafted earrings, necklace sets, bangles, rings & bridal sets. Perfect for weddings, festivals & everyday elegance. Free shipping on prepaid orders. Mumbai, Chennai & Surat boutiques.",https://attrangi.in/cdn/shop/files/att_logo_new.png?v=1621072841,Maharashtra,Mumbai,attrangi1.myshopify.com,INR,Shopify business address in India; prices in INR; .in domain; Indian postal address on site; +91 phone number,Shopify business address,tranco
audiomaxx.in,Audiomaxx India,contact@audiomaxx.in; audiomaxxone@gmail.com,+919833567275; +919833447275,https://instagram.com/audiomaxxindia,https://facebook.com/AudioMaxxIndia,,,https://youtube.com/@audiomaxxindia,electronics & gadgets,"Audiomaxx India supplies premium home audio systems, featuring Yamaha amplifiers & subwoofers. As partners with top brands like JBL, Bose, Yamaha, Denon, Marantz, Pioneer, Onkyo & Bosch we offer India’s best home theatre systems at unbeatable prices. Located in Mumbai, we ensure high-quality sound at affordable rates.",https://audiomaxx.in/cdn/shop/t/16/assets/logo.png?v=8440,Maharashtra,Mumbai,audiomaxx.myshopify.com,INR,Shopify business address in India; prices in INR; .in domain; Indian postal address on site; +91 phone number,Shopify business address,tranco
autoglam.in,autoglam,info.autoglam@gmail.com,+919953582223; +919953583123; +919953585600,,,,,https://youtube.com/@glamretail,home decor,"Find premium car accessories online at Autoglam – India's top store for projector headlights, LED tail lights, fog DRLs, sporty spoilers, and stylish front grills. Upgrade your car with the latest accessories at unbeatable prices. Fast shipping & top quality guaranteed!",https://autoglam.in/cdn/shop/files/auto-glam-logo_small.png?v=1682416838,Delhi,Delhi,autoglam-1.myshopify.com,INR,Shopify business address in India; prices in INR; .in domain; +91 phone number,Shopify business address,tranco
autumnlane.in,AutumnLane Clothing,support@autumnlane.in,+917439656203; +918100014165,,,,,,women's apparel,Online Ethnic Store for Women,https://autumnlane.in/cdn/shop/files/Autumn-lane-logo-final-path_3d986b1c-e58a-4340-88ca-afdfb6dc2d03.png?v=1732880308,West Bengal,Kolkata,autumn-lane1.myshopify.com,INR,Shopify business address in India; prices in INR; .in domain; Indian postal address on site; +91 phone number,Shopify business address,tranco
avshack.in,AV Shack,,+919716848484; +919711626267,https://instagram.com/avshack_,https://facebook.com/avshackaudio,,,https://youtube.com/channel/UCuXEQYVoYJJ4ThRdYphRUww,electronics & gadgets,"AV Shack is India's leading online store for Home Theater, Projectors, Subwoofers, AV Receivers, Speakers, Soundbars, and Sound Systems. Shop for projectors, subwoofers, sound bars, speakers, and A/V receivers from top brands like Sony, Yamaha, and other popular home theater systems.",https://avshack.in/cdn/shop/files/letter_a_and_vlogo-ai_1.png?v=1700155476,Delhi,New Delhi,theatrewala.myshopify.com,INR,Shopify business address in India; prices in INR; .in domain; Indian postal address on site; +91 phone number,Shopify business address,tranco
avstore.in,AVStore,,+917385513456; +912041214040,https://instagram.com/avstore.in,https://facebook.com/AVStore.in,https://twitter.com/AVStoreIndia,https://linkedin.com/company/avstoreindia,https://youtube.com/channel/UC5J1GERpxSSDg8oTpNmNTYA,electronics & gadgets,AVStore is India’s leading online audio/video shopping site featuring the best home theatre and HiFi audio products.,https://avstore.in/cdn/shop/files/AVStore-Logo-White_288684e8-8911-4b0b-b3a3-fa65e068c9e1.png?v=1619172690,Maharashtra,Pune,avstore-in.myshopify.com,INR,Shopify business address in India; prices in INR; .in domain; +91 phone number,Shopify business address,tranco
aykaa.in,aykaa,support@aykaa.in,+917340672122,https://instagram.com/aykaa_jpr,,,,,ethnic wear,"aykaa — premium ethnic wear for women: designer suit sets, co-ord sets & occasion wear crafted in India. Free delivery, COD available & 5-day easy exchange.",https://aykaa.in/cdn/shop/files/logo.webp?v=1788858371,Rajasthan,Jaipur,aykaastore.myshopify.com,INR,Shopify business address in India; prices in INR; .in domain; GSTIN on site; +91 phone number,Shopify business address,tranco
b2bzone.in,B2BZONE,help@b2bzone.in,+918700230077,,,,,,women's apparel,"Shop wholesale gym wear & sportswear. Trackpants, tees & more at low prices from trusted manufacturers. Fast shipping. Best for retailers & resellers.",https://b2bzone.in/cdn/shop/files/b2b_logo013.png?v=1748518763,Delhi,Delhi,ah0d0f-zd.myshopify.com,INR,Shopify business address in India; prices in INR; .in domain; +91 phone number,Shopify business address,tranco
b3books.in,B3books,b3books333@gmail.com,+917400566066; +917770950950; +917583013339,https://instagram.com/b3books.in,https://facebook.com/b3books,,,https://youtube.com/channel/UCz5x6xBnvLRqhEvp6G5NOZg,books & stationery,"Buy MPPSC, NEET, UPSC & NCERT books in Indore from B3 Books. best prices, student discounts & two branches near you.",https://b3books.in/cdn/shop/files/B3_Logo_1.svg?v=1785484784,Madhya Pradesh,Indore,b3booksin.myshopify.com,INR,Shopify business address in India; prices in INR; .in domain; Indian postal address on site; +91 phone number,Shopify business address,tranco
babli.in,bAbli,support@babli.in,+919913419927,https://instagram.com/babli.in,https://facebook.com/babliahmedabad,,,https://youtube.com/@shopbabli,women's apparel,"Shop handwoven cotton dresses, tops & co-ord sets for women of all shapes & sizes. Breathable & stylish fashion, made in India - only at bAbli.",https://babli.in/cdn/shop/files/logo.png?v=1701265077,Gujarat,Ahmedabad,986f2c.myshopify.com,INR,Shopify business address in India; prices in INR; .in domain; Indian postal address on site; +91 phone number,Shopify business address,tranco
www.babyamore.in,BabyAmore,care@babyamore.in,+919697612222,https://instagram.com/babyamoreindia,https://facebook.com/babyamore.in,,,https://youtube.com/@babyamoreindia,kids & baby,"Shop for organic newborn baby products and mothercare products in India. Wide range of Diapers, Clothes and more ✓Free Shipping ✓COD options",https://www.babyamore.in/cdn/shop/files/BABYAMORE_LOGO_-_APP-04_1.jpg?v=1726591745,Tamil Nadu,Chennai,45ae96-0a.myshopify.com,INR,Shopify business address in India; prices in INR; .in domain; Indian postal address on site; +91 phone number,Shopify business address,tranco
babyhug.in,Babyhug,,,https://instagram.com/babyhug,https://facebook.com/babyhug,,,https://youtube.com/@babyhugshopping,kids & baby,"Babyhug: India's Largest Brand for Newborns, Babies & Kids Products. Browse the extensive range of Clothes, Baby Gear, Nursery, Diapering, Toys and much more!",https://babyhug.in/cdn/shop/files/logo.png?v=1776228215,Maharashtra,Pune,bgjm1w-i2.myshopify.com,INR,Shopify business address in India; prices in INR; .in domain,Shopify business address,tranco
backdropindia.in,backdropindia,info@backdropindia.in,+919328083099,https://instagram.com/backdropindia.in,https://facebook.com/profile.php?id=61577286282734,https://x.com/BACKDROPINDIA,,https://youtube.com/@backdropindia.in1,kids & baby,"Buy Fabric printed photography backdrops online. Explore a wide range of photoshoot backdrop designs for studios, salons, boutiques, maternity shoots, weddings & festive decor. Seamless backdrops with no joints & fast delivery across India.",https://backdropindia.in/cdn/shop/files/backdropindia_logo_jpg.jpg?v=1764048434,Gujarat,Surat,backdropindia.myshopify.com,INR,Shopify business address in India; prices in INR; .in domain; GSTIN on site; Indian postal address on site; +91 phone number,Shopify business address,tranco
baidyanath.co.in,Baidyanath  | Official Website | Ayurveda Since 1917,contact@baidyanath.co.in; orders@baidyanath.co.in,1800-102-8384,,,,,,health & nutrition,"Years before human beings started learning about the existence of sciences, much before some other kind of medication could even be imagined, one control of life science had advanced into a total treatment on prevention and fix of human components.",https://baidyanath.co.in/cdn/shop/files/baid_logo.png?v=1763549379,Uttar Pradesh,Jhansi,baidyanath-jhansi.myshopify.com,INR,Shopify business address in India; prices in INR; .in domain; Indian postal address on site,Shopify business address,tranco
bananaclub.co.in,Banana Club In Vogue Pvt Ltd,customercare@bananaclub.co.in,+919364098298; +916363802383,https://instagram.com/_banana_club,https://facebook.com/bananaclubstore,,https://linkedin.com/company/banana-club-invogue,https://youtube.com/channel/UC_pjOZCvBV8eta0j74ihG_g,men's apparel,Explore affordable men's clothing at Banana Club for the ultimate style upgrade. Get all the latest fashion essentials at 30-50% discount with us. Buy now,https://bananaclub.co.in/cdn/shop/files/banana-club.png?v=1681805284,Karnataka,Bengaluru,bananaclub-3.myshopify.com,INR,Shopify business address in India; prices in INR; .in domain; Indian postal address on site; +91 phone number,Shopify business address,tranco
www.banarasee.in,Banarasee,buyatbanarasee@gmail.com,+917755001985,https://instagram.com/buyatbanarasee,https://facebook.com/banarasee,,,https://youtube.com/@_banarasee,ethnic wear,"Shop online for banarasi sari, banarasi pure silk, bridal saree,beautiful bridal lehenga, sari, designer, dupatta, suit, chaniya choli - Buy Banarasi Online",https://www.banarasee.in/cdn/shop/files/banarasee_logo.png?v=1680148862,Uttar Pradesh,Varanasi,banarasee.myshopify.com,INR,Shopify business address in India; prices in INR; .in domain; Indian postal address on site; +91 phone number,Shopify business address,tranco
banarasivastra.com,Banarasi Vastra,info@banarasivastra.com,+919140071651,https://instagram.com/banarasivastra,https://facebook.com/banarasivastra,https://twitter.com/BanarasiVastra,,,"ethnic wear, home decor","Shop online Banarasi Dupattas, Sarees, Saris, Indian Long Stole, Brocade Fabrics, Bags, Cushion Cover, Table Covers, Home Decor online. ✓ Worldwide Shipping✓Shop Now!",https://banarasivastra.com/cdn/shop/files/Banarasi_Vastra_Transprent_logo.png?v=1760632304,Uttar Pradesh,Varanasi,banarasi-vastra.myshopify.com,INR,Shopify business address in India; prices in INR; Indian postal address on site; +91 phone number,Shopify business address,commoncrawl
www.bangalorewatchco.in,Bangalore Watch Company™,hello@bangalorewatchco.in; pr@bangalorewatchco.in; biz@bangalorewatchco.in,+919980081635,https://instagram.com/bangalorewatchco,https://facebook.com/bangalorewatchco,,https://linkedin.com/company/bangalorewatchco,https://youtube.com/channel/UCw70RCTSc4G0KOZZYanSzyA,watches,"World-class automatic watches designed and assembled in Bangalore. Wear a conversation piece, wear a piece of home!",https://www.bangalorewatchco.in/cdn/shop/files/Bangalore_Logo_Color_Positive_PNG_RGB.png?v=1614351635,Karnataka,Bangalore,bangalore-watch-company.myshopify.com,INR,Shopify business address in India; prices in INR; .in domain; +91 phone number,Shopify business address,tranco
banjaaran.in,Banjaaran Studio,studio@banjaaran.in; karanveer@banjaaran.in; mehandee@banjaaran.in; meera@banjaaran.in,+919999474819,https://instagram.com/banjaaran,https://facebook.com/banjaaran.diaries,,https://linkedin.com/company/banjaaran,https://youtube.com/@banjaaranstudio,footwear,"Banjaaran Studio is a shoe brand primarily fosuced on manufacturing and retailing handcrafted premium designer footwear for both men and women. With 100% in-house production, Banjaaran Studio offers a wide variety of footwear like slipons, sneakers, brogues and high-tops with express delivery in india. COD Available.",https://banjaaran.in/cdn/shop/files/BANJAARAN_STUDIO_1-removebg-preview.png?v=1732703260,Haryana,Faridabad,banjaaranindia.myshopify.com,INR,Shopify business address in India; prices in INR; .in domain; +91 phone number,Shopify business address,tranco
www.basata.co.in,Basata,care@basata.co.in,+919625324106,https://instagram.com/thebasata,https://facebook.com/thebasata,,,,apparel,,https://www.basata.co.in/cdn/shop/files/BASATA_LOGO.png?v=1731094812,Uttar Pradesh,Noida,b1d859.myshopify.com,INR,Shopify business address in India; prices in INR; .in domain; +91 phone number,Shopify business address,tranco
bathkart.in,bathkart.in,contact@bathkart.in; contact@bahtkart.in,+7700998513; +917700998513,,,,,,home & kitchen,"We are a team of passionate individuals who understand the significance of a well-designed bathroom. With years of experience in the industry, we have carefully handpicked the finest bathroom fixtures and fittings from leading brands across the globe.",https://bathkart.in/cdn/shop/files/Bathkart_Logo.png?v=1692543640,Maharashtra,Mumbai,bathkart-in.myshopify.com,INR,Shopify business address in India; prices in INR; .in domain; +91 phone number,Shopify business address,tranco
baybee.co.in,Baybee India,care@baybee.co.in; socialmedia@baybee.co.in; bulkorders@baybee.co.in; bdm@galaxyinc.in,+8015527083; +918015527083; +917520444000,https://instagram.com/baybee.india,https://facebook.com/profile.php?id=100094192320131,https://x.com/Baybee_IN,https://linkedin.com/company/baybee,https://youtube.com/@baybee_india,"kids & baby, toys & games","Shop India's #1 baby brand — strollers, high chairs, ride-ons, cribs & more. 1 Million+ happy parents. Certified, safety-tested products. Free shipping. Shop now!",https://baybee.co.in/cdn/shop/files/Baybee_logo_1.png?v=1768816330,Tamil Nadu,Chennai,baybee-kids.myshopify.com,INR,Shopify business address in India; prices in INR; .in domain; Indian postal address on site; +91 phone number,Shopify business address,tranco
www.bazaari.in,bazaari.in,support@bazaari.in,+919660833333,,,,,,health & nutrition,"We are dedicated to providing high-quality products at unbeatable prices. As a DS store ,we source a wide range of products, including fashion, health & wellness, home essentials, and lifestyle accessories, to cater to your everyday needs.",https://www.bazaari.in/cdn/shop/files/ShopBag_500_x_200_px.png?v=1736838893,Rajasthan,Beawar,f3c95f-ac.myshopify.com,INR,Shopify business address in India; prices in INR; .in domain; +91 phone number,Shopify business address,tranco
beardo.in,Beardo India,support@beardo.in,+917435000861; +917818000555,https://instagram.com/beardoofficial,https://facebook.com/beardoofficial,https://twitter.com/beardoofficial,https://linkedin.com/company/beardo,https://youtube.com/c/BeardoOfficial,"men's grooming, fragrances","India's #1 men's grooming brand. Shop beard oils, growth serums, face washes, fragrances & more. Free shipping on orders above Rs. 499. Shop now.",https://beardo.in/cdn/shop/files/beardo_logo_white_png_1.png,Gujarat,Ahmedabad,beardo-ind.myshopify.com,INR,Shopify business address in India; prices in INR; .in domain; +91 phone number,Shopify business address,tranco
bearhugs.in,Bear Hugs,care@bearhugs.in,+918009656888; +918004241888,https://instagram.com/shopatbearhugs,https://facebook.com/shopatbearhugs,,,https://youtube.com/@shopatbearhugs,toys & games,"Discover trendy gadgets, adorable toys and figurines, quirky games, kawaii stationery, fancy bags, stylish jewelry and more at My Bear Hugs®! Shop without any worry for latest items & globally trending novelty products today!",https://bearhugs.in/cdn/shop/files/Bear_Hugs_Logo.png?v=1725953675,Uttar Pradesh,Fatehpur,ed6d9c-3.myshopify.com,INR,Shopify business address in India; prices in INR; .in domain; GSTIN on site; +91 phone number,Shopify business address,tranco
beastlife.in,Beastlife,care@beastlife.in,+919599398998,https://instagram.com/beastlife.india,https://facebook.com/fitmuscleTV,,https://linkedin.com/company/beastlife,https://youtube.com/@BeastLife-India,health & nutrition,India’s trusted brand for premium sports nutrition and bodybuilding supplements. Shop 100% authentic products today and fuel your fitness journey with Beast Life!,https://cdn.shopify.com/s/files/1/0690/7723/7977/files/Logo_BLACK.png?v=1715307205,Haryana,Gurugram,beastlife-dev.myshopify.com,INR,Shopify business address in India; prices in INR; .in domain; Indian postal address on site; +91 phone number,Shopify business address,tranco
beautywise.in,Beautywiseshop,customercare@beautywise.in,+919810988888,https://instagram.com/beautywiseskinfood,https://facebook.com/beautywiseskinfood,,,https://youtube.com/channel/UCAMOTQ0o0nrT2J3ZxEMnKTw,health & nutrition,Buy BEAUTYWISE Health & Well-being online at best prices frombeautywise.in. Shop for 100% genuine BEAUTYWISE Health & Well-being with ✓ Free Shipping ✓ COD options available ✓ Prices start from ₹ 1499.,https://beautywise.in/cdn/shop/files/Untitled_design_49.png?v=1715352094,Delhi,New Delhi,beautywiseshop.myshopify.com,INR,Shopify business address in India; prices in INR; .in domain; +91 phone number,Shopify business address,tranco
bergnerhome.in,Bergner Home,customercare@bergner.in; info@bergner.in,+917909777333; 1800-121-2206,https://instagram.com/bergnerindia,https://facebook.com/bergnerindia,https://x.com/BergnerIndia,https://linkedin.com/company/bergner-impex-india-private-limited,https://youtube.com/@BergnerIndia_Cookware,home & kitchen,"Shop Bergner's premium Tri-ply stainless steel cookware, toxin-free non-stick, and durable cast iron essentials for healthy cooking.",https://bergnerhome.in/cdn/shop/files/BergnerLogo.png?v=1715693196,Maharashtra,Mumbai,bergnerhome.myshopify.com,INR,Shopify business address in India; prices in INR; .in domain; +91 phone number,Shopify business address,tranco
www.best4pets.in,Best4Pets,support@best4pets.in; best4pets.in@gmail.com,+918310197699,https://instagram.com/aquarium_fish_delivered_home,https://facebook.com/www.best4pets.in,,,https://youtube.com/@best4pets1,"pet supplies, plants & gardening","Discover top-quality best aquarium fish, aquariums, fish food, aquarium plants, pet food, accessories, and grooming essentials at Best4Pets. Shop our wide range of products for fish, dogs, cats, birds, and more. Enjoy fast delivery, unbeatable prices, and expert advice for your pet's health and happiness.",https://www.best4pets.in/cdn/shop/files/848_best4pets_LOGO_SP-03.png?v=1672019876,Karnataka,Bangalore,india-gills.myshopify.com,INR,Shopify business address in India; prices in INR; .in domain; +91 phone number,Shopify business address,tranco
bestic.in,Bestic,care@bestic.in,,,,,,,"skincare, home & kitchen",,https://bestic.in/cdn/shop/files/Screenshot_2023-03-26_183841_1_2_1.png?v=1679989152,Gujarat,Jamnagar,neoshop-4435.myshopify.com,INR,Shopify business address in India; prices in INR; .in domain,Shopify business address,tranco
www.betterbee.in,Better Bee,betterbeeclothing@gmail.com,,,,,,,"kids & baby, apparel",,https://www.betterbee.in/cdn/shop/files/WhatsApp_Image_2024-11-10_at_23.18.11_ea79621f.jpg?v=1731261180,Tamil Nadu,Tirupur,ush6n4-ff.myshopify.com,INR,Shopify business address in India; prices in INR; .in domain,Shopify business address,tranco
betterherbs.co.in,Better Herbs,hi@betterherbs.co.in,+919625212855,https://instagram.com/betterherbs.in,,,,,"kids & baby, health & nutrition","Plant-based, No Sugar, No Preservative nutrition powered by science & herbs. Loved by 50K+ Moms. Better health for moms, kids & beyond — because you deserve better.",https://betterherbs.co.in/cdn/shop/files/better_herbs_logo_TRANSPARENT_172e3860-42c7-4d45-9974-3ba9bb91bc36.png?v=1750181432,Uttar Pradesh,Hapur,trick-or-treat-shop.myshopify.com,INR,Shopify business address in India; prices in INR; .in domain; Indian postal address on site; +91 phone number,Shopify business address,tranco
beyondappliances.in,BYONDNXT SMART HOME PRIVATE LIMITED,escalation@beyondappliances.in,+918050373543; +918043628278; +918043628277; +917625064043; +918105208433,https://instagram.com/be_beyondappliances,https://facebook.com/beyondappliances,,https://linkedin.com/company/beyond-appliances,https://youtube.com/@BeyondAppliances,home & kitchen,"Beyond Appliances offers premium smart home appliances designed for modern living. Explore gas stoves, chimneys & more with trusted quality and innovation",https://beyondappliances.in/cdn/shop/files/White_Logo.png?v=1771233659,Karnataka,Bengaluru,beyondappliance.myshopify.com,INR,Shopify business address in India; prices in INR; .in domain; +91 phone number,Shopify business address,tranco
www.beyours.in,Beyours,support@beyours.in,+917014867167; +919484951324,https://instagram.com/beyours_in,https://facebook.com/beyours.in,https://twitter.com/Beyours_in,,https://youtube.com/@beyours_in,apparel,"Shop timeless style with Beyours. Explore high-quality shirts, pants, and everyday essentials—crafted for comfort, function, and effortless elegance.",https://www.beyours.in/cdn/shop/files/BEYOURS_LOGO_LEXAN_DECA-01.png?v=1694412657,Delhi,NEW DELHI,beyours-india.myshopify.com,INR,Shopify business address in India; prices in INR; .in domain; Indian postal address on site; +91 phone number,Shopify business address,tranco
www.bharatwholesales.in,Bharat Wholesales,info@bharatwholesales.in; %20info@bharatwholesales.in,+919953105310; +918878828428,https://instagram.com/bharatwholesales.in,https://facebook.com/BharatWholesales.in,,,,"home decor, furniture",India’s largest wholesale decor store for all your decor needs. “Discount” is not in our dictionary. We offer only no-regret wholesale prices. Currently operating from New Delhi in India.,https://www.bharatwholesales.in/cdn/shop/files/Logo_Gold.png?v=1658658943,Delhi,NEW DELHI,bharat-wholesales.myshopify.com,INR,Shopify business address in India; prices in INR; .in domain; Indian postal address on site; +91 phone number,Shopify business address,tranco
bhatnbhat.in,BhatnBhat,bhatnbhat98@gmail.com,+916282724328,https://instagram.com/bhatnbhat98,https://facebook.com/bhatnbhat98,,,https://youtube.com/@BhatnBhat,food & beverages,"Bhat ‘n’ Bhat has evolved into a household brand, and we are excited to launch our new line of high-quality homemade products. Experience the authentic flavours of our products, prepared with traditional recipes handed down through generations.",https://bhatnbhat.in/cdn/shop/files/logo_48363b24-d778-4b03-8165-4abd19079eab.png?v=1764607294,Kerala,Kasaragod,5bc05d-c2.myshopify.com,INR,Shopify business address in India; prices in INR; .in domain; GSTIN on site; +91 phone number,Shopify business address,tranco
www.bhavanahandlooms.in,Bhavana Handlooms,support@bhavanahandlooms.in,+918341644907,https://instagram.com/mana.handloomsarees,,,,https://youtube.com/channel/UCRfnNHmxkXT-_JnpnJwZ2SQ,"ethnic wear, women's apparel","Buy premium cotton dresses, handloom frocks, ethnic wear, and designer collections at Bhavana Handlooms. Quality handcrafted dresses for women. Best in Quality Reasonable Prices.",https://cdn.shopify.com/s/files/1/0626/1899/2822/files/Original_logo.png?v=1784034429,Andhra Pradesh,Chilakaluripet ,bhavana-handlooms.myshopify.com,INR,Shopify business address in India; prices in INR; .in domain; GSTIN on site; +91 phone number,Shopify business address,tranco
bighello.in,Big Hello,support@bighello.in,1800-570-5566,https://instagram.com/bighello_,https://facebook.com/people/Big-Hello/100094541523493,https://twitter.com/BigHello_,,,apparel,Plus Size Clothing for Men & Women I Offering sizes up to 7XL,https://bighello.in/cdn/shop/files/BH-logo1.png?v=1699509755,Karnataka,Bangalore,99f73d.myshopify.com,INR,Shopify business address in India; prices in INR; .in domain,Shopify business address,tranco
www.bigsmall.in,Bigsmall.in,support@bigsmall.in; corporate@bigsmall.in,+911166763875,https://instagram.com/bigsmall.in,https://facebook.com/thebigsmallstore,https://x.com/bigsmallstore,,https://youtube.com/channel/UCE3VbyxBbcr_zbFUt7B-WOA,"electronics & gadgets, home decor","Bigsmall is known for its special and unique gift collections in India. Explore the best gifts for birthdays, anniversaries, or corporate gifting. Free On-time Delivery!",https://www.bigsmall.in/cdn/shop/files/bigsmall_logo-dsk.png?v=1725185762,Delhi,Delhi,bigsmall-in.myshopify.com,INR,Shopify business address in India; prices in INR; .in domain; Indian postal address on site; +91 phone number,Shopify business address,tranco
bikeboostindia.in,Bike Boost India,bikeboostindia@gmail.com,+918479827199,https://instagram.com/bikeboost.india,,,,https://youtube.com/@infinityriderzz,sports & fitness,"Shop premium MTB parts, stunt components, drivetrains, brakes, wheels and bicycle accessories online across India. Rider-owned, quality checked, fast shipping and trusted support.",https://bikeboostindia.in/cdn/shop/files/IMG_2414.png?v=1781294510,West Bengal,Kolkata,tdr0kb-01.myshopify.com,INR,Shopify business address in India; prices in INR; .in domain; +91 phone number,Shopify business address,tranco
bikedilwado.in,BikeDilwado,info@bikedilwado.in,+917985611859; +917303845093; +918796040349,https://instagram.com/bikedilwado,https://facebook.com/bikedilwado.in,https://x.com/bikedilwado,https://linkedin.com/company/bikedilwado,https://youtube.com/@bikedilwado,automotive,"Buy certified second-hand bikes in Gurgaon & Dwarka Delhi. 250+ verified Honda, Royal Enfield, Yamaha, Bajaj & TVS — 107-point inspected, free 6-month warranty, RC transfer & doorstep delivery. Call 7985611859",https://cdn.shopify.com/s/files/1/0620/3188/8426/files/1752682548184-bikedilwado-new.png?v=1752682550,Haryana,Gurugram,bike-dilado.myshopify.com,INR,Shopify business address in India; prices in INR; .in domain; Indian postal address on site; +91 phone number,Shopify business address,tranco
bikespares.in,Bike Spares,sales@bikespares.in,+917042230367; +918800661116,,,,,,automotive,"Bike Spares is your one stop solution for best quality spare parts like Body Parts, Accessories, Braking, Engine, Fuel Tanks, Helmets, Electrical Parts And More",https://bikespares.in/cdn/shop/files/BIKE-02_400x_2_400x_daff2ca1-fafa-4a1c-b8fd-d3cb06197bdd_small.png?v=1688475238,Uttar Pradesh,Noida,d72381.myshopify.com,INR,Shopify business address in India; prices in INR; .in domain; Indian postal address on site; +91 phone number,Shopify business address,tranco
www.binni.co.in,BINNI,support@binniswardrobe.com,+919136998895,https://instagram.com/binniswardrobe,https://facebook.com/BinnisWardrobe,,,https://youtube.com/@BinnisWardrobe,jewellery,"BINNI’s thoughtfully designed premium handcrafted timeless jewellery – bold, elegant & versatile pieces crafted to elevate every style, every day.",https://www.binni.co.in/cdn/shop/files/BINNI_Serif_logo_-_white_png-modified.png?v=1765518293,Maharashtra,Mumbai,binniswardrobe.myshopify.com,INR,Shopify business address in India; prices in INR; .in domain; +91 phone number,Shopify business address,tranco
www.birkenstock.in,BIRKENSTOCK,customercare-india@birkenstock.com; hq.escalation@birkenstock.com,+919717111774,https://instagram.com/birkenstockin,https://facebook.com/BirkenstockIN,,,https://youtube.com/channel/UCsDtI51c5Ieo3GNKDK9v-6A,footwear,"Explore stylish sandals, clogs, slides and everyday essentials, Step into timeless comfort and craftsmanship. Shop the full collection online at BIRKENSTOCK.",https://cdn.shopify.com/s/files/1/0140/6042/1206/files/birkenstock-logo-blue_1.png,Maharashtra,Bhiwandi,birkenstock-india.myshopify.com,INR,Shopify business address in India; prices in INR; .in domain; +91 phone number,Shopify business address,tranco
bkhorganics.in,BKH Organics,bkhorganics@gmail.com,+918062524465; +8062524465; +919688073726,https://instagram.com/bkhorganics,https://facebook.com/bkhorganics,,,https://youtube.com/@BKHOrganics,"health & nutrition, skincare","BKH Organics offers handmade herbal soaps and natural products made with traditional care. 100% chemical-free, eco-friendly, and crafted with grandma’s love. Explore Kuppaimeni soap and other herbal skin care essentials 100% natural, handmade, and safe for all skin types. chemical-free, eco-friendly, and crafted.",https://bkhorganics.in/cdn/shop/files/BKH_Organics_Logo-1.png?v=1750056320,Tamil Nadu,Kanchipuram,zyiq5n-xe.myshopify.com,INR,Shopify business address in India; prices in INR; .in domain; GSTIN on site; +91 phone number,Shopify business address,tranco
www.blackbeastnutrition.in,BLACKBEAST NUTRITION,care@blackbeastnutrition.in,+919588358263; +919518603563,https://instagram.com/blackbeast.nutrition,https://facebook.com/people/BlackBeast/100085578145039,,,https://youtube.com/@BLACKBEASTNUTRITION-bb6ih,health & nutrition,"Premium Range of Quality Body Building Supplements by Black Beast. Black Beast Sports Nutrition Supplements are Safe, Authentic & caters to all bodybuilding needs.",https://www.blackbeastnutrition.in/cdn/shop/files/BLACK_BEAST_INSANE_LOGO.png?v=1663508348,Haryana,Jagadhri,iambeast-6399.myshopify.com,INR,Shopify business address in India; prices in INR; .in domain; Indian postal address on site; +91 phone number,Shopify business address,tranco
blendjet.in,BlendJet India,support@blendjet.in,,https://instagram.com/BlendJet,https://facebook.com/BlendJet,https://twitter.com/BlendJet,,https://youtube.com/channel/UCYCxpRsXpNh2REeyATMo_8w,bags & accessories,The BlendJet 2 portable blender packs big blender power on the go. It crushes ice or almost anything. It even cleans itself. It's USB-C rechargeable and water-resistant too. Get your BlendJet 2 today!,https://blendjet.in/fast-image/h_60/blendjet-in/files/Yahoo-News_feeb6d82-dc85-4043-ac2e-a66acf348f5e.png?v=1686591622,Maharashtra,मुंबई,blendjet-india.myshopify.com,INR,Shopify business address in India; prices in INR; .in domain,Shopify business address,tranco
blingbag.co.in,Bling Bag,,,https://instagram.com/theblingbag,https://facebook.com/theblingbag,,,https://youtube.com/@BlingBagOfficial,jewellery,"Bling Bag offers premium quality and unique Bollywood Jewellery to keep your style statement trendy and high! Light Weight, Affordable Jewels which do not turn black. We offer a range of 40+ shades to Jewellery over 1000 designs to ensure that you find the right style and closest matching color for any of our outfits!",https://cdn.shopify.com/s/files/1/2138/9743/files/Blingbag_logo.png?v=1768297117,Maharashtra,Mumbai,theblingbag.myshopify.com,INR,Shopify business address in India; prices in INR; .in domain,Shopify business address,tranco
blingqueen.in,BLING QUEEN,support@blingqueen.in,,https://instagram.com/blingqueen_shop,https://facebook.com/blingqueenshop,https://twitter.com/blingqueenshop,,https://youtube.com/channel/UCoEmrMl-S6ntMy-RPJ5D5bA,jewellery,"Shop fashion jewellery online in India at Bling Queen. Discover stylish women’s and men’s jewellery, artificial jewellery, imitation jewellery, necklaces, chains, bracelets, bangles, earrings, rings, belts and gifting picks for everyday wear and special occasions. Enjoy elegant designs with free delivery on all orders.",https://blingqueen.in/cdn/shop/files/Bling_Queen_-_High_Res_Logo_-_PNG.png?v=1632370973,Tamil Nadu,Chennai,blingqueen-in.myshopify.com,INR,Shopify business address in India; prices in INR; .in domain; GSTIN on site; Indian postal address on site,Shopify business address,tranco
blingstrax.in,Blingstrax,blingstrax@gmail.com,+919315937472,https://instagram.com/blingstrax,https://facebook.com/profile.php?id=61557692038138,,,,jewellery,"Order our affordable, trendy anti-tarnish 18k gold stainless steel jewelry at Blingstrax. Discover long-lasting luxury pieces designed for everyday life style.",output/logos/blingstrax.in.svg,Uttar Pradesh,Noida,blingstrax.myshopify.com,INR,Shopify business address in India; prices in INR; .in domain; Indian postal address on site; +91 phone number,Shopify business address,tranco
blink-basket.in,Blink Basket,help@blink-basket.in; %20help@blink-basket.in,+919873462891,,,,,,"home & kitchen, bags & accessories","Blink Basket is an online retail store created to offer practical, everyday products that support home organization, personal convenience, and daily use. Our focus is on identifying useful items that solve common problems and presenting them through a simple, transparent online shopping experience.",https://blink-basket.in/cdn/shop/files/Blinkbasket_Logo_2_ee380311-b201-43e5-aa21-b0dbe71bd277.png?v=1768154083,Delhi,New Delhi,y3at00-9n.myshopify.com,INR,Shopify business address in India; prices in INR; .in domain; Indian postal address on site; +91 phone number,Shopify business address,tranco
www.blissnatural.in,Green Delight Innovations Pvt. Ltd.,support@blissnatural.in; sales.blissnatural@gmail.com,+919443016770,https://instagram.com/blisspads,https://facebook.com/blissnapkins,https://twitter.com/blisspads,https://linkedin.com/company/blissnatural,https://youtube.com/channel/UC6naJOi6Gv_U2bJxqxqXyOw,"health & nutrition, kids & baby",Shop Bliss Natural feminine hygiene products made for comfort and assurance. Try Bliss Natural to find gentle and efficient solutions designed specifically for the requirements of women.,https://www.blissnatural.in/cdn/shop/files/bliss_logo-01.svg?v=1688136702,Tamil Nadu,Coimbatore,bliss-natural-7106.myshopify.com,INR,Shopify business address in India; prices in INR; .in domain; +91 phone number,Shopify business address,tranco
bloomica.in,Bloomica,,+918438797723,https://instagram.com/bloomica.in,https://facebook.com/profile.php?id=61578567776132,,,https://youtube.com/@Bloomica,plants & gardening,"Shop premium quality seeds and live plants at Bloomica. From fruit plants to flower seeds, grow your garden with confidence and care.",https://bloomica.in/cdn/shop/files/Bloomica_Logo.png?v=1752611724,Tamil Nadu,Marthandam,k4nt1i-bi.myshopify.com,INR,Shopify business address in India; prices in INR; .in domain; +91 phone number,Shopify business address,tranco
bluebuddha.co.in,Blue Buddha,ecomm@bluebuddharetail.com; wecare@bluebuddharetail.com,+917600013921,https://instagram.com/bebluebuddha,https://facebook.com/@bebluebuddha,https://x.com/bebluebuddha,,https://youtube.com/@BEBLUEBUDDHA,men's apparel,"Blue Buddha – India’s leading online fashion brand for men.
Shop denims, shirts, kurtas, trousers, T-shirts, cargos, formal wear & more.
Shop online today.",https://bluebuddha.co.in/cdn/shop/files/logo-Asset_2.png?v=1783667477,Gujarat,Ahmedbad,blue-buddha-retail.myshopify.com,INR,Shopify business address in India; prices in INR; .in domain; Indian postal address on site; +91 phone number,Shopify business address,tranco
blueisland.in,Blue Island,,,https://instagram.com/blueisland.in,https://facebook.com/futureclothing,,,,men's apparel,"Welcome to our site. We sell and deliver premium quality stain proof shirts for men right to your doorstep. We have excellent collections of the latest trendy stain-proof shirts, wrinkle free shirts, odor free shirts, and more which you'll like to buy. Our store products are the best in quality and price. Shop now.",https://blueisland.in/cdn/shop/files/LOGO_-_W-removebg-preview_1_f279ec17-78cf-41aa-baa4-49a30bf0d36f.jpg?v=1630588583,Tamil Nadu,Madurai,stain-proof-shirt.myshopify.com,INR,Shopify business address in India; prices in INR; .in domain,Shopify business address,tranco
bluemantle.in,Blue Mantle Store,bluemantle.in@gmail.com,+8157912602; +918157912602,https://instagram.com/blue_mantle_boutiq,https://facebook.com/bluemantleboutique,,,https://youtube.com/@bluemantleboutique1279,ethnic wear,Dream Outfits in all Price Ranges,https://bluemantle.in/cdn/shop/t/1/assets/logo.png?v=113737825187259670851669116391,Kerala,Thrissur ,blue-mantle-store.myshopify.com,INR,Shopify business address in India; prices in INR; .in domain; GSTIN on site; Indian postal address on site; +91 phone number,Shopify business address,tranco
www.bluenectar.co.in,Blue Nectar,cofounder@bluenectar.co.in; cs@bluenectar.co.in,+919999519750,https://instagram.com/BlueNectar_Ayurved,https://facebook.com/BlueNectarAyurved,,,https://youtube.com/c/BlueNectarAyurved,skincare,Experience Glamorous and Contemporary Ayurvedic Products online. Rich in Sensory experience there are Skincare products for Men as well as Women,https://www.bluenectar.co.in/cdn/shop/files/Bn_Logo_1.jpg?v=1663652637,Haryana,Gurgaon,bluenectar.myshopify.com,INR,Shopify business address in India; prices in INR; .in domain; Indian postal address on site; +91 phone number,Shopify business address,tranco
bluer.co.in,Bluer,support@bluer.co.in,+918104780866,https://instagram.com/bluer.co.in,https://facebook.com/people/Bluer/100083943947675,,https://linkedin.com/company/blueronyou,,apparel,Bluer is a new age fashion brand that focuses on getting people the best quality clothing with sustainable practices and strong fashion statements.,https://bluer.co.in/cdn/shop/t/94/assets/bluer-logo-for-not-home-page-header-logo.png?v=176012056810528782961786540087,Maharashtra,Mumbai,bluer-co-in.myshopify.com,INR,Shopify business address in India; prices in INR; .in domain; Indian postal address on site; +91 phone number,Shopify business address,tranco
bluetea.co.in,Blue Tea | Health in Every Sip | As Seen on Shark Tank,contact@bluetea.co.in,+917980528437; +917980116079,https://instagram.com/blueteaindia,https://facebook.com/BlueTeaGlobal,https://x.com/BlueTeaIndia,,https://youtube.com/@BLUETEAIndia,food & beverages,"Choose from variety of Herbal Blue Tea, Butterfly Pea Flower, Purple Tea, Red Tea, Herbal Tea, Flower tea, Chamomile tea, hibiscus tea. Buy healthiest tea now & get a better sleep, amazing mornings",https://bluetea.co.in/cdn/shop/files/Logo_Blue_Variant_Rectangle_1.png?v=1749647288,West Bengal,Kolkata,blueteain.myshopify.com,INR,Shopify business address in India; prices in INR; .in domain; Indian postal address on site; +91 phone number,Shopify business address,tranco
blumun.in,BLUMUN,blumun.in@gmail.com,,https://instagram.com/blumun.in,https://facebook.com/people/blumunin/61575367034871,,https://linkedin.com/company/blumun,,"women's apparel, sports & fitness","Shop Blumun for premium oversized t-shirts and aesthetic posters. Bold streetwear, viral designs, and exclusive offers!",https://blumun.in/cdn/shop/files/Blumun_logo_for_website_header_1.webp?v=1778439556,Madhya Pradesh,Bhopal,hhhpjp-ux.myshopify.com,INR,Shopify business address in India; prices in INR; .in domain; Indian postal address on site,Shopify business address,tranco
blynk.co.in,Blynk.co.in,support@blynk.co.in,+919220248884,,,,,,electronics & gadgets,"Discover Blynk, your destination for innovative smart gadgets, electronics and lifestyle tech accessories. Explore high-quality products designed for modern living with secure payments and fast delivery across India. Upgrade your everyday experience with reliable and stylish technology from Blynk.",https://blynk.co.in/cdn/shop/files/BlynkLogo_New.png?v=1779353828,Delhi,Delhi,blynk-co-in.myshopify.com,INR,Shopify business address in India; prices in INR; .in domain; +91 phone number,Shopify business address,tranco
bmgstore.in,BMG STORE,bmgstoreshopify@gmail.com,+917306367767,,,,,,apparel,,https://bmgstore.in/cdn/shop/files/IMG_7752.png?v=1755875027,Kerala,Amminikkad,w38aqd-uy.myshopify.com,INR,Shopify business address in India; prices in INR; .in domain; +91 phone number,Shopify business address,tranco
www.bohogirl.in,bohogirl.in,,+919711200852; +919910054133,https://instagram.com/bohogirlin,https://facebook.com/bohogirlindia,,,,"bags & accessories, women's apparel","Discover stunning dresses, stylish bags, and exquisite jewelry at our online store. Shop now to elevate your wardrobe with trendy and timeless pieces.",https://www.bohogirl.in/cdn/shop/files/boho_logo_200x100_a5233a6e-4090-4a86-9ea1-255fe3c35d2e.png?v=1789970012,Haryana,Gurugram,bohogirl-in.myshopify.com,INR,Shopify business address in India; prices in INR; .in domain; Indian postal address on site; +91 phone number,Shopify business address,tranco
boldcare.in,Bold Care,support@boldcare.in,+919019530313,https://instagram.com/bold.care,https://facebook.com/boldcare.official,,,https://youtube.com/channel/UCmG0TPnONefIFU-7LuzwvJQ,health & nutrition,"Explore Bold Care’s expert-backed range of condoms, performance boosters, lubes, and intimate care. Trusted by 20L+ Indian men. Free & discreet delivery. Shop now!",https://boldcare.in/cdn/shop/files/Bold_Logo_1_1.png?v=1736849903,Maharashtra,Navi Mumbai,shopboldcare.myshopify.com,INR,Shopify business address in India; prices in INR; .in domain; Indian postal address on site; +91 phone number,Shopify business address,tranco
bombayshirts-india-prod.myshopify.com,Bombay Shirt Company,support@bombayshirts.com; grievances@bombayshirts.com,+918879621003; +919513446201; +918452887740; +919439780974; +917865343212; +918928774101,https://instagram.com/bombayshirts,https://facebook.com/BombayShirts,,,https://youtube.com/channel/UCMd8a7hw8z9zDIplp4HKKzQ,men's apparel,Buy New Branded Shirts For Men Online ★ Shop For The Best Tailored Shirts From A Wide Range Of Premium Made To Measure Shirts To Men's Tailored Fit Shirts Online On Bombayshirts.com.,https://cdn.shopify.com/s/files/1/0536/3594/0515/files/Asset_1_new.svg?v=1770096835,Maharashtra,Mumbai,bombayshirts-india-prod.myshopify.com,INR,Shopify business address in India; prices in INR; +91 phone number,Shopify business address,commoncrawl
bookspringindia.in,Book Spring India,bookspringindia@gmail.com,+919034111364,,,,,,books & stationery,"Book Spring India, buy best selling books",https://bookspringindia.in/cdn/shop/files/1000000530-Pica.png?v=1753357271,Haryana,panipat,delhibookbazar.myshopify.com,INR,Shopify business address in India; prices in INR; .in domain; +91 phone number,Shopify business address,tranco
www.botnia.in,Botnia,hello.botnia@gmail.com,+919643557885,https://instagram.com/botnia.in,,,,,apparel,"Shop premium minimalist clothing designed for everyday comfort. Discover dresses, tops, co-ords, oversized T-shirts, and bottomwear made for effortless modern style.",https://www.botnia.in/cdn/shop/files/Botnia_Logo-01_d3e703be-1257-40ca-9023-50101a03adef.png?v=1731577838,Delhi,NEW DELHI,causalitees.myshopify.com,INR,Shopify business address in India; prices in INR; .in domain; Indian postal address on site; +91 phone number,Shopify business address,tranco
www.boujee.in,Boujee,theboujeecase@gmail.com,,https://instagram.com/boujee.india,,,,,mobile accessories,Boujee offers premium phone cases and covers for every model starting at just Rs.99! Explore our extensive collection of high-quality and affordable back cases designed to protect and style your device. Shop now for the perfect phone case at unbeatable prices!,https://www.boujee.in/cdn/shop/files/Logo_NEW.jpg?v=1703617797,Delhi,Delhi,8a1319-3.myshopify.com,INR,Shopify business address in India; prices in INR; .in domain; Indian postal address on site,Shopify business address,tranco
boxnube.in,BOXNUBE,care@boxnube.in,+919717918832,https://instagram.com/globalsourcinggurgaon,https://facebook.com/61560394409184,,,,electronics & gadgets,"Established in the year 2014, at Global Sourcing we truly have a passion for innovation and commitment to offer products & solutions that make a difference for our customers.",https://boxnube.in/cdn/shop/files/Final_Logo_-_07-Apr-20.png?v=1708353190,Haryana,Gurgaon,85d058-14.myshopify.com,INR,Shopify business address in India; prices in INR; .in domain; Indian postal address on site; +91 phone number,Shopify business address,tranco
bpisports.in,BPI Sports India,online@bpisports.com; intergrit.india@gmail.com,+919820633108; +919324824086,https://instagram.com/bpisports_india,https://facebook.com/bpisports.in,,,https://youtube.com/channel/UCtjvKYFE0P7TyXDMls2I3KQ,sports & fitness,BPI Sports is now proud to get their products to be manufactured in India and give the users the best quality products at the best price.,https://bpisports.in/cdn/shop/files/bpisport-logo-150x150_1.png?v=1713434988,Maharashtra,Mumbai,295888-a6.myshopify.com,INR,Shopify business address in India; prices in INR; .in domain; Indian postal address on site; +91 phone number,Shopify business address,commoncrawl
brandadox.in,Brandadox,brandadox1@gmail.com,+919633260700,https://instagram.com/brandadoxx.in,,,,,electronics & gadgets,"Elevate Your Style, Empower Your Life",https://brandadox.in/cdn/shop/files/2025_logo.png?v=1738943315,Kerala,Calicut,6270e7-b6.myshopify.com,INR,Shopify business address in India; prices in INR; .in domain; Indian postal address on site; +91 phone number,Shopify business address,tranco
breathables.in,BREATHABLES,,+919529552933,https://instagram.com/breathables.in,https://facebook.com/profile.php?id=100084931223603,,https://linkedin.com/company/breath-ables,,women's apparel,"Shop soft, safe premium 100% Cotton sleepwear and loungewear for women and kids at BREATHABLES®. Breathable fabrics, comfy fits and stylish co-ords for sleep, play, travel and lounging. Made in India. Buy online now. Free shipping, COD, easy returns & exchanges. Easy wash Care",https://breathables.in/cdn/shop/files/BREATHABLES_complete_logo_dark_green.png?v=1689320203,Karnataka,Bengaluru,dbb46f.myshopify.com,INR,Shopify business address in India; prices in INR; .in domain; +91 phone number,Shopify business address,commoncrawl
brewforyou.in,Brew For You,info@brewforyou.in,1800-102-2221,https://instagram.com/liptontea_india,,,,https://youtube.com/@liptonteaindia,food & beverages,"Brew For You is an Indian tea brand offering Green Tea, Black Tea and Masala Chai with quintessentially Hindustani flavours. Buy premium teas online in India.",https://brewforyou.in/cdn/shop/files/bre_for_you_variation_PNG_1.png?v=1759927894,Maharashtra,Mumbai,tmth.myshopify.com,INR,Shopify business address in India; prices in INR; .in domain; Indian postal address on site,Shopify business address,tranco
brewinggadgets.in,Brewing Gadgets India Private Limited,contact@brewinggadgets.in,+916366451640; +916364890140; +916364861831,https://instagram.com/brewinggadgets_india,,,https://linkedin.com/company/brewinggadgetsindia,,"food & beverages, electronics & gadgets","Premium coffee equipment & accessories available online at Brewing Gadgets India. We are your One-Stop-Shop for grinders, brewers, scales, espresso machines and much more.",https://brewinggadgets.in/cdn/shop/t/15/assets/logo.png?v=32183,Karnataka,Bengaluru,mahina-dmc2.myshopify.com,INR,Shopify business address in India; prices in INR; .in domain; Indian postal address on site; +91 phone number,Shopify business address,tranco
www.brillare.co.in,Brillare,customercare@brillarescience.com,+919512333000; +919638666040,https://instagram.com/brillareindia,https://facebook.com/brillareindia,,https://linkedin.com/company/brillare-science,https://youtube.com/brillarescience,"skincare, haircare","Truthful, scientifically superior, real natural products for treating hair fall, dandruff, dry hair, damaged hair, acne, hyper pigmentation, ageing, dry skin & sensitive skin. Shampoo, Conditioner, Oil Shots (Hair Oil), Skin Serum, Face Wash, Moisturiser, Sunscreen, Hair Serum, Body Wash, Body Moisturiser, Body Oil.",https://www.brillare.co.in/cdn/shop/files/logo.svg?v=1719305859,Gujarat,Ahmedabad,brillare-root-deep.myshopify.com,INR,Shopify business address in India; prices in INR; .in domain; +91 phone number,Shopify business address,tranco
brownliving.in,Brown Living™,hello@brownliving.in; bulkorder@brownliving.in,+919324693122,https://instagram.com/brownlivingindia,https://facebook.com/BrownLivingIndia,https://twitter.com/brownliving_,https://linkedin.com/company/brown-living,https://youtube.com/@Brownlivingindia,"apparel, food & beverages","Shop verified sustainable, eco-friendly, non-toxic and ethical products from trusted Indian brands. Plastic-free packaging and carbon-neutral delivery.",https://cdn.shopify.com/s/files/1/0087/0173/9088/files/schemaplus_organization_logo_99acddd6-d9fd-4956-b67e-dddcd48b49ad.jpg?v=1745940419,Maharashtra,Mumbai,brownliving-in.myshopify.com,INR,Shopify business address in India; prices in INR; .in domain; Indian postal address on site; +91 phone number,Shopify business address,tranco
brustro.in,BrustroShop,brustro@creativehands.in,+919674044111,https://instagram.com/brustro_official,https://facebook.com/creativehands.in,,,https://youtube.com/@BrustroOfficial,"art & craft supplies, books & stationery","Brustro is a premium art supplies brand for artists, professionals, and hobbyists in India. From vibrant acrylic paints to precision brush pens and technical tools, we inspire creativity with high-quality products that fuel your artistic journey.",https://brustro.in/cdn/shop/files/Brustro_Logo_fb296aff-fac7-40f8-9c1e-0c2a30810688.jpg?v=1689149252,West Bengal,New Town,brustroshop.myshopify.com,INR,Shopify business address in India; prices in INR; .in domain; Indian postal address on site; +91 phone number,Shopify business address,tranco
bubbleme.in,Bubble Me,info@bubbleme.in,+918288807455; +918035452805,https://instagram.com/bubbleme.india,https://facebook.com/people/Bubble-me/61555697286435,,https://linkedin.com/company/bubbleme-india,https://youtube.com/@bubbleme_india,health & nutrition,"Explore Bubble Me, India’s 1st magnesium-driven wellness brand seen on Shark Tank India. Shop bath salts, magnesium tablets, and soothing balms crafted for r...",https://bubbleme.in/cdn/shop/files/bubble_me_logos_bubble_me_logo_2_2.webp?v=1787882383,Haryana,Panchkula,d0b934-be.myshopify.com,INR,Shopify business address in India; prices in INR; .in domain; Indian postal address on site; +91 phone number,Shopify business address,tranco
bugario.in,Bugario Clothing,support@bugario.in; support@bugario.com,+918796331503,,,,,,women's apparel,"Bugario makes the JellyLift jelly bra and seamless wireless innerwear for Indian women. Sizes S-3XL, free shipping to every pincode, COD and 7-day returns.",https://bugario.in/cdn/shop/files/Bugario_1080_x_309_px_1.gif?v=1780122912,Delhi,delhi,8kmfys-e9.myshopify.com,INR,Shopify business address in India; prices in INR; .in domain; Indian postal address on site; +91 phone number,Shopify business address,tranco
bummer.in,Bummer,hello@bummer.in,+916357461992,https://instagram.com/bummer.in,,,,,apparel,Ultra Soft and Most comfortable Underwear For Men and Women in India. Printed colorful Range at Best Price. As Seen on Shark Tank India! Free Shipping. Free COD. Express Delivery. Shop Now!,https://bummer.in/cdn/shop/files/logo.svg?v=1759488355,Gujarat,Ahmedabad,bummer-in.myshopify.com,INR,Shopify business address in India; prices in INR; .in domain; Indian postal address on site; +91 phone number,Shopify business address,tranco
buttbaby.in,Butt Baby,info@buttbaby.in; support@buttbaby.co.in,+918777484276,https://instagram.com/buttbaby.india,https://facebook.com/Buttbaby.India,,,https://youtube.com/@buttbaby,"bags & accessories, kids & baby","Find the perfect baby hip seat carrier & India’s first Sit & Go ride-on suitcase - cabin luggage carrier. Designed for comfort, safety & easy travel. Shop now for ultimate comfort!",https://buttbaby.in/cdn/shop/files/butt-baby-logo.png,West Bengal,Kolkata,buttbabystore.myshopify.com,INR,Shopify business address in India; prices in INR; .in domain; Indian postal address on site; +91 phone number,Shopify business address,tranco
buyglam.in,BuyGlam,buyglam@mailbox.org,,,,,,,"electronics & gadgets, books & stationery","If you’ve landed here, chances are you appreciate discovering great products at great prices. Join the BuyGlam community and discover a carefully curated selection of innovative products designed to enhance your lifestyle without breaking the bank. We specialize in unique smart home gadgets, gardening essentials, and creative stationery sourced from around the world.",https://buyglam.in/cdn/shop/files/Logo_copy.jpg?v=1773325377,West Bengal,KOLKATA,t1u062-m0.myshopify.com,INR,Shopify business address in India; prices in INR; .in domain,Shopify business address,tranco
www.buyindusvalley.in,Indus Valley,hr@indus-valley.com; help@buyindusvalley.com,+919717123456,https://instagram.com/indusvalleyorganicbeauty,https://facebook.com/indusvalleyorganicbeauty,,https://linkedin.com/company/sadaway-private-limited,https://youtube.com/c/IndusValleyCosmetics,"skincare, haircare","Shop organic skin care, hair care, and hair colour products online at Indus Valley. Chemical-free and cruelty-free formulations for glowing skin and healthy hair.",https://www.buyindusvalley.in/cdn/shop/files/indus-logo.webp?v=1754392582,Haryana,Faridabad,indus-valley2.myshopify.com,INR,Shopify business address in India; prices in INR; .in domain; Indian postal address on site; +91 phone number,Shopify business address,tranco
www.bxxyshoe.in,BxxyShoes,bxxyshoe@gmail.com,,https://instagram.com/bxxyshoes,https://facebook.com/bxxycollection,,,https://youtube.com/channel/UC4APBuJ-vOb1iRGaCoRgUog,footwear,"Shop online- Boots, Sports, Sneaker, loafers, Sandals, Slippers, Ethnics. Best selling categories. Unlimited varieties are available.",https://www.bxxyshoe.in/cdn/shop/files/WhatsApp_Image_2022-11-02_at_6.25.14_PM-removebg-preview.png?v=1667407658,Uttar Pradesh,AGRA,bxxyshoes.myshopify.com,INR,Shopify business address in India; prices in INR; .in domain; Indian postal address on site,Shopify business address,tranco
cahoot.in,Cahoot,support@cahoot.in,+918970919047; +919900008413,https://instagram.com/cahoot.in,https://facebook.com/cahootin,,,,men's apparel,"Shop effortless, trend-driven men's clothing made in India. Discover shirts, trousers, and jackets. Enjoy 7-day easy returns & Express Delivery",https://cdn.shopify.com/s/files/1/0457/8246/6720/files/logo_new.png?v=1781717456,Karnataka,Bengaluru,dx-cs.myshopify.com,INR,Shopify business address in India; prices in INR; .in domain; Indian postal address on site; +91 phone number,Shopify business address,tranco
cakebee.in,CakeBee,,,https://instagram.com/cakebeein,https://facebook.com/CakeBeeIN,,,,food & beverages,"CakeBee your perfect online cake shop delivers delicious cakes, cookies, pastries, and more to Chennai, Coimbatore, Madurai, and Trichy. Order Now!",https://cakebee.in/cdn/shop/files/cakebee_logo.png?v=1700056313,Tamil Nadu,Trichy,shop-cake-bee.myshopify.com,INR,Shopify business address in India; prices in INR; .in domain,Shopify business address,tranco
cameraclub.in,Camera Club India,info@cameraclub.in,+919289890056; +919911176594,https://instagram.com/Cameraclub.in,https://facebook.com/cameraclubindia,,,,electronics & gadgets,"Buy pre-owned cameras, lenses & gear from Camera Club India. Rent or buy new & used cameras online across India at the best price.",https://cameraclub.in/cdn/shop/files/Background.svg?v=1698768737,Delhi,New Delhi,camera-club-india.myshopify.com,INR,Shopify business address in India; prices in INR; .in domain; Indian postal address on site; +91 phone number,Shopify business address,tranco
www.candlemould.in,Niral Industries,fenil@candlemould.com; info@candlemould.com,+918879651081; +918879651082,https://instagram.com/niral_industries,https://facebook.com/Siliconecandlemoulds,,,https://youtube.com/@Niralinstitute,"home decor, skincare",Buy Silicone Candle Moulds - Soap Moulds - Chocolate Moulds - Perfumes - Wax - Accessories.,https://www.candlemould.in/cdn/shop/files/my-store-logo-1556956205.png?v=1680602958,Maharashtra,Mumbai,241306.myshopify.com,INR,Shopify business address in India; prices in INR; .in domain; Indian postal address on site; +91 phone number,Shopify business address,tranco
www.caninecraving.com,Canine Craving,woof@caninecraving.com,+917439910257,https://instagram.com/caninecraving,https://facebook.com/caninecraving,https://twitter.com/caninecraving,,,"pet supplies, food & beverages","There is no artificial flavors, preservatives and additives to increase commercial gains. Meat is free of steroids & antibiotics; coconut oil is cold pressed.",https://www.caninecraving.com/cdn/shop/files/ssd.jpg?v=1681468231,Karnataka,Bengaluru,canine-craving-9022.myshopify.com,INR,Shopify business address in India; prices in INR; Indian postal address on site; +91 phone number,Shopify business address,commoncrawl
cannac.in,Cannac,cannac.incare@gmail.com,,https://instagram.com/cannac.in,,,,,men's apparel,"Online shopping for Oversized, regular fit and graphic Unisex t-shirts. Latest style, fashionable, printed & solid tees of wide range with quality at affordable price.",https://cannac.in/cdn/shop/files/white_name_tag_54d2fba8-909e-4916-8dd3-7df763ddacda.png?v=1770359185,Delhi,New Delhi,88db90-2.myshopify.com,INR,Shopify business address in India; prices in INR; .in domain,Shopify business address,tranco
capoint.in,CA Point,contact@capoint.in; ca.point.jodhpur@gmail.com,+919214267111; +919214167111; +919828067111; +919214267333,https://instagram.com/c.a.point,https://facebook.com/capointjodhpur,https://twitter.com/CAPoint3,https://linkedin.com/in/ca-yashvant-mangal-2aaa15144,https://youtube.com/@CAPOINT,books & stationery,"Latest Recorded Lectures & Books for CA, CS, CMA All Levels by India's top Faculties Available at Lowest & Affordable Price - Only at CA Point.",https://capoint.in/cdn/shop/files/CAPOINTLOGO_1.png?v=1681655514,Rajasthan,Jodhpur,ca-point-9276.myshopify.com,INR,Shopify business address in India; prices in INR; .in domain; +91 phone number,Shopify business address,tranco
car101.in,Car101,support@car101.in; hq@car101.in,+919209074705,https://instagram.com/car101.in,https://facebook.com/car101.in,,,https://youtube.com/@car101india,automotive,We offer premium yet affordable car care products for your car or bike. Keep your car looking its best with India's most trusted car care brand.,https://car101.in/cdn/shop/files/CAR_101_Logo_Horizontal_9d767a6a-a6af-4a7e-afe2-36b1635165f8.svg?v=1735402051,Maharashtra,"Sunarwadi, Pune",b790a2.myshopify.com,INR,Shopify business address in India; prices in INR; .in domain; +91 phone number,Shopify business address,tranco
caratbazaar.in,Caratbazaar,support@caratbazaar.in; caratbazaar@gmail.com,+917011541514; +917428756972; +918190598524,https://instagram.com/caratbazaar2.0,https://facebook.com/profile.php?id=61579771829740,,,https://youtube.com/@Caratbazaar,jewellery,"Visit CaratBazaar for beautiful Lab Grown Diamond & Moissanite Jewellery. Discover rings, earrings, and more. Explore website for Stunning designs that shine forever. Buy now.",https://caratbazaar.in/cdn/shop/files/CARATBAZAAR_LOGO_Long_544d00ed-a2f2-4a83-bc50-2b5cbc5a78c8.svg?v=1773733065,Delhi,NEW DELHI,caratbazaar.myshopify.com,INR,Shopify business address in India; prices in INR; .in domain; GSTIN on site; Indian postal address on site; +91 phone number,Shopify business address,tranco
www.carlington.in,Carlington India,support@carlington.in; support@carlington.com,+918100323453,,,,,,"watches, kids & baby","Explore Carlington’s collection of stylish watches for men, women, and kids. Perfect for work, casual wear, and gifting. Shop online.",https://www.carlington.in/cdn/shop/files/Carlington_Logo_Black-_2.webp?v=1681545081,West Bengal,Kolkata,carlington-india.myshopify.com,INR,Shopify business address in India; prices in INR; .in domain; Indian postal address on site; +91 phone number,Shopify business address,tranco
carltonlondon.co.in,Carlton London Online,support@carltonlondon.co; support@carltonlondon.com; carltonlondon@flipkart.com; info@arezzogallery.com; jewellery@carltonindia.com,+918929378125,https://instagram.com/carltonlondonindia,https://facebook.com/CarltonLondonIndia,https://twitter.com/carlton_london_,,,"footwear, bags & accessories","Shop for trendy and affordable Ballerina, Boots, Heels, loafers, Sandals, Formals, handbags and many more for women, men in India. Buy women’s footwear and accessory online at low prices in India from Carlton India.",https://carltonlondon.co.in/cdn/shop/files/Carlton_London_Branding_Logo_jpg.jpg?v=1784705165,Haryana,Gurugram,carlton-london-online.myshopify.com,INR,Shopify business address in India; prices in INR; .in domain; Indian postal address on site; +91 phone number,Shopify business address,tranco
carpetplanet.in,Carpet Planet,dm.carpetplanet@gmail.com,+918700709668,https://instagram.com/carpetplanetofficial,https://facebook.com/officialcarpetplanet,,,https://youtube.com/@carpetplanet9354,home decor,Buy carpets online today and transform your space. Explore a wide selection of high-quality carpets online. Shop now to find the perfect carpet for your home.,https://carpetplanet.in/cdn/shop/files/logo.png?v=1695918532,Delhi,Delhi,carpetplanet.myshopify.com,INR,Shopify business address in India; prices in INR; .in domain; Indian postal address on site; +91 phone number,Shopify business address,tranco
www.carplus.in,CARPLUS,info@carplus.in; customercare.carplus@gmail.com; customercare.carplus1@gmail.com,+919899606665; +919818810915; +916390390390,https://instagram.com/carplus.in,https://facebook.com/carplus.in,,,https://youtube.com/c/CarPluskmh,automotive,Buy car accessories online at reasonable prices in India at the best online shopping store with wide range of car accessories on carplus.in.,https://www.carplus.in/cdn/shop/files/Carplus_Logo_150x_46438761-aee7-4f8c-843c-e5de07a9ed44.png?v=1633350058,Delhi,Delhi,carplus1.myshopify.com,INR,Shopify business address in India; prices in INR; .in domain; +91 phone number,Shopify business address,tranco
casebasket.in,Casebasket,support@casebasket.in,+918104596406,https://instagram.com/casebasket.in,https://facebook.com/casebasketin,,,,mobile accessories,"Casebasket is the Largest online store in India for all kinds of Mobile Phone cases and covers including Vivo, Apple, Mi, Redmi, OnePlus, Oppo, Poco, Realme, Samsung, Google, Nothing, Etc. We have a very large collection of Chain and Charm Phone Covers, we also have variety of designs in Anime phone covers. Shop Now!",https://cdn.shopify.com/s/files/1/0684/6519/7273/files/Casebasket_Black_wit_stroke_Logo.png?v=1749021730,Maharashtra,Thane ,301cbc-58.myshopify.com,INR,Shopify business address in India; prices in INR; .in domain; +91 phone number,Shopify business address,tranco
casegear.in,CASEGEAR,support@casegear.in,+918384094322; +919953353322,https://instagram.com/casegear.in,https://facebook.com/casegear.in,https://x.com/Casegearindia,,https://youtube.com/channel/UCCW-OEYUUkmy1Y8ETTY8Eqw,mobile accessories,"CASEGEAR is India's leading brand specialising in premium phone accessories designed specifically for phone cases, charging solutions, screen protectors & more.",https://casegear.in/cdn/shop/files/1_dae38889-32f5-42cc-b409-d952fba6df58.jpg?v=1737811841,Haryana,Gurugram,casegea.myshopify.com,INR,Shopify business address in India; prices in INR; .in domain; +91 phone number,Shopify business address,tranco
casence.in,casence,support@casence.in,+918882174388,https://instagram.com/shopcasence,,,,https://youtube.com/@casencecovers,mobile accessories,"Casence Mobile Phone Cases – Buy Premium Covers Online in India at Casence.Explore sticky pods, screen protectors, anti-yellow & anti-dust Phone case covers for all models.",https://cdn.shopify.com/s/files/1/0723/8270/9993/files/WhatsApp_Image_2026-09-04_at_12.59.36.jpg?v=1788898987,Delhi,New Delhi,zpdxse-qx.myshopify.com,INR,Shopify business address in India; prices in INR; .in domain; +91 phone number,Shopify business address,tranco
casencovers.in,CASE N COVER,casencover.help@gmail.com,,https://instagram.com/case_n_cover,,,,,mobile accessories,"""At Case n cover ! We're a bunch of phone enthusiasts who are passionate about protecting and styling our devices. We started this brand because we wanted phone cases that were not only durable but also reflected our personal style. Our goal is to provide you with trendy and high-quality cases that not only protect your phone but also make a statement. We believe that your phone case should be an extension of your personality, so we offer a wide range of designs to suit every taste.Join us on th",https://casencovers.in/cdn/shop/files/InShot_20240511_232751199-removebg-preview.png?v=1715452019,Maharashtra,Mumbai,c38d72-8e.myshopify.com,INR,Shopify business address in India; prices in INR; .in domain,Shopify business address,tranco
casestories.in,CASE STORIES,,+918779375023,https://instagram.com/case_stories05,,,,,"food & beverages, mobile accessories",Let customers speak for us,https://casestories.in/cdn/shop/files/dasdasd.jpg?v=1758543460,Maharashtra,Mumbai,fea6d4.myshopify.com,INR,Shopify business address in India; prices in INR; .in domain; +91 phone number,Shopify business address,tranco
www.catchcart.co.in,Catch Cart,support@catchcart.co.in,,,,,,,,"Welcome to Catch Cart , an online shopping platform offering a wide range of everyday products for customers across India. Our goal is to make online shopping simple, affordable, and convenient by providing quality products with secure ordering and Cash on Delivery (COD) options.",https://www.catchcart.co.in/cdn/shop/files/ChatGPT_Image_Jun_13_2026_04_41_45_PM.png?v=1781349231,Uttar Pradesh,Noida,qn48jv-w3.myshopify.com,INR,Shopify business address in India; prices in INR; .in domain,Shopify business address,tranco
celestialperfume.in,Celestial Perfume,support@celestialperfume.in,+7016231378; +917016231378,,,,,,fragrances,"Secret Ingredient from Italy for 2X Lasting than a ordinary Inspired Perfumes Elevate your senses with our signature scents, where inspiration meets artistry, and every spray becomes a timeless ode to the extraordinary.",https://celestialperfume.in/cdn/shop/files/LOGO_1.jpg?v=1786520989,Gujarat,Surat,c2aa0b-44.myshopify.com,INR,Shopify business address in India; prices in INR; .in domain; Indian postal address on site; +91 phone number,Shopify business address,tranco
celio.in,celio.in,customercare@celio.com,+918988492222,https://instagram.com/celioindia,https://facebook.com/CelioIndia,https://x.com/celioindia,https://linkedin.com/company/celio-india,,men's apparel,"Shop men's clothing online at Celio India. Explore shirts, t-shirts, jeans and trousers, plus exclusive licensed Naruto and McLaren collections. Shop now.",https://celio.in/cdn/shop/files/celio_logo_paris.png?v=1789627337,Maharashtra,Mumbai,celio-in.myshopify.com,INR,Shopify business address in India; prices in INR; .in domain; Indian postal address on site; +91 phone number,Shopify business address,tranco
cellbell.in,Cellbell,hello@cellbell.in,+918600366600,https://instagram.com/cell_bell,https://facebook.com/Cellbells,,https://linkedin.com/company/cellbell,https://youtube.com/cellbell,furniture,Get the best gaming chairs in India at Cellbell. Shop for affordable ergonomic chairs under 5000 for a comfortable gaming experience. Buy now!,https://cellbell.in/cdn/shop/files/CB-red-logo-01_4fb01bdf-670c-49a6-a707-637c417ad07a.png?v=1644921009,Maharashtra,Thane,cellbells.myshopify.com,INR,Shopify business address in India; prices in INR; .in domain; +91 phone number,Shopify business address,tranco
chaandtara.in,Chaand Tara,info.chaandtara@gmail.com,+918558827111,https://instagram.com/chaandtara,,,,,,,https://chaandtara.in/cdn/shop/files/IMG_0640_2_74f4c566-1085-40ed-b7ee-9940100e1bbd.png?v=1781511840,Chandigarh,Chandigarh,aceec8-2.myshopify.com,INR,Shopify business address in India; prices in INR; .in domain; +91 phone number,Shopify business address,tranco
championskit.in,Champions Kit,championskit.in@gmail.com,+918441771645,https://instagram.com/_championskit.in_,https://facebook.com/people/Championskitin/61592069185750,,,,"apparel, sports & fitness","Find the best football jerseys in India at our football jersey store. Buy best football jerseys, including top football club designs. Champions Kit is your final destination for quality football jerseys at the best price. Buy Manchester United, PSG, Real Madrid, Barcelona, Liverpool, and Bayern Munich jerseys online.",https://championskit.in/cdn/shop/files/Champions_Kit_Logo_6f634cc9-e1d9-41a1-a220-5e405313f745.jpg,Karnataka,Bengaluru,bab58d-3f.myshopify.com,INR,Shopify business address in India; prices in INR; .in domain; Indian postal address on site; +91 phone number,Shopify business address,tranco
chandranipearls.in,Chandrani Pearls,info@chandranipearls.net,+919147291911,https://instagram.com/chandrani.pearls,https://facebook.com/ChandraniPearls.in,,https://linkedin.com/company/chandrani-pearls,https://youtube.com/channel/UClKR_SN7_bTzIVUApSHxYcw,jewellery,"Chandrani Pearls is the leading pearl jewellery manufacturer in India. We specialize in pearl designer jewellery, fashion accessories, and 925 silver jewellery & more.",https://chandranipearls.in/cdn/shop/files/2-1_CP_Blue_eeea8f17-63a0-4c5b-8c5e-8778c92bc22f.png?v=1722670228,West Bengal,Kolkata,chandrani-pearls-online.myshopify.com,INR,Shopify business address in India; prices in INR; .in domain; GSTIN on site; Indian postal address on site; +91 phone number,Shopify business address,tranco
www.chicco.in,Chicco India,support@chicco.in; %20support@chicco.in,1800-102-6702,https://instagram.com/chicco_india,https://facebook.com/chiccoindia,,,,"apparel, kids & baby","Tiny Needs, Sorted by Age",https://www.chicco.in/cdn/shop/files/image_1609_2.png?v=1755172093,Haryana,Gurugram,chicco-india.myshopify.com,INR,Shopify business address in India; prices in INR; .in domain,Shopify business address,tranco
www.chitalebandhu.in,Chitale Bandhu,shoponline@chitalebandhu.in; tradeenquiries@chitalegroup.in,+7030316000; +919922944482,https://instagram.com/chitale.bandhu,https://facebook.com/CBM1950,https://twitter.com/ChitaleBandhu,,https://youtube.com/channel/UClm4GYkLoRLPZNSGryWdjlw,food & beverages,"Buy Authentic Mithai, Namkeen & Dairy Products @ Chitale Bandhu Mithaiwale",https://www.chitalebandhu.in/cdn/shop/files/Social_Logo_Profile-ED01_medium.png?v=1714502454,Maharashtra,Pune,swiftindi.myshopify.com,INR,Shopify business address in India; prices in INR; .in domain; +91 phone number,Shopify business address,tranco
chosenstore.in,CHOSEN Store,support@chosenstore.in,+919384000411,https://instagram.com/chosen_by_dermatology,https://facebook.com/chosenstoreindia,,,https://youtube.com/channel/UCDkzQBxDhEnvJFiv5iIOlUw,"skincare, haircare","Skin and hair care that fits your life - trusted by dermatologists, built for youthful living. At CHOSEN, we care for your skin, hair, and health - backed by science, built for longevity, made for you.",https://cdn.shopify.com/s/files/1/0267/6768/7757/files/chosen-logo2026-new.svg?v=1788502062,Tamil Nadu,CHENNAI,chosenstore-in.myshopify.com,INR,Shopify business address in India; prices in INR; .in domain; Indian postal address on site; +91 phone number,Shopify business address,tranco
www.cigarsindia.in,www.cigarsindia.in,%20contact@cigarsindia.in; contact@cigarsindia.in,+919980728888; +919731856924,https://instagram.com/cigarsindia.in,,,,,tobacco & smoking,"Buy Genuine Cuban Cigars Online in India. Including World Class Cigar Humidors, Cigar Cutters, Dominican Republic Cigars, Nicaraguan Cigars and Honduran Cigars. The safest and largest store to buy Cigars Online in India.",https://www.cigarsindia.in/cdn/shop/t/5/assets/logo.png?v=50561170282755402661501865991,Karnataka,Bangalore,www-cigarsindia.myshopify.com,INR,Shopify business address in India; prices in INR; .in domain; Indian postal address on site; +91 phone number,Shopify business address,tranco
cincinnus.in,CINCINNUS,info@apascosmotech.com,+919033246558,https://instagram.com/cincinnus.in,https://facebook.com/people/Cincinnus/61578558123837,https://x.com/cincinnuscare,,https://youtube.com/@CINCINNUS,haircare,"Shop premium hair care products for hair fall, dandruff, oily scalp, frizz and damaged hair. Made with natural algae and botanical extracts.",https://cincinnus.in/cdn/shop/files/logo.png,Gujarat,Rajkot,8yys0r-6j.myshopify.com,INR,Shopify business address in India; prices in INR; .in domain; Indian postal address on site; +91 phone number,Shopify business address,tranco
www.clara.in,CLARA,support@clara.in,+919870100823; +919870120823,https://instagram.com/clara.in,https://facebook.com/ClarabyHKJewels,,,https://youtube.com/@clarajewelry,jewellery,"Shop premium silver jewellery, 925 sterling silver designs, and certified gemstones at CLARA. Explore authentic, elegant jewellery and gemstones online in India.",https://www.clara.in/cdn/shop/files/clara_logo.png?v=1726136367,Delhi,New Delhi,clarajewellery.myshopify.com,INR,Shopify business address in India; prices in INR; .in domain; Indian postal address on site; +91 phone number,Shopify business address,tranco
clarks.in,Clarks India,customercare@clarks.in,+919653306311,https://instagram.com/clarks_india,https://facebook.com/profile.php?id=61579308161672,https://x.com/clarksshoes,,https://youtube.com/user/clarksshoes,footwear,"Shop from Clarks India for authentic shoes and footwear crafted with British heritage. Discover stylish pairs for men and women with comfort, quality, and timeless design.",https://clarks.in/cdn/shop/files/Clarks_Logo.jpg?v=1754465753,Maharashtra,Mumbai,clarks-india.myshopify.com,INR,Shopify business address in India; prices in INR; .in domain; Indian postal address on site; +91 phone number,Shopify business address,tranco
clayco.in,clayco,help@clayco.in; pr@clayco.in; saurabh@clayco.in,+917021479360,https://instagram.com/claycobeauty,https://facebook.com/ClayCo.beauty,,,,skincare,Beauty Rituals of the world - Luxurious skincare inspired and created using the wisdom and ancient traditions of global cultures.,https://clayco.in/cdn/shop/files/Clay_Co_Logo_png_2_1_1.webp?v=1771330882,Maharashtra,Mumbai,clayco-com.myshopify.com,INR,Shopify business address in India; prices in INR; .in domain; Indian postal address on site; +91 phone number,Shopify business address,tranco
claymint.com,Claymint®,hello@claymint.com,+919910880146,https://instagram.com/clayminthome,https://facebook.com/clayminthome,,https://linkedin.com/company/42807966,https://youtube.com/channel/UCuK03y3h0qyZxb87GZSmQ1g,furniture,Claymint® builds modern & contemporary furniture for your home. Claymint®,https://claymint.com/cdn/shop/files/Claymint-Tape.png?v=1636618048,Uttar Pradesh,Uttar Pradesh,claymint.myshopify.com,INR,Shopify business address in India; prices in INR; Indian postal address on site; +91 phone number,Shopify business address,commoncrawl
www.click2kart.co.in,Click2Kart,customercare@click2kart.co.in,+919307140983,,,,,,"electronics & gadgets, haircare","Click2kart is the preferred choice of hundreds of thousands of online shoppers given its mammoth assortment of 50+ products, quick delivery even to the remotest corners of the country, and daily deals, discounts & offers to make products available at slashed down prices to our valuable customers.",https://www.click2kart.co.in/cdn/shop/files/Click_2_Kart_Final_Logo.png?v=1667031169,Maharashtra,Nagpur,click-2-kart.myshopify.com,INR,Shopify business address in India; prices in INR; .in domain; Indian postal address on site; +91 phone number,Shopify business address,tranco
www.clothwala.in,Clothwala.com,info@clothwala.com,+919958803184; +919810558506,https://instagram.com/clothwala,https://facebook.com/shopclothwala,https://twitter.com/clothwala,,https://youtube.com/@clothwala,,"Shop premium poly fabrics, dyeable fabrics, viscose & more at wholesale prices. Low MOQ, bulk pricing, fast delivery across India. Trusted by garment brands & exporters.",https://www.clothwala.in/cdn/shop/files/Open_folder_Logo_png.png?v=1676552281,Delhi,Delhi,clothwala-com.myshopify.com,INR,Shopify business address in India; prices in INR; .in domain; Indian postal address on site; +91 phone number,Shopify business address,tranco
clovecart.in,CloveCart,s64188403@gmail.com,,,,,,,home decor,"Explore Clovecart's curated collection of luxury home decor, furniture, lighting & accessories. Elevate your space with affordable, stylish pieces",https://clovecart.in/cdn/shop/files/clove-cart-logo.png?v=1731313609,Maharashtra,pune,aa9fbb-5e.myshopify.com,INR,Shopify business address in India; prices in INR; .in domain,Shopify business address,tranco
cococart.in,Cococart India,hello@cococart.com,+180012022778; +918976806215; 1800-120-2278,https://instagram.com/cococartandcafe,https://facebook.com/cococartindia,,,,food & beverages,Buy premium imported chocolates online in India at best prices and satisfy your sweet cravings. Explore a wide range of premium treats at Cococart now!,https://cococart.in/cdn/shop/t/96/assets/logo.png?v=16814,Maharashtra,Navi Mumbai,cococartnew.myshopify.com,INR,Shopify business address in India; prices in INR; .in domain; Indian postal address on site; +91 phone number,Shopify business address,tranco
cocoyaya.in,Cocoyaya - Popli Hookah Shop,cocoyaya.official@gmail.com,+01141043720; +918929965582; +918929965583; +919999158292; +919899200405; +919719097384,https://instagram.com/cocoyaya.official,https://facebook.com/cocoyayaofficial,https://twitter.com/Cocoyayahookah,,https://youtube.com/channel/UCjGwha5M5Bv0mjXbxAJi3Hw,tobacco & smoking,"We’re taking over the world one flawless shisha at a time. From India to Nepal to UAE and now USA and Canada, we’re on a mission to revolutionise the way you shisha. When you own a “cocoyaya”, you own an experience you can never forget!",https://cocoyaya.in/cdn/shop/files/cocoyaya_logo.png?v=1643027404,Delhi,DElhi,cocoyaya-offical.myshopify.com,INR,Shopify business address in India; prices in INR; .in domain; Indian postal address on site; +91 phone number,Shopify business address,tranco
www.columbiasportswear.co.in,Columbia Sportswear,columbiacare@chogoriindia.com; nodalofficer@chogoriindia.com; manas.jaiswal@chogoriindia.com; ceo@chogoriindia.com,+9217125002; +911204468000,https://instagram.com/columbiasportswear_in,https://facebook.com/columbiaindia,,,https://youtube.com/@ColumbiaSportswear,apparel,"Shop Columbia Sportswear India – Explore outdoor gear, jackets, shoes & accessories for every adventure.",https://www.columbiasportswear.co.in/cdn/shop/files/623-1714588200-logo.webp?v=1742289183,Maharashtra,Mumbai,columbia-sportswear-india.myshopify.com,INR,Shopify business address in India; prices in INR; .in domain; Indian postal address on site; +91 phone number,Shopify business address,tranco
comfortfactory.in,Comfort Factory,cfonline.customersupport@comfortfactory.in; cf.online@comfortfactory.in,+919249524744; +918075491754,,,,,,apparel,,https://comfortfactory.in/cdn/shop/files/D832C948-EE5E-4795-8D7A-0D73FDC41076.png?v=1755710772,Kerala,Kozhikode,comfortfactoryclothing.myshopify.com,INR,Shopify business address in India; prices in INR; .in domain; GSTIN on site; Indian postal address on site; +91 phone number,Shopify business address,tranco
computify.in,Computify.in,contact@computify.in,+9319033249; +919871918120,https://instagram.com/computify.in,https://facebook.com/computify.in,https://x.com/computify_in,,https://youtube.com/@computifyin,electronics & gadgets,"Amazing Deals on Used PC Parts - used GPU, Buy Used Computer Parts with 1 Year Warranty, Buy Second Hand Graphics Card - Free Delivery All Over India",https://computify.in/cdn/shop/files/logo_color_f83abbc4-c807-4d1a-a4a5-31b3ba0348da.png?v=1745588951,Delhi,East Delhi,8rzvtd-8t.myshopify.com,INR,Shopify business address in India; prices in INR; .in domain; +91 phone number,Shopify business address,tranco
confettigifts.in,Confetti Gifts,info@confettigifts.in; corporategifting@confettigifts.in,+919783427955; +919649381111,https://instagram.com/confettigifts.in,https://facebook.com/confettigifts.in,,,,"pet supplies, kids & baby","Send gifts online from Confetti Gifts, unusual & unique gifts box in India. Gift ideas that suit all ages and every occasion. ✓ Easy Delivery ✓ Curated Gifts Collection ✓ Online Gift Shop Jaipur ✓ Corporate Bulk Gifts",https://confettigifts.in/cdn/shop/t/257/assets/logo.png?v=50844,Rajasthan,Jaipur,confetti-gifts-co.myshopify.com,INR,Shopify business address in India; prices in INR; .in domain; Indian postal address on site; +91 phone number,Shopify business address,tranco
www.cordstudio.in,Cord Studio,pranav@cordstudio.in; cord.orders@gmail.com,+919289044698,https://instagram.com/cord.in,https://facebook.com/cordstudio.in,,,,apparel,Find stylish Contemporary clothing and top-quality leather goods at Cord. Check out our modern fashion and premium leather collection for a chic look.,https://cdn.shopify.com/s/files/1/0562/8536/4289/files/cord.png?v=1650699307,Uttar Pradesh,Noida,cordstudio.myshopify.com,INR,Shopify business address in India; prices in INR; .in domain; +91 phone number,Shopify business address,tranco
cosmix.in,Cosmix,info@cosmix.in; partnerships@cosmix.in,+916366160553,https://instagram.com/khushali.savla,https://facebook.com/cosmix.in,,,,health & nutrition,"Clinically-proven superfood solutions for every part of your health. Plant based supplements for mind and body. Loved and trusted by 80,000+. As seen in Vogue, Forbes, Grazia.",https://cdn.shopify.com/s/files/1/0281/7507/3373/files/Pinktransparent.svg?v=1790165430,Karnataka,Ramanagara,cosmix-superfood.myshopify.com,INR,Shopify business address in India; prices in INR; .in domain; Indian postal address on site; +91 phone number,Shopify business address,tranco
cosmoslayers.in,Cosmos Layers,support@cosmoslayers.in,+919958439864,,,,,,mobile accessories,"Level up your phone's style with Cosmos Layers, India's top mobile skin brand! We offer a huge collection of phone skins & mobile wraps including awesome anime mobile skin designs! Easy to apply & ultra-protective, our mobile skin wraps transform your phone in seconds. Find your perfect match & express yourself!",https://cosmoslayers.in/cdn/shop/files/Website_Logo_new_1.png?v=1787769388,Haryana,Faridabad,a622a0-2.myshopify.com,INR,Shopify business address in India; prices in INR; .in domain; +91 phone number,Shopify business address,tranco
www.cottonculture.co.in,Cotton Culture,support@cottonculture.co.in,+918277997646; +919820535999; +8277997646,https://instagram.com/cottonculture.co.in,https://facebook.com/cottonculture.co.in,https://twitter.com/CottonCulture4,https://linkedin.com/company/cotton-culture-co-in,https://youtube.com/channel/UChC2wfJc1rdJUnZ55W7gWbw,ethnic wear,"Shop stylish women’s kurtis, ethnic wear, workwear & everyday fashion online at Cotton Culture. Premium fabrics, modern designs, fast delivery & COD across India.",https://www.cottonculture.co.in/cdn/shop/files/CC_Logo_224x224_Size_jpg_4277a5c3-af1d-49d2-8437-f9bb2c4717ee.jpg?v=1785306492,Maharashtra,Navi Mumbai,0e8462-1d.myshopify.com,INR,Shopify business address in India; prices in INR; .in domain; Indian postal address on site; +91 phone number,Shopify business address,tranco
coveandlane.in,Cove and Lane,support@coveandlane.in; collaborations@coveandlane.in; social@coveandlane.in,+919606033200,https://instagram.com/coveandlane.in,,,https://linkedin.com/company/cove-lane,,apparel,"Premium men's and Women's wear crafted in proprietary fabrics like AirLinen™️, SoftDrape™️, SoftSuit™️, and LustraSatin™️ that are wrinkle-free, long-lasting, soft, and breathable. Checkout our collection now!",https://coveandlane.in/cdn/shop/files/Group_1171284429.svg?v=1767626244,Karnataka,Bengaluru,cove-and-lane.myshopify.com,INR,Shopify business address in India; prices in INR; .in domain; +91 phone number,Shopify business address,tranco
craftandglory.in,Craft & Glory,support@craftandglory.in; support@craftandglory.com,+918800397706; +919429693834; +918826192277; +918796315544,https://instagram.com/craftandglory.in,,,,https://youtube.com/@craftandglory,"footwear, bags & accessories",Highest quality full grain leather handcrafted products for men and women,https://craftandglory.in/cdn/shop/files/craft_glory_name_logo_67437c20-8a66-449f-9d52-6060ebba561f.png?v=1654512939,Haryana,Gurgaon,craftandglory.myshopify.com,INR,Shopify business address in India; prices in INR; .in domain; Indian postal address on site; +91 phone number,Shopify business address,tranco
www.crafterscorner.in,CRAFTERS CORNER,info@crafterscorner.in,+917678162229,https://instagram.com/crafterscornerindia,https://facebook.com/crafterscornerindia,,,https://youtube.com/@dressmycraft,"tools & hardware, art & craft supplies","Crafters Corner: India’s Leading Destination for Craft Supplies! Shop high-quality materials for papercrafts, DIY projects, and more at the best prices. Enjoy fast, reliable shipping, excellent customer service, and access to a vibrant crafting community. Get inspired with tutorials, workshops, and everything you need for your creative journey. Explore now",https://www.crafterscorner.in/cdn/shop/files/CraftersCorner_1250c896-629b-4abd-873d-91327b0e19b1.png?v=1744012684,Delhi,Delhi,crafterscornerstore.myshopify.com,INR,Shopify business address in India; prices in INR; .in domain; Indian postal address on site; +91 phone number,Shopify business address,tranco
craftico.in,CRAFTICO,care@craftico.in; sales@craftico.in,+918690666355,https://instagram.com/crafticocreations,https://facebook.com/profile.php?id=61553082127609,,https://linkedin.com/company/craftico,https://youtube.com/@crafticocreations,home decor,"Craftico Creations is a premium handmade and 3D wall art manufacturer in India, specializing in textured and custom art solutions for luxury homes and projects.",https://craftico.in/cdn/shop/files/logo-2.svg?v=1700884018,Rajasthan,JAIPUR,406b58.myshopify.com,INR,Shopify business address in India; prices in INR; .in domain; Indian postal address on site; +91 phone number,Shopify business address,tranco
craftmate.in,Craftmate,info@craftmate.in,+919910908015,https://instagram.com/craftmatekits,,,,https://youtube.com/channel/UCANwa-vRku79Zl1TdcvtSww,home decor,"Shop DIY painting kits, punch needle kits & embroidery kits by craftmate. Best painting kits for beginners & adults",https://craftmate.in/cdn/shop/files/logo_craftmate_1200_X_628.png?v=1712041305,Delhi,Delhi,158cab.myshopify.com,INR,Shopify business address in India; prices in INR; .in domain; +91 phone number,Shopify business address,tranco
crazymonk.in,Crazymonk,support@crazymonk.in,+919363807979,https://instagram.com/crazymonkofficial,https://facebook.com/crazymonk.off,https://twitter.com/CrazyMonkoff,,,apparel,Crazymonk is an Online Shopping Site for Men & Women Fashion wears. Choose and Buy from the best in class Men and Women clothing's.,https://crazymonk.in/cdn/shop/files/New-Logo-2024-s4.webp?v=1714044239,Tamil Nadu,Tiruppur,4262d6-b5.myshopify.com,INR,Shopify business address in India; prices in INR; .in domain; +91 phone number,Shopify business address,tranco
cremecastle.in,Creme Castle,,+918588813880,https://instagram.com/thecremecastle,https://facebook.com/CremeCastle,,,,"kids & baby, sports & fitness",Creme Castle brings you the most iconic cakes and desserts. Order unique cake online from a portfolio of 5000+ designs and get same day delivery. Order Now!,https://cremecastle.in/cdn/shop/files/image_3_e3cc6700-baa9-47e7-8994-7005298c1d22.png?v=1722315026,Uttar Pradesh,Noida,cremecastle.myshopify.com,INR,Shopify business address in India; prices in INR; .in domain; +91 phone number,Shopify business address,tranco
crocodile.in,Crocodile,care@crocodileindia.com,+917418133373,https://instagram.com/crocodile_india,https://facebook.com/crocodile.in,,,https://youtube.com/@crocodileindia,men's apparel,"Shop Crocodile men's shirts, polos, jeans & trousers online. Established 1947 | Free shipping on prepaid orders above ₹1500. Since 1996 in India.",https://crocodile.in/cdn/shop/files/Asset_1.svg?v=1773135736,Tamil Nadu,Coimbatore,spal-crocodile.myshopify.com,INR,Shopify business address in India; prices in INR; .in domain; +91 phone number,Shopify business address,tranco
www.crossword.in,Crossword.in ,estore@crossword.in,+918530206759,https://instagram.com/crosswordbookstores,https://facebook.com/Crosswordbookstores,https://x.com/crossword_book,https://linkedin.com/company/crosswordbookstores,https://youtube.com/c/CrosswordBookstores,books & stationery,"Buy books online in India at Crossword.in – the best online bookstore for fiction, non-fiction, self-help books, children’s story books & bestsellers. Explore novels, biographies, stationery, gift cards & books for all ages with great deals and fast delivery across India.",https://cdn.shopify.com/s/files/1/0975/6010/1045/files/favicon_1.png?v=1760704980,Maharashtra,Pune,crosswordonline.myshopify.com,INR,Shopify business address in India; prices in INR; .in domain; +91 phone number,Shopify business address,tranco
ctrl8.in,Ctrl8,support@ctrl8.in,+919220248884,https://instagram.com/ctrl8india,https://facebook.com/profile.php?id=61578452181113,https://x.com/ctrl8india,https://linkedin.com/company/112766819,https://youtube.com/channel/UCr0Pvl0VRigRy-AOVcrDy_w,electronics & gadgets,"Discover CTRL8, your destination for premium wireless earbuds, Bluetooth headphones and smart audio accessories. Enjoy powerful sound, deep bass, long battery life and seamless connectivity. Shop stylish, high-performance audio products with secure checkout and fast delivery across India",https://ctrl8.in/cdn/shop/files/FINAL_LOGO_UNIT_77895523-8214-428c-b6f7-b16a42e1711c.png?v=1777382098,Delhi,Delhi,8vkgxw-yj.myshopify.com,INR,Shopify business address in India; prices in INR; .in domain; GSTIN on site; Indian postal address on site; +91 phone number,Shopify business address,tranco
cuero.in,CUERO,info@cuero.in; orders@cuero.in,+919730199709,https://instagram.com/cuerohandcraftedluxury,,,,,footwear,"Discover Cuero's premium handmade leather shoes, bags & accessories. Timeless craftsmanship, global shipping, and custom-fit elegance await.",https://cuero.in/cdn/shop/files/Logo2.png?v=1739003846,Maharashtra,Pune,kgtxwg-6t.myshopify.com,INR,Shopify business address in India; prices in INR; .in domain; Indian postal address on site; +91 phone number,Shopify business address,tranco
culltique.in,Culltique,help@culltique.in,,https://instagram.com/culltique.in,https://facebook.com/profile.php?id=61556128411708,,,,bags & accessories,"Discover Culltique's premium phone cases and covers with aesthetic appeal, including iPhone cases and Android covers. Perfect for elegance and durability in their phone accessories.",https://culltique.in/cdn/shop/files/Culltique_logo.png?v=1735554567,Telangana,Hyderabad,d5bc04-3.myshopify.com,INR,Shopify business address in India; prices in INR; .in domain; GSTIN on site; Indian postal address on site,Shopify business address,tranco
cultree.in,Cultree India,customercare@cultree.in,+919238642147; +918660979393,https://instagram.com/cultreeindia,https://facebook.com/profile.php?id=100087729994071,,,https://youtube.com/@cultree-anagricultureensem1808,plants & gardening,"Cultree your trusted partner in agriculture. We are a one-stop eCommerce store dedicated to providing farmers with high-quality seeds, insecticides, pesticides, plant growth regulators, and cutting-edge agricultural tools.",https://cultree.in/cdn/shop/files/light.png?v=1700714440,Madhya Pradesh,Sagar,5965b3-2.myshopify.com,INR,Shopify business address in India; prices in INR; .in domain; +91 phone number,Shopify business address,tranco
curato.in,Curato,online@curato.in,+918879381014,https://instagram.com/curato.in,https://facebook.com/curatoindia,,,,men's apparel,"Curato was conceptualized to disrupt the elusion and mindset that men aren’t conscious about fashion.""Discover Curato, your one-stop destination for curated menswear collections.",https://curato.in/cdn/shop/files/image0.png?v=1613208863,Maharashtra,Mumbai,curatostore.myshopify.com,INR,Shopify business address in India; prices in INR; .in domain; +91 phone number,Shopify business address,tranco
www.curiouscub.in,Curious Cub,support@curiouscub.in,+919056088808,https://instagram.com/curiouscub.in,https://facebook.com/curiouscub.in,,,https://youtube.com/@curiouscubindia,"toys & games, furniture","Explore Montessori-inspired toys, activity boxes & play furniture for ages 0–16 years. Most trusted toy brand of India, trusted by 1,00,000+ parents. Discover our New Launches, age-specific sets & developmental play tools, safe, educational & made in India.",https://www.curiouscub.in/cdn/shop/files/Untitled_1.png?v=1674930606,Haryana,Gharaunda,curiouscubb.myshopify.com,INR,Shopify business address in India; prices in INR; .in domain; Indian postal address on site; +91 phone number,Shopify business address,tranco
cycle.in,Cycle.in,care@cycle.in,1800-425-7729,https://instagram.com/cycle.in_,https://facebook.com/CYCLEdotIN,,https://linkedin.com/company/nrrs,https://youtube.com/c/CYCLEdotIN,"home decor, kids & baby","Premium incense sticks, cones, pooja essentials, and home care accessories at Cycle Pure. With 75 years of legacy, we offer high-quality agarbatti, dhoop and sambrani.",https://cycle.in/cdn/shop/files/Logo_cycle.png,Karnataka,Mysuru,store-cycle.myshopify.com,INR,Shopify business address in India; prices in INR; .in domain; Indian postal address on site,Shopify business address,tranco
www.cyclingboutique.in,Cycling Boutique,support@cyclingboutique.in,+918277276424; +0918277276424; +919538949110,https://instagram.com/CyclingBoutique,https://facebook.com/groups/BangaloreRoadsters,https://twitter.com/CyclingBoutique,,https://youtube.com/channel/cyclingboutique,"sports & fitness, bags & accessories","Cycling Boutique | India's No.1 Bicycle Store - Shop Online. From the most successful Bikeshop for bicycle services and anything for cycling in India. Buy International Roadbikes, Hybrid, MTB, Gravel, and other Cycles at affordable prices. Free Sh...",https://cdn.shopify.com/s/files/1/0304/3177/2811/files/Cycling_Boutique_-_Sqare_-_Logo_-_New.jpg,Karnataka,Bengaluru,cyclingboutique.myshopify.com,INR,Shopify business address in India; prices in INR; .in domain; Indian postal address on site; +91 phone number,Shopify business address,tranco
d-more.in,dmore,support@d-more.in,,,,,,,"health & nutrition, skincare",,https://d-more.in/cdn/shop/files/Untitled_design_4.png?v=1738609846,Uttar Pradesh,Noida,4ae9d3-2.myshopify.com,INR,Shopify business address in India; prices in INR; .in domain,Shopify business address,tranco
daddyofficial.in,Daddy Official,support@daddyofficial.in,+919112129768,https://instagram.com/daddyofficial.in,https://facebook.com/daddyofficial.in,,,https://youtube.com/@Daddyperfumes,fragrances,"Dive into the world of DADDY, where we redefine masculinity and guide you on your journey to becoming the best version of yourself.",https://daddyofficial.in/cdn/shop/files/House_of_daddy_white_jpg.jpg?v=1785846327,Maharashtra,Pune,daddyofficial.myshopify.com,INR,Shopify business address in India; prices in INR; .in domain; +91 phone number,Shopify business address,tranco
daivik.in,Daivik.in,info.daivikindia@gmail.com,,,,,,,jewellery,"We (DAIVIK) believe that accessories complete the look. Our goal is to create stunning , high quality accessories and bring them to you! We are here for you every step of the way making sure your matched with the perfect accessory.Best Sellers in South Indian Jewellery , Temple Jewellery , Kemp Jewellery.",https://daivik.in/cdn/shop/files/watermark.png?v=1613717076,Tamil Nadu,CHENNAI,daiviktina.myshopify.com,INR,Shopify business address in India; prices in INR; .in domain,Shopify business address,tranco
danielhechter.in,Daniel Hechter,service@brandzstorm.com,+919152250042,https://instagram.com/danielhechterin,https://facebook.com/people/Daniel-Hechter-India/61573190375167,,,https://youtube.com/@DanielHechterIndia,watches,Daniel Hechter India | Daniel Hechter Watches | Designed In Paris,https://danielhechter.in/cdn/shop/files/LOGO_WHITE-removebg-preview.png?v=1748245914,Maharashtra,Mumbai,gdb0u5-as.myshopify.com,INR,Shopify business address in India; prices in INR; .in domain; Indian postal address on site; +91 phone number,Shopify business address,tranco
dawntown.co.in,Dawntown,hello@dawntown.in,+919619630527,https://instagram.com/dawntownclothing,,,,,"apparel, footwear","Shop the latest in streetwear, designer brands, luxury footwear, and limited edition sneakers including Jordans, Yeezy, Dunks, and New Balance online.",https://dawntown.co.in/cdn/shop/files/dawn-full-logo.webp?v=1740896935,Maharashtra,Mumbai,97356b-87.myshopify.com,INR,Shopify business address in India; prices in INR; .in domain; +91 phone number,Shopify business address,tranco
www.dchica.in,D'chica,customercare@dchica.co.in,+917065095402,https://instagram.com/dchica.in,https://facebook.com/Dchica.in,,https://linkedin.com/company/dchica,https://youtube.com/@Dchica25,"women's apparel, health & nutrition","India's trusted brand. No-wire bras, leakproof period panties & camisoles for women & teen girls. BIS certified. Trusted by 10 lakh+ women. Free shipping on prepaid.",https://www.dchica.in/cdn/shop/files/logo_d828b8e2-89c4-4252-a26b-8fe9e27f4190.png?v=1789571200,Delhi,New Delhi,dchica.myshopify.com,INR,Shopify business address in India; prices in INR; .in domain; Indian postal address on site; +91 phone number,Shopify business address,tranco
www.dealdroop.co.in,Deal Drop,support@dealdroop.co.in,,,,,,,,,https://www.dealdroop.co.in/cdn/shop/files/WhatsApp_Image_2026-06-12_at_6.36.54_PM.jpg?v=1781269694,Chhattisgarh,Raipur,0cmruz-cc.myshopify.com,INR,Shopify business address in India; prices in INR; .in domain,Shopify business address,tranco
decure.in,Decure.in,hello@decure.in,+919869696977,,,,,,"home & kitchen, furniture","Discover Decure - Your ultimate destination for premium kitchen, bathroom, and interior products. Shop from 70+ top brands offering built-in appliances, sinks, faucets, tiles, and more. Buy online, build offline with ease!",https://decure.in/cdn/shop/files/Decure_Logo_1000x500Px.png?v=1711642701,Maharashtra,Mumbai,8158c9-25.myshopify.com,INR,Shopify business address in India; prices in INR; .in domain; +91 phone number,Shopify business address,tranco
deepscreation.in,Deep's Creation,dilipmaraj@yahoo.com,+919920513224,https://instagram.com/deepscreation_lace,https://facebook.com/Deepscreation21,,,,ethnic wear,"We specialize in crafting premium-quality designer laces, saree borders, and ready-made blouses that celebrate the elegance and heritage of Indian attire. Our artisans pour dedication and skill into each piece, ensuring that our products reflect a perfect blend of tradition and modernity.",https://deepscreation.in/cdn/shop/files/Deep_Creations_Logo.png?v=1730794400,Maharashtra,Mumbai,sareeborder-laces.myshopify.com,INR,Shopify business address in India; prices in INR; .in domain; Indian postal address on site; +91 phone number,Shopify business address,tranco
dennison.in,Dennison Fashion India,care@dennison.in; info@dennison.in,,https://instagram.com/dennison.in,,,https://linkedin.com/company/dennison-india,https://youtube.com/channel/UCPbtZH-Me1HZ0JmrS9pHByQ,men's apparel,"Rooted in Indian craftsmanship and driven by modern innovation, Dennison redefines everyday fashion for the world. Designed in the heart of India, our styles blend comfort, culture, and confidence—crafted for global citizens who believe in timeless, effortless elegance.",https://dennison.in/cdn/shop/files/Untitled_design.svg?v=1740581963,Madhya Pradesh,Gwalior,dennisonfashionindia.myshopify.com,INR,Shopify business address in India; prices in INR; .in domain; Indian postal address on site,Shopify business address,tranco
deodap.in,DeoDap,care@deodap.com,+919624666683,https://instagram.com/deodap_india,https://facebook.com/deodap,,https://linkedin.com/company/deodap,https://youtube.com/c/OnlineBusinessIdeasbyDeoDap,"home & kitchen, toys & games","Shop wholesale products at DeoDap India — lowest prices on home, kitchen, toys, gifts & more. No MOQ. Free shipping. 1Cr+ happy customers!",https://deodap.in/cdn/shop/files/logo_w_11zon_1.webp?v=1758873844,Gujarat,Rajkot,a5aec8.myshopify.com,INR,Shopify business address in India; prices in INR; .in domain; GSTIN on site; Indian postal address on site; +91 phone number,Shopify business address,tranco
dermatics.in,Dermatics.in,support@dermatics.in,+919428763544,https://instagram.com/dermatics_india,https://facebook.com/dermatics.india,,https://linkedin.com/company/dermatics-in,https://youtube.com/@DermaticsIndia,"skincare, health & nutrition","Dermatics.in is India's a trusted Indian online derma division. we are sell Online Store offering Cosmeceutical's, Derma care & Nutraceutical Products upto 45% discount",https://dermatics.in/cdn/shop/files/New-Logo.png?v=1758179574,Gujarat,Surat,dermatics-in.myshopify.com,INR,Shopify business address in India; prices in INR; .in domain; Indian postal address on site; +91 phone number,Shopify business address,tranco
dermawear.co.in,Dermawear,customercare@dermawear.co.in,+917770019994; +918272035212,https://instagram.com/dermawear.official,https://facebook.com/Dermawear,https://x.com/dermawear,,https://youtube.com/@dermawearindia,apparel,"Range of Body Shapers for Men and Women, Sports Bra, Bust Shapers, Shapewear Jeans, Saree Shapewear to choose from. Free Shipping, Easy Returns and COD available.",https://dermawear.co.in/cdn/shop/files/Dermawear_logo.webp?v=1749895523,Uttar Pradesh,Meerut,dermawear-testing.myshopify.com,INR,Shopify business address in India; prices in INR; .in domain; +91 phone number,Shopify business address,tranco
designmachine.in,design.machine1,designmachinesuits@gmail.com,+919667716597,,,,,,apparel,,https://designmachine.in/cdn/shop/files/IMG_1026.png?v=1747477231,Delhi,New Delhi,design-machine1.myshopify.com,INR,Shopify business address in India; prices in INR; .in domain; +91 phone number,Shopify business address,tranco
desisandook.in,Desisandook Enterprises Private Limited,seva@desisandook.in,+919999624611,https://instagram.com/desisandook,https://facebook.com/desisandook,,,,ethnic wear,"'Sandook' dates back to thousands of years in history. It was meant to carry and store not just one’s belongings but to safe keep the valuables, the invaluable and everything memorable and cherishable. The essence of Desi Sandook is ‘return to the roots’ to contemporize and reposition ethnic fashion in the heart and minds of the independent Indian women. It will remind you of our old, regal fashion.",https://desisandook.in/cdn/shop/files/logo.png?v=1690304643,Haryana,Gurgaon,desisandook.myshopify.com,INR,Shopify business address in India; prices in INR; .in domain; Indian postal address on site; +91 phone number,Shopify business address,tranco
deyga.in,Deyga Organics,enquiry@deyga.in,+919514325599; +919514345599; +919514375599; +919087015599; +919087045599; +919087035599,https://instagram.com/deyga_organics,https://facebook.com/people/Deyga-Organics/100067458253719,https://x.com/deygaorganics,https://linkedin.com/company/deyga-organics,https://youtube.com/channel/UC5xhroNk5TZyi4Ju0BE_Yqw,skincare,"Say yes to healthy, radiant skin with Deyga Organic's natural skin care products, made with pure ingredients. Find your favourites & glow naturally.",https://deyga.in/cdn/shop/files/Speed_Deyga_Logo_22e3e05f-d43a-4ed7-a33d-8f5f8d393c0c.png?v=1782390990,Tamil Nadu,Erode,deyga-in.myshopify.com,INR,Shopify business address in India; prices in INR; .in domain; Indian postal address on site; +91 phone number,Shopify business address,tranco
diamondlady.in,DiamondLady,help@diamondlady.in; legal@diamondlady.in; samarth@diamondlady.in,+918800225892; +918800225829,https://instagram.com/diamondlady.in,https://facebook.com/diamondlady.in,https://x.com/diamondlady,,https://youtube.com/@diamondlady_in,women's apparel,"Shop DiamondLady for thoughtfully designed dresses and co-ord sets in quality fabrics, with inclusive sizing, easy exchange support, and customization options for a better fit.",https://diamondlady.in/cdn/shop/files/DL_111111.png?v=1788843485,Delhi,Delhi,ceo-diamondlady.myshopify.com,INR,Shopify business address in India; prices in INR; .in domain; GSTIN on site; +91 phone number,Shopify business address,tranco
www.digitek.net.in,IMS Mercantiles Limited,info@digitek.net.in,+919582443444; +918826446055; 1800-123-544,https://instagram.com/digitekofficial,https://facebook.com/digitekofficial,,https://linkedin.com/company/digitekofficial,https://youtube.com/channel/UC-smryUreewac23ZHeVOdwQ,electronics & gadgets,"Shop the latest photography and videography gear at Digitek. From tripods to lights, get pro tools trusted by content creators and professionals.",https://www.digitek.net.in/cdn/shop/files/logo_45c5d2c3-dfe0-4370-b89a-2c83bc8a01d3.png,Delhi,Delhi,digitek-project.myshopify.com,INR,Shopify business address in India; prices in INR; .in domain; Indian postal address on site; +91 phone number,Shopify business address,tranco
dithya.in,Dithya.in,info.dithya@gmail.com,+919080645863,https://instagram.com/dithya.in,,,,https://youtube.com/@dithyaindia,women's apparel,Explore the latest fashion trends at Dithya.in Discover stylish clothing for women. Shop online now and stay fabulous!,https://dithya.in/cdn/shop/files/Logo_Template_-_Rose_Gold_and_Black.zip_-_6.png?v=1775720074,Tamil Nadu,Chennai,fb36f6-57.myshopify.com,INR,Shopify business address in India; prices in INR; .in domain; Indian postal address on site; +91 phone number,Shopify business address,tranco
www.divinehindu.in,Divine Hindu,support@divinehindu.in; store.jayanagar@divinehindu.in,+918130978800; +919900032791; +919220239256,https://instagram.com/divinehindu.in,https://facebook.com/divinehindu,,https://linkedin.com/company/divinehindu,https://youtube.com/@DivineHinduIndia,jewellery,"Explore our collection of authentic Rudraksha beads, spirituality items & spiritual jewelry with govt. lab certification,inspired by Hindu culture and traditions.",https://cdn.shopify.com/s/files/1/0790/4988/3955/files/divineHinduLogo.webp,Haryana,Gurugram,6ce139.myshopify.com,INR,Shopify business address in India; prices in INR; .in domain; GSTIN on site; Indian postal address on site; +91 phone number,Shopify business address,tranco
drogo.in,Drogo India,care@drogo.in,+917358110278; +917520444000,https://instagram.com/drogoindia,https://facebook.com/drogoindia,,,,furniture,"Drogo makes ergonomic chairs built for Indian homes and offices. Explore gaming chairs, office chairs & desk accessories. Free shipping. 3-year warr...",https://drogo.in/cdn/shop/files/Drogo_logo.png,Tamil Nadu,Chennai,23e96b.myshopify.com,INR,Shopify business address in India; prices in INR; .in domain; +91 phone number,Shopify business address,tranco
dropy.in,Dropy India,support@dropy.in,+919867996311,https://instagram.com/dropy_in,https://facebook.com/profile.php?id=61586302975608,,https://linkedin.com/in/dropy-india-bb499a3a3,https://youtube.com/@DropyIndia,"health & nutrition, toys & games","India's largest platform for authentic USA, UK & Korean imports. Every product sealed, batch-verified & shipped with proof across India.",https://dropy.in/cdn/shop/files/creative_400_x_100_px_1.png?v=1780655730,Maharashtra,Navi Mumbai,7n0vkr-rn.myshopify.com,INR,Shopify business address in India; prices in INR; .in domain; GSTIN on site; Indian postal address on site; +91 phone number,Shopify business address,tranco
drtrust.in,Dr Trust,customercare@nureca.com,+917527013265; +919356658436; +917743002485,,,,,,"home & kitchen, health & nutrition","Your trusted destination for health and wellness products. Browse our range of reliable and affordable medical devices, personal care products, and home healthcare equipment. Get expert advice and fast, secure delivery. Shop now!",https://drtrust.in/cdn/shop/files/Dr_trust_logo_without_Doctor_R_-01s.png?v=1738663365,Chandigarh,chandigarh,drtrust.myshopify.com,INR,Shopify business address in India; prices in INR; .in domain; Indian postal address on site; +91 phone number,Shopify business address,tranco
drveda.in,Dr. Veda,support@drveda.in,+919540838607,https://instagram.com/dr.vedaofficial,https://facebook.com/profile.php?id=61580534308201,,,https://youtube.com/channel/UCgg_MmRU6wxTx8LzleMI4Jg,skincare,"Every idea begins with a spark of inspiration. Ours was the simple belief that nature holds the power to heal, soothe, and restore balance. What started as a personal passion for essential oils and natural remedies soon grew into a heartfelt mission — to create safe, effective, and nurturing blends that bring comfort and care to everyday life.",https://drveda.in/cdn/shop/files/black_logo.png?v=1789386773,Delhi,New Delhi,dr-veda.myshopify.com,INR,Shopify business address in India; prices in INR; .in domain; +91 phone number,Shopify business address,tranco
duckduckbaby.in,duckduckbaby,hello@duckduckbaby.in,+918928400500,https://instagram.com/duckduckbaby.in,,,https://linkedin.com/company/duckduckbaby,https://youtube.com/channel/UC72wq-lxYYL0417TTvIuQsg,kids & baby,"Discover 22,000+ premium baby products from 100+ iconic international baby brands. Enjoy live personalized demos, free 1 day delivery, COD & No Cost EMI - making us India's No.1 online destination for new mom & baby products shopping.",https://duckduckbaby.in/Liquid error (snippets/schema line 8): invalid url input,Uttar Pradesh,Noida,duckduck-baby.myshopify.com,INR,Shopify business address in India; prices in INR; .in domain; +91 phone number,Shopify business address,tranco
dwarkas.in,Dwarkas,dgel@dwarkas.com; dwarka.jaipur@dwarkas.com,+919928028830,https://instagram.com/dwarkasjaipur,https://facebook.com/dwarkagemsltd,,,https://youtube.com/@dwarkasyourjeweller,jewellery,"Discover our story, our passion for exquisite craftsmanship, and our commitment to creating timeless pieces that celebrate life's most precious moments.",https://dwarkas.in/cdn/shop/files/OHWHFHSl9VDoNOBbcbaI3rdZ8M.png?v=1756276331,Rajasthan,Jaipur,dwarkass.myshopify.com,INR,Shopify business address in India; prices in INR; .in domain; Indian postal address on site; +91 phone number,Shopify business address,commoncrawl
dylect.in,Dylect,care@dylect.in,+918669393000,https://instagram.com/dylect.india,https://facebook.com/dylect.india,https://twitter.com/dylect_india,https://linkedin.com/company/dylect-india,https://youtube.com/@dylect-india,tools & hardware,"Discover top products at Dylect, including Pressure Washers, Solar Garden Lights, Solar Street Lights, Tyre Inflators, and more. Explore energy-efficient solutions like Solar LED Lights and Outdoor Wall Lights for your home and car.",https://dylect.in/cdn/shop/files/Dylect_Logo_open_file-03_1.png?v=1766947514,Haryana,Gurugram,dylect.myshopify.com,INR,Shopify business address in India; prices in INR; .in domain; Indian postal address on site; +91 phone number,Shopify business address,tranco
e2u.in,e2uonline,sales@e2u.in; onlinesales@e2u.in,+919740789819,,,,,,electronics & gadgets,,https://e2u.in/cdn/shop/files/logo-new.png?v=1679896201,Karnataka,Bengaluru,e2uonline.myshopify.com,INR,Shopify business address in India; prices in INR; .in domain; +91 phone number,Shopify business address,commoncrawl
easyphones.co.in,EasyPhones,info@easyphones.co.in; warranty@easyphones.co.in,+918829064700,https://instagram.com/easyphonesofficial,https://facebook.com/profile.php?id=61552140507769,https://x.com/EasyphonesInfo,,https://youtube.com/@Easyphones971,electronics & gadgets,Buy refurbished phones in India with 6-month warranty & 7-day return. Explore premium brands at great prices with EasyPhones,https://easyphones.co.in/cdn/shop/files/EasyPhones_logo_in_redbox.webp?v=1740420874,Rajasthan,Udaipur ,aa4c85.myshopify.com,INR,Shopify business address in India; prices in INR; .in domain; GSTIN on site; Indian postal address on site; +91 phone number,Shopify business address,tranco
eauto.co.in,Eauto,info@eauto.co.in,,https://instagram.com/eautoindia,https://facebook.com/EAuto-106257284491915,,,https://youtube.com/c/eautoindia,bags & accessories,"Genuine Bike Spare Parts | Low Price | Fast Delivery. Parts for Bajaj Pulsar 220, 200, 180 , 150 , Discover, Avenger, Hero Passion, Splendor, Xtreme, Karizma, Pleasure, Honda Activa, CBR 150, Unicorn, Honda Twister, Yamaha FZ, R15, Suzuki Access & More",https://eauto.co.in/cdn/shop/files/Logo-Jun-25-1.png?v=1749722282,Delhi,New Delhi,eauto-co-in.myshopify.com,INR,Shopify business address in India; prices in INR; .in domain,Shopify business address,tranco
ebodycare.in,ebodycare.in,wecare@bodycarecreations.com,+911204686444; +919667744151,https://instagram.com/Bodycarecreations,https://facebook.com/Bodycareloveyourbody,https://twitter.com/ilovebodycare,https://linkedin.com/company/bodycarecreations,https://youtube.com/channel/UCyHFpvMc8HwM7Zf1lr1i9vA,apparel,"Discover the best in innerwear and activewear at Bodycare. Shop high-quality bras, panties, camisoles, trunks, briefs, and athleisure for men and women. Elevate your comfort and style with Bodycare's exclusive collection. Shop now on ebodycare.in!",https://ebodycare.in/cdn/shop/files/Group_98.png?v=1720173775,Uttar Pradesh,Noida,3931fc-56.myshopify.com,INR,Shopify business address in India; prices in INR; .in domain; Indian postal address on site; +91 phone number,Shopify business address,tranco
efwbyfathima.in,efwbyfathimastore,,,https://instagram.com/elegant_fashion_way,https://facebook.com/efwbyfathima.in,,,,"ethnic wear, women's apparel","Launched in 2018, ELEGANT FASHION WAY by FATHIMA offers a wide range of apparels, from ethnic to western, indo western and even exclusive accessories that acentuate any woman’s unique sense of style and grace. Our clothing and accessories are carefully curated to provide our customers the latest fashion. We post new arrivals everyday to keep our customers up-to-beat with fashion.",https://efwbyfathima.in/cdn/shop/files/RGB_Logo_PNG-10.png?v=1736612130,Tamil Nadu,CHENNAI,efwbyfathimastore.myshopify.com,INR,Shopify business address in India; prices in INR; .in domain,Shopify business address,tranco
egfix.in,EGFix,support@egfix.in,+919625767451; +918368887451,,,,,,electronics & gadgets,"Shop high-quality mobile spare parts, display screens, batteries, and repair tools online in India. Fast shipping & trusted by 30,000+ customers. EGFix.in",https://egfix.in/cdn/shop/files/EGFix_Logo_229998b6-6818-448e-8007-e0979a5b4dd2.png?v=1716963571,Uttar Pradesh,Ghaziabad,44c943-4.myshopify.com,INR,Shopify business address in India; prices in INR; .in domain; Indian postal address on site; +91 phone number,Shopify business address,tranco
egoss.in,Egoss Shoes,info@egoss.in,+918410064005; +8410064005; +919897922604; +9897922604; +919258026536; +918279976332,https://instagram.com/egoss_shoes,https://facebook.com/egoss.in,https://x.com/egossshoes,https://linkedin.com/company/egoss-shoes,https://youtube.com/@Egoss_Shoes,footwear,"Discover handcrafted leather shoes, luxury shoes, and premium shoes at Egoss. Explore our collection of meticulously designed footwear for unmatched elegance and quality.",https://egoss.in/cdn/shop/files/HD_LOGO_EGOSS_6.png?v=1776977210,Uttar Pradesh,AGRA,egoss-shoes.myshopify.com,INR,Shopify business address in India; prices in INR; .in domain; GSTIN on site; Indian postal address on site; +91 phone number,Shopify business address,tranco
egun.in,Egun,contactusegun@gmail.com,+917069933403,,,,,,electronics & gadgets,Egun are one-stop shop for EV charger safety boxes & premium Ola accessories in India. Get top quality at reasonable prices. Free* Ola Accessories Fitting.,https://egun.in/cdn/shop/files/E-Gun_Logo_7537dde0-68ec-420d-a581-c0a14a29129e.png?v=1723701421,Gujarat,Kathwada Ahmedabad,6c07d7-99.myshopify.com,INR,Shopify business address in India; prices in INR; .in domain; Indian postal address on site; +91 phone number,Shopify business address,tranco
eilaa.in,Eilaa,helloeilaa.in@gmail.com,+918825652842; +918838210680,https://instagram.com/eilaa.in,,,,,ethnic wear,"Stay Ahead in Fashion with Eilaa's Exclusive Collection! Shop Trendy Kurtis & More, Crafted with Premium Fabrics for Ultimate Comfort and Style. Must-Have Essentials for Every Wardrobe.",https://eilaa.in/cdn/shop/files/ELIAA_FINAL_OUTS-01s.png?v=1717147472,Tamil Nadu,erode,04d666-4.myshopify.com,INR,Shopify business address in India; prices in INR; .in domain; +91 phone number,Shopify business address,tranco
el-the-cook.myshopify.com,EL THE COOK®,,+919960290006,https://instagram.com/elthecook,https://facebook.com/elthecook,https://twitter.com/elthecookindia,,https://youtube.com/channel/UCdWwNrvon0sZ_oDgnEuxc0w,food & beverages,"El The Cook - Award Winning Seasonings, Marinades, Spice Mixes & Curry Pastes. Manufacturers & Exporters of Global food products to leading Food businesses worldwide.",https://el-the-cook.myshopify.com/cdn/shop/files/logo_for_site_dfb1cb62-2eb6-44da-a4d2-ee0d7402aa95.png?v=1772861158,Maharashtra,Pune,el-the-cook.myshopify.com,INR,Shopify business address in India; prices in INR; +91 phone number,Shopify business address,commoncrawl
www.elahe.in,Elahe,help@elahe.in,+917995804693; +16503830431,https://instagram.com/elaheofficial,https://facebook.com/elahehyd,,,,"ethnic wear, men's apparel","Elahe, the multi-designer store from Hyderabad has now opened their doors digitally. An array of opulent traditional wear to chic contemporary, Elahe houses a wide range of designers such as Sabyasachi, Raw mango, Anamika Khanna, Abhinav Mishra, Nidhi Tholia.",https://www.elahe.in/cdn/shop/files/Untitled_design_2.svg?v=1790336633,Telangana,Hyderabad,elahe-online.myshopify.com,INR,Shopify business address in India; prices in INR; .in domain; Indian postal address on site; +91 phone number,Shopify business address,tranco
elanclothing.in,Elan Clothing,support@elanclothing.in,+917795071110,https://instagram.com/elanclothing.in,https://facebook.com/elanclothing.in,,,,men's apparel,"At Elan Clothing, we believe a man’s wardrobe is more than just clothing—it’s a statement of style, character, and confidence. Our collections are thoughtfully designed for the modern gentleman who values timeless elegance, premium craftsmanship, and impeccable detail.",https://elanclothing.in/cdn/shop/files/elanlogomaroon_4eb64920-890c-47d9-8ea1-a25420cfd6bc.png?v=1776593600,Kerala,Uppala,elan-clothing-r.myshopify.com,INR,Shopify business address in India; prices in INR; .in domain; +91 phone number,Shopify business address,tranco
elitecarz.in,Elitecarz,elitecarzindia@gmail.com,+919711163000,,,,,,,"At EliteCarz , we believe buying a pre-owned car should be as exciting and trustworthy as buying a new one. Our mission is to make car ownership simple, transparent, and affordable for everyone.",https://elitecarz.in/cdn/shop/files/1751041270logo_250ce11c-d2ca-43e2-917d-9fcf945e8732.png?v=1775475567,Delhi,New Delhi,elitecarz.myshopify.com,INR,Shopify business address in India; prices in INR; .in domain; Indian postal address on site; +91 phone number,Shopify business address,tranco
elko.in,ELKO Healthcare,care@elko.in,+919958555875,https://instagram.com/elkohealthcare,https://facebook.com/elkohealthcareindia,,,https://youtube.com/@elkohealthcare,,"Found in 1965, Anita Industries is a ISO 13485:2016 and CE certified leading manufacturer of B.P. Apparatus (ISI mark), stethoscopes and other surgical equipments.",https://elko.in/cdn/shop/files/WhatsApp_Image_2025-10-29_at_08.30.53_2fe53209-removebg-preview.png?v=1761725157,Delhi,Delhi,2f4aa5-e4.myshopify.com,INR,Shopify business address in India; prices in INR; .in domain; +91 phone number,Shopify business address,tranco
www.elleven.in,ShopforWeleven,customercare.tcns@abfrl.adityabirla.com,+918796121632; +917840041638; +8796121632,https://instagram.com/ellevenfashionbottoms,https://facebook.com/EllevenFashionBottoms,https://twitter.com/ShopforElleven,,,"women's apparel, ethnic wear","Discover Elleven New Festive Collection of dupatta, & bottom wear. COD, Easy Returns, and Pan-India delivery. Shop now for exclusive styles!",https://www.elleven.in/cdn/shop/files/Elleven_Logo___640_X_300_57960c50-df91-4ee6-b0ed-fec80fc0ecf8.jpg?v=1726821569,Delhi,New Delhi,shopforweleven.myshopify.com,INR,Shopify business address in India; prices in INR; .in domain; Indian postal address on site; +91 phone number,Shopify business address,tranco
elver.in,Elver,support@elver.in,,https://instagram.com/elver_audio,https://facebook.com/elvertribe,https://x.com/elver_tribe,https://linkedin.com/company/elverelectronics,https://youtube.com/@elver_audio,electronics & gadgets,"Enjoy your favourite music with Elver wireless earbuds and bluetooth earphones. Full Day Battery Life and Deep Bass. Free delivery, COD and Safe & Secure Purchase",https://elver.in/cdn/shop/files/Group-3.png?v=1714122357,Maharashtra,Mumbai,65af70-c0.myshopify.com,INR,Shopify business address in India; prices in INR; .in domain; Indian postal address on site,Shopify business address,tranco
embeyvally.in,EMBEYVALLY,help@embeyvally.in,+919428265169,https://instagram.com/embeyvallybrand,https://facebook.com/profile.php?id=61567629142524,https://twitter.com/EmbeyVally,,https://youtube.com/@embeyvally-thefashionjewel566,jewellery,"embeyvally® product range includes the largest-ever collection of traditional as well as Western Jewellery, Necklace Mangalsutra , Bracelets, Earrings, and Related Items.",https://embeyvally.in/cdn/shop/files/s_copy_cc52f9d2-5c44-483d-9574-94c6740b81cd.jpg?v=1739372946,Gujarat,Surat,a1dbf1-af.myshopify.com,INR,Shopify business address in India; prices in INR; .in domain; Indian postal address on site; +91 phone number,Shopify business address,tranco
www.emiratescubeshop.com,Emirates Cube Shop,emiratescubeshop@gmail.com; gadhiarohit@gmail.com,,,,,,,"toys & games, bags & accessories","Emirates Cube Shop is the First and Largest Cube Shop in the UAE. Emirates Cube Shop started in 2017 with a mission to provide one stop solution to all your speed-cubing needs. We have over hundreds of varieties of cubes, accesories from various brands like Gan, MoYu, Qiyi and YJ, DaYan, ShengShou, Speedstack,etc",https://www.emiratescubeshop.com/cdn/shop/files/unnamed.jpg?v=1659542323,Gujarat,India,emiratescube-shop.myshopify.com,AED,Shopify business address in India,Shopify business address,commoncrawl
www.emma-sleep.in,Emma Sleep India,support@emma-sleep.in,+919910806545; +918065821108,https://instagram.com/emma.mattress_india,https://facebook.com/EmmaMattressIndia,,,https://youtube.com/channel/UC2ogBAlPbtgYuVX__s4T0LQ,home & kitchen,"Emma Sleep India offers the best mattress in India. Buy high-quality memory foam, hybrid, and lux foam mattresses online today and enjoy a great night's sleep.",https://www.emma-sleep.in/cdn/shop/files/logo_emma.webp?v=1756965719,Haryana,Gurugram,emma-sleep-india.myshopify.com,INR,Shopify business address in India; prices in INR; .in domain; Indian postal address on site; +91 phone number,Shopify business address,tranco
emori.in,Emori,support@emori.in,+918826866811; +919667217998; +919311920194; +919311923317; +919311920196; +919311939682,https://instagram.com/emori.in,https://facebook.com/profile.php?id=100094932525756,,https://linkedin.com/company/emorijewelry,https://youtube.com/@EmoriJewellery,jewellery,"Lab grown diamonds with high quality you’ll notice the moment you wear it. Choose from rings, earrings, necklaces, bracelets & mangalsutras. All IGI-SGL certified. Enjoy 30-day returns, lifetime exchange, and free shipping.",https://emori.in/cdn/shop/files/Make_gifting_Special_26474921-9606-4a86-bdfa-006175d70d7f.png?v=1767505754,Haryana,Gurugram,emorionline.myshopify.com,INR,Shopify business address in India; prices in INR; .in domain; Indian postal address on site; +91 phone number,Shopify business address,tranco
www.enamor.co.in,Enamor,customercare@enamor.co,+917406844400,https://instagram.com/enamorindia,https://facebook.com/EnamorIndia,https://x.com/i,,https://youtube.com/user/enamorindia,women's apparel,"Enamor® is India's premium online lingerie shop featuring a range of trendy bras, panties, nightwear, sportswear and athleisure. Buy women’s innerwear with us & get the perfect fit.",https://www.enamor.co.in/cdn/shop/files/Top_left_Header_logo.png?v=1743481923,Haryana,Gurugram,enamor-in.myshopify.com,INR,Shopify business address in India; prices in INR; .in domain; +91 phone number,Shopify business address,tranco
eridani.in,Eridani,support@eridani.in,+919653323975,https://instagram.com/eridani.in,https://facebook.com/eridani.in,,,https://youtube.com/channel/UC2umm7UYogChEZye7OtzsLA,footwear,"Shop premium women's footwear and handbags online at Eridani. Discover heels, flats, wedges, boots, loafers, Kolhapuris and bags crafted for every occasion. Shop the latest collection today.",https://eridani.in/cdn/shop/files/Eridanihigh_638dca47-5533-465a-91f7-c11ecb6c47d4.png?v=1671808280,Maharashtra,Bhiwandi,eridanistore.myshopify.com,INR,Shopify business address in India; prices in INR; .in domain; +91 phone number,Shopify business address,tranco
www.esmecrystal.com,EsmeCrsytal,info@esmecrystal.com; esmecrystals@gmail.com,+919082306302; +919873767514,https://instagram.com/esmecrystals,https://facebook.com/people/Esme-Crystals/100063930404420,https://twitter.com/i,,https://youtube.com/channel/UCHd5YamnZkRAgUrxIg7YT7Q,jewellery,"Handcrafted, designer Austrian jewellery - led by women and made in India. Shipping available worldwide. Enter a world of magic, color and fun!",https://www.esmecrystal.com/cdn/shop/files/logo_final_f151e4d2-27fa-454a-89d3-416b368c898b.png?v=1712056154,Delhi,New Delhi,esmecrsytal.myshopify.com,INR,Shopify business address in India; prices in INR; Indian postal address on site; +91 phone number,Shopify business address,commoncrawl
essa.in,ESSA GARMENTS,customercare@essagarments.com; shopping@essagarments.com,+918925899286; +918925880586; +919500799705,https://instagram.com/essa_garments,https://facebook.com/official.essa,,,https://youtube.com/@essagarmentsofficial,apparel,"Shop men's & women's innerwear, trunks, briefs,t-shirts and loungewear online. Quality everyday essentials from ESSA GARMENTS — delivered across India.",https://essa.in/cdn/shop/files/essa_logored.png?v=1765291137,Tamil Nadu,Tiruppur,fa7c72-2.myshopify.com,INR,Shopify business address in India; prices in INR; .in domain; GSTIN on site; +91 phone number,Shopify business address,tranco
etchcraftemporium.in,Etchcraft Emporium,,+919818151452,https://instagram.com/etchcraftemporium.in,https://facebook.com/etchcraftemporium,,,https://youtube.com/@etchcraftemporium,jewellery,"Browse our exclusive collection of watches, jewellery and other personalised accessories that represent you. Secure payment. Cash on delivery. Free shipping.",https://etchcraftemporium.in/cdn/shop/files/SQ_ETCHCRAFT_EMPORIUM_LOGO_black.jpg?v=1614268690,Delhi,Delhi,sociorush.myshopify.com,INR,Shopify business address in India; prices in INR; .in domain; Indian postal address on site; +91 phone number,Shopify business address,tranco
ethnicboutique.in,Ethnic Boutique ,support@ethnicboutique.in,+919836121666,,,,,,ethnic wear,,https://ethnicboutique.in/cdn/shop/files/web-logo.png?v=1772029170,West Bengal,Kolkata,jnuwn0-wm.myshopify.com,INR,Shopify business address in India; prices in INR; .in domain; Indian postal address on site; +91 phone number,Shopify business address,tranco
ethnicelement.in,Ethnic Elements,support@ethnicelement.com; ethnicelement@ethnicelement.com,+917892366169,https://instagram.com/ethnicelements,https://facebook.com/ethnicelementsbybharati,,https://linkedin.com/company/ethnic-elements,https://youtube.com/@ethnicelement2330,ethnic wear,"Discover Ethnic Elements – a sustainable ethnic wear brand rooted in Indian handloom traditions. Shop eco-friendly Kalamkari, Bhujodi, Baghprint, Ikkat, Jamdani & Ajrakh clothing. Handcrafted by skilled rural artisans. COD available | Free shipping | Genuine, premium-quality ethnic fashion | Suit Sets | Sarees",https://ethnicelement.in/cdn/shop/files/Ethnic_Elements_2e2c91a5-a17a-4ea9-9c3f-dc4f3e676149.png?v=1760442442,Karnataka,Bengaluru,ethnic-element.myshopify.com,INR,Shopify business address in India; prices in INR; .in domain; Indian postal address on site; +91 phone number,Shopify business address,tranco
www.ethnichic.in,Ethnichic,myethnichic@gmail.com,+918076209478,https://instagram.com/ethnichic.in,https://facebook.com/ethnichic.in,,,,apparel,"Established in 2007. We gained prominence as Manufacturer, Retailer of Garments ,Handbags and Fashion accessories, our core fields are time-to-time Innovation, and we pay utmost importance to our respected Buyers. We are committed to customer satisfaction and, hence, have a customer-oriented approach. This attitude envelops the entire organization and influences every function. We emphasize on delivering superior quality products, premium packaging, competitive rates and on-schedule delivery. We",https://www.ethnichic.in/cdn/shop/files/Untitled_design_3.svg?v=1722590850,Uttar Pradesh,Noida,738812-c7.myshopify.com,INR,Shopify business address in India; prices in INR; .in domain; +91 phone number,Shopify business address,commoncrawl
www.ethnicplus.in,Ethnic Plus,support@ethnicplus.in,+917575882020,https://instagram.com/ethnicplus.in,https://facebook.com/ethnicplus.in,https://x.com/ethnicplus_in,,https://youtube.com/channel/UCPnpwhDYgrWFTA4AyNdlX3Q,ethnic wear,"Get latest Indian ethnic wear like designer lehenga choli, stylist sarees, ethnic gown, trending salwar kameez at Ethnic Plus. Shop Now from",https://cdn.shopify.com/s/files/1/0682/5738/2539/files/favicon_1_6bf1e359-8e8a-4a13-8780-40fc8655fbfe.png?v=1749453938,Gujarat,Surat,ethnic-plus-in.myshopify.com,INR,Shopify business address in India; prices in INR; .in domain; Indian postal address on site; +91 phone number,Shopify business address,tranco
www.etrending.in,Etrending,info.etrending@gmail.com,+919768943897,https://instagram.com/etrendingtoys,https://facebook.com/profile.php?id=100083831619290,,,,toys & games,"Fuel your kid's learning & fun! Shop trendy school essentials, educational toys & exciting games for kids at Etrending. Bags, bottles, lunch box, stationary & more!",https://www.etrending.in/cdn/shop/files/everything-trending-logo-png.png?v=1770384018,Maharashtra,Mumbai,bfc380-57.myshopify.com,INR,Shopify business address in India; prices in INR; .in domain; Indian postal address on site; +91 phone number,Shopify business address,tranco
www.etstore.in,EMERGING TECHNOLOGIES,e4emerging@gmail.com,+919895241319,,,,,,electronics & gadgets,,,Kerala,THRISSUR ,etstore-in.myshopify.com,INR,Shopify business address in India; prices in INR; .in domain; GSTIN on site; Indian postal address on site; +91 phone number,Shopify business address,tranco
everanta.in,Everanta,info@everanta.in,+916284620811,https://instagram.com/everanta.in,https://facebook.com/everanta,,,https://youtube.com/@everanta21,"art & craft supplies, sports & fitness","Shop premium wall posters, canvas prints, and tapestries online in India at Everanta. Explore anime, sports, motivational, and custom wall art. Free shipping !",https://everanta.in/cdn/shop/files/Everanta_Logo_Black.png?v=1753872201,Punjab,Sahibzada Ajit Singh Nagar,61ji3n-0y.myshopify.com,INR,Shopify business address in India; prices in INR; .in domain; GSTIN on site; Indian postal address on site; +91 phone number,Shopify business address,tranco
evierose.in,Evierose,hello@evierose.in,+919315620798,https://instagram.com/evierose.in,https://facebook.com/evierose.in,,,,women's apparel,"Buy tops, pants, skirts, co-ord sets & more at Evierose. Designed in India, each piece offers premium fit, best quality & bold style that’s all you.",https://evierose.in/cdn/shop/files/Logo_Main.png?v=1721029025,Delhi,New Delhi,evierose-in.myshopify.com,INR,Shopify business address in India; prices in INR; .in domain; +91 phone number,Shopify business address,tranco
examcart.in,Examcart,quickreply@agpgroup.in,+918937099777,https://instagram.com/examcart_agp,https://facebook.com/examCart,https://x.com/agrawalexamcart,https://linkedin.com/company/agrawalexamcart,https://youtube.com/c/ExamcartLive,books & stationery,"Agrawal Examcart is a one-shop stop for all type of government exams in India. You can find and buy large collection of competitive exam books for CTET, TET, Bank PO, Bank Clerk, SSC (all posts), Railway (all posts) and other state level exams.",https://examcart.in/cdn/shop/files/exm_logo.avif?v=1775827982,Uttar Pradesh,AGRA,examcart.myshopify.com,INR,Shopify business address in India; prices in INR; .in domain; Indian postal address on site; +91 phone number,Shopify business address,tranco
exoticflora.in,Exotic Flora,support@exoticflora.in; exoticflora2015@gmail.com,+919392785121,https://instagram.com/exoticflora.in,https://facebook.com/onlinenursery,,,,plants & gardening,Buy plants online at a very low cost. Spruce up your home with some refreshing indoor and outdoor plants. We also offer gift plants at a reasonable price,https://exoticflora.in/cdn/shop/files/Exotic_Flora.svg?v=1740639674,Andhra Pradesh,rajahmundry,exoticfloraonline.myshopify.com,INR,Shopify business address in India; prices in INR; .in domain; +91 phone number,Shopify business address,tranco
www.expomx.in,EXPOMX.IN,,,https://instagram.com/expomx.in,,,,,pet supplies,"Buy Live Pet Online at EXPOMX.IN pet's like - Hamster, Live fish, Live birds, Cat, Dog, Reptiles etc.. buy now online cash on delivery at best price.",https://www.expomx.in/cdn/shop/files/8d0fb036-08ec-41a7-a777-dacb74346a24.webp?v=1783527073,West Bengal,Kolkata,8rn88d-8q.myshopify.com,INR,Shopify business address in India; prices in INR; .in domain,Shopify business address,tranco
www.eyejack.in,Eyejack Eyewear,support@eyejack.in,+919311933579,,,,,,bags & accessories,"Where clear vision and affordability unite seamlessly. Our lightweight, contemporary eyewear designs cater to all ages, ensuring that style doesn't come with a hefty price tag. Explore a world where affordability meets exceptional quality, making Eyejack your go-to for budget-friendly, everyday eyewear.",https://www.eyejack.in/cdn/shop/files/eyejack_logo_9255e696-20dc-41db-986d-d40aab2cc7b7.png?v=1775214105,Delhi,Delhi,d9f425-2.myshopify.com,INR,Shopify business address in India; prices in INR; .in domain; +91 phone number,Shopify business address,tranco
ezpac.in,EzPac,orders@ezpac.in,+918065950500; +9372502305,https://instagram.com/ezpacofficial,,,https://linkedin.com/company/ezpac,,food & beverages,"Design your own branded packaging in our free 3D studio. Custom sizes, starting from just 10 units, delivered to your doorstep. As seen on Shark Tank India.",https://ezpac.in/cdn/shop/files/1_EzPac_LOGO_05082023._Final_CTC.png?v=1754380493,Maharashtra,Mumbai,pv7ss9-fc.myshopify.com,INR,Shopify business address in India; prices in INR; .in domain; +91 phone number,Shopify business address,tranco
fabk.in,FABK,customercare@fabk.in; info@fabk.in,+7338872202; +917338872202; +917299452565,https://instagram.com/fabkestore,https://facebook.com/fabkestore,,,https://youtube.com/@FABKESTORE,ethnic wear,"FABK offers more than just sarees — we bring stories woven into every thread. Explore bespoke, handcrafted sarees and ethnic wear that blend heritage and modernity, tailored for the connoisseurs of true elegance. Elevate your wardrobe with the artistry of Indian textiles, made for those who celebrate uniqueness.",https://fabk.in/cdn/shop/files/FabK_logo.psd.webp?v=1765628826,Tamil Nadu,Chennai,fabk-in.myshopify.com,INR,Shopify business address in India; prices in INR; .in domain; Indian postal address on site; +91 phone number,Shopify business address,tranco
fablecasa.com,fablecasa,support@fablecasa.com,+918368113868; +919910809884; +919318486615,https://instagram.com/fablecasa,https://facebook.com/fablecasa,,,,home decor,"Explore a Luxary home decor Items that bring warmth and personality to every corner of your home. Whether it’s for your bedroom, living room, or any other space, find showpiece, stylish lighting, and more. Shop from one of India’s trusted home décor stores and give your home a fresh, inviting look today.",https://fablecasa.com/cdn/shop/files/Fablecasa_4.png?v=1744359202,Uttar Pradesh,Noida,fablecasa.myshopify.com,INR,Shopify business address in India; prices in INR; Indian postal address on site; +91 phone number,Shopify business address,commoncrawl
fabloe.in,Fabloein,support@fabloe.in,+919677290503,,,,,,ethnic wear,"Shop Fabloe.in - Best Online Fabric Store in India for Cotton, Silk, Rayon, Muslin, Kota, Georgette, Linen, Modal, Face Masks, Sarees, Dupattas, and Unstitched Suits. Discover Affordable fabrics.",https://fabloe.in/cdn/shop/files/fabloe-logo.svg?v=1677489866,Tamil Nadu,Chennai ,fabloein.myshopify.com,INR,Shopify business address in India; prices in INR; .in domain; +91 phone number,Shopify business address,tranco
fabricforever.in,Fabric Forever,hello@fabricforever.in,+918130130699,https://instagram.com/fabricforever,https://fb.com/fabricforever,,,https://youtube.com/@fabricforever,ethnic wear,"Elevate your sewing projects with the finest fabrics at Fabric Forever. Explore our curated collection of premium materials online, perfect for every creation. From luxurious silks to breathable cottons, discover a world of quality and endless possibilities. Shop now and unlock your creativity with Fabric Forever",https://fabricforever.in/cdn/shop/files/FF_logo-03.png?v=1658747724,Delhi,Delhi,fabric-forever-india.myshopify.com,INR,Shopify business address in India; prices in INR; .in domain; Indian postal address on site; +91 phone number,Shopify business address,tranco
fabricstoreonline.co.in,Fabric Store Online,fabricsstoreonline@gmail.com,+919842948121,https://instagram.com/fabric_store_online_,https://facebook.com/people/Fabric-Store/100063835733526,,,,women's apparel,"Fabric Store was founded in 2014 with a simple dream — to create loungewear that blends comfort, confidence, and elegance. What began as a humble reselling journey has grown into a trusted manufacturing brand that celebrates every stage of a woman’s life. Each piece we create is thoughtfully designed to make women feel empowered, beautiful, and truly at ease. Fabric Store is more than a clothing brand — it is a growing community. Supporting over 500 women entrepreneurs, we believe in women uplif",https://fabricstoreonline.co.in/cdn/shop/files/Gemini_Generated_Image_cv1z09cv1z09cv1z-removebg-preview.png?v=1772617973,Tamil Nadu,tiruppur,fabricstoreshop.myshopify.com,INR,Shopify business address in India; prices in INR; .in domain; GSTIN on site; Indian postal address on site; +91 phone number,Shopify business address,tranco
fabrictales.in,FabricTales.in,hello@fabrictales.in,+919558659696,,,,,,apparel,"Multi brand online fabric store for Raymond, Arvind, Siyarams, Vimal, Augustus etc for suiting and shirting fabrics.",https://fabrictales.in/cdn/shop/files/Fabric_tales_Logo_1_445bc303-a662-4330-aa43-b3b1bcaedd48.png?v=1747982708,Gujarat,Ahmedabad,mzf6ux-bq.myshopify.com,INR,Shopify business address in India; prices in INR; .in domain; +91 phone number,Shopify business address,tranco
factorybox.in,Factory Box,support@factorybox.in,+919942417575,https://instagram.com/factoryboxpatna,,,,https://youtube.com/@factoryboxmobile8313,electronics & gadgets,"Factory Box offers second-hand &Refurbished and new mobile phones of all top brands like iPhone, Samsung, Vivo, and Oppo at Low-cost prices. Enjoy up to 50% off, a 6-month warranty, 49-point quality checks, and 24/7 customer support. Shop now at FactoryBox.in for Verified deals and Incredible saving.",https://factorybox.in/cdn/shop/files/WhatsApp_Image_2024-11-15_at_1.09.25_PM.jpg?v=1731656382,Bihar,Patna,0dab5e-b0.myshopify.com,INR,Shopify business address in India; prices in INR; .in domain; Indian postal address on site; +91 phone number,Shopify business address,tranco
www.faebeauty.in,FAE BEAUTY,support@faebeauty.in,,https://instagram.com/faebeautyofficial,https://facebook.com/faebeautyofficial,,,https://youtube.com/channel/UCaAOLxArm30T1UwGsUNj0Hg,makeup,"FAE, which stands for Free and Equal Beauty creates and conceptualizes products that work for every shade of brown skin. The brand currently retails buildable matte lipsticks, 2 in 1 mascara brow gel, base coat mascara primer, and multi use lipgloss in a unique roller ball pen. Our Products are Vegan and Cruelty Free.",https://www.faebeauty.in/cdn/shop/files/newfaelogo.png?v=1773238331,Maharashtra,Mumbai,fae-mumbai.myshopify.com,INR,Shopify business address in India; prices in INR; .in domain,Shopify business address,tranco
fail.co.in,FAIL.,,+918826740077,https://instagram.com/fail.co.in,,,,,apparel,"Experience fashion-forward style with FAIL. Co-ordinated Sets, Shirts, Trousers, Tops, Blouses, Dresses and more.",https://fail.co.in/cdn/shop/files/Logo.png?v=1703530821,Haryana,Gurugram,931652-3.myshopify.com,INR,Shopify business address in India; prices in INR; .in domain; Indian postal address on site; +91 phone number,Shopify business address,tranco
faithandpatience.co.in,FAITH AND PATIENCE ,hello@faithandpatience.co.in; contact@gynoveda.com; faithpatience.willdo@gmail.com,+919983111400; +917852855002,https://instagram.com/meeoow_club,https://facebook.com/faithandpatience.shop,,https://linkedin.com/company/faith-and-patience,https://youtube.com/@MeeoowClub,"skincare, makeup","Makeup that breathes, waxing that doesn’t hurt, skincare that heals — Faith & Patience is India’s first beauty house for real Indian skin. Powered by Faith & Patience Beauty, Meeoow Club, and Dr. Fundamental — we create gentle, effective beauty that truly cares.",https://faithandpatience.co.in/cdn/shop/files/F_P_Logo_1.png?v=1755161339,Rajasthan,Jaipur,fpbadhalia.myshopify.com,INR,Shopify business address in India; prices in INR; .in domain; GSTIN on site; Indian postal address on site; +91 phone number,Shopify business address,tranco
famyo.in,Famyo,support@famyo.in,+918123391621,https://instagram.com/famyo.in,,,,https://youtube.com/@famyostore,"kids & baby, home & kitchen","Soft & Cute Character Based Kids Essentials. Bedsheet Sets, Duvets & Comforters, Blankets, Towels and more. We help you transform your kids room into their favourite magical space.",https://famyo.in/cdn/shop/files/Main_Logo_2.png?v=1748977830,Karnataka,Bengaluru,xoog-store.myshopify.com,INR,Shopify business address in India; prices in INR; .in domain; Indian postal address on site; +91 phone number,Shopify business address,tranco
fashion-apparels-store.myshopify.com,fashion apparels store,info@fashion.com,,,,,,,apparel,"Lorem ipsum dolor sit amet, quo ea liber assentior disputationi, ad amet aperiri his. Omnesque voluptua constituto eam ne, quidam lucilius patrioque duo id, tollit interpretaris ad ius. Cu diam ridens pri, ea quod nullam contentiones nam. Ex lucilius contentiones eam. Agam integre nec an, illum nulla ad nec.",https://cdn.shopify.com/s/files/1/0018/4267/5763/files/logo_7bc0040d-fd6c-4c6f-98f1-7f6c83331377.png?v=1529496362,Tamil Nadu,MADURAI,fashion-apparels-store.myshopify.com,USD,Shopify business address in India,Shopify business address,commoncrawl
fashiondream.co.in,Fashion Dream,info@fashiondream.co.in; support@fashiondream.co.in,+918140836015; +919227897910,https://instagram.com/fashiondream.co.in,https://facebook.com/fashiondreamcoin-105911668518600,,,https://youtube.com/@fashiondream4154,"women's apparel, ethnic wear","Fashion Dream offers wide range of designer clothing for women and girls. Available frocks, dresses, Jumpsuits, lehenga choli, Brother Sister, Ethnic Set, Girls casual, fusion wear clothing. You can get Women Designer Clothing Like Dresses, Ethnic Set, Kurta & Kurti , Co Ords, Tops, Knee Length, Midi, Maxi.",https://fashiondream.co.in/cdn/shop/files/logo-only.gif?v=1688381263,Gujarat,Surat,fashion-dream-com.myshopify.com,INR,Shopify business address in India; prices in INR; .in domain; Indian postal address on site; +91 phone number,Shopify business address,tranco
fashiontex.in,FASHION TEXTILES,fashiontex365@gmail.com,+7902267464,https://instagram.com/fashiontextiles_,https://facebook.com/profile.php?id=100064073499917,,,https://youtube.com/@Fashiontextiles365,"ethnic wear, apparel",A COMPLETE FAMILY SHOP,https://fashiontex.in/cdn/shop/files/Fashion_Logo.png?v=1723118192,Kerala,North Paravur,b9462f-bf.myshopify.com,INR,Shopify business address in India; prices in INR; .in domain,Shopify business address,tranco
fatcatcollectibles.in,FATCAT COLLECTIBLES,fatcatcollectibles.in@gmail.com,+917620783819; +917972212522,https://instagram.com/fatcatcollectibles,https://facebook.com/D.fatcatcollectibles,,,,"collectibles & hobbies, toys & games","India's Largest Collection of Superhero & Anime Collectibles, statues, figures, replicas, apparel and many more from the greatest purveyor of pop culture in the known universe.",https://fatcatcollectibles.in/cdn/shop/files/Logo.svg?v=1684852172,Maharashtra,Pune,fatcat-collectibles-3627.myshopify.com,INR,Shopify business address in India; prices in INR; .in domain; Indian postal address on site; +91 phone number,Shopify business address,tranco
fausto.in,FAUSTO.in,support@fausto.in,+911141132777; +919625703614,https://instagram.com/fausto_online,https://facebook.com/people/Fausto-Online/100088909885910,https://x.com/FaustoOnline,,https://youtube.com/channel/UC7h7xRTtpcE0bs38_itK5uQ,footwear,"Shop our incredible range of affordable footwear for both men and women. With the best styles delivered to your door, you’ll be thrilled by the price!",https://fausto.in/cdn/shop/files/Fausto-logo_1_2a487d0d-b76b-4460-ae4c-b688297d4af5.png?v=1723204282,Uttar Pradesh,Ghaziabad,fausto-in.myshopify.com,INR,Shopify business address in India; prices in INR; .in domain; Indian postal address on site; +91 phone number,Shopify business address,tranco
www.fedus.in,FEDUS,info@fedus.in,+918510999444,https://instagram.com/fedus_india,https://facebook.com/fedusindia,https://x.com/Fedus_India,,,electronics & gadgets,"Buy Ethernet cables, HDMI cables, power cords, USB cables & networking gear from FEDUS — India's trusted D2C brand. Free shipping & up to 2-year warranty.",https://www.fedus.in/cdn/shop/files/fedus_logo_blue.webp?v=1737375455,Delhi,New Delhi,fedus-1593.myshopify.com,INR,Shopify business address in India; prices in INR; .in domain; Indian postal address on site; +91 phone number,Shopify business address,tranco
fetchnbuy.in,Fetch N Buy,help@fetchnbuy.in,+911140844884,https://instagram.com/fetchnbuy,https://facebook.com/fetchnbuy,https://twitter.com/FetchNBuy,,,food & beverages,"Delivering Indian goods, transnationally.",https://fetchnbuy.in/cdn/shop/files/fetch-n-buy-logo-header.png?v=1650219334,Haryana,Gurugram,fetch-n-buy.myshopify.com,INR,Shopify business address in India; prices in INR; .in domain; GSTIN on site; Indian postal address on site; +91 phone number,Shopify business address,tranco
www.fgear.in, FGEAR.in,contact@fgear.in,+919066161590; +918023573676; +918023573677,https://instagram.com/fgear.in,https://facebook.com/fgear.in,,,https://youtube.com/@fgearindia,bags & accessories,"Thoughtfully designed bags for modern lifestyles. Explore premium backpacks, luggage, and travel accessories by F Gear. Crafted for lasting performance.",https://www.fgear.in/cdn/shop/files/update_logo.svg?v=1759759250,Karnataka,Bengaluru,fgear-in.myshopify.com,INR,Shopify business address in India; prices in INR; .in domain; +91 phone number,Shopify business address,tranco
fila.co.in,Fila India,Support@fila.co.in; support@fila.co.in,+917977700756,https://instagram.com/filaindia,https://facebook.com/filaindia,,,https://youtube.com/channel/UCtFd4EYdyAjzWfThPuNZ0_A,"footwear, apparel","Shop the official FILA India online store. Explore iconic footwear, stylish apparel & accessories for men & women. Comfort meets fashion, only at FILA.",https://fila.co.in/cdn/shop/files/FILA_LinearLogo_24_RGB_WNR_01.jpg?v=1737705151,Maharashtra,Mumbai,filaindia.myshopify.com,INR,Shopify business address in India; prices in INR; .in domain; Indian postal address on site; +91 phone number,Shopify business address,tranco
filohevis.in,Filohevis.in,support@filohevis.com,+919999978924,https://instagram.com/filohevis,https://facebook.com/filohevis,,,,apparel,"Buy Shirts for Men Online at Filo Hevis. Shop from our exclusive range of Formal Shirt, Casual Shirts, Printed Shirts, and Party Wear Shirt, at affordable prices. Shop Now!",https://filohevis.in/cdn/shop/files/logo-New-_1.jpg?v=1753422076,Delhi,Delhi,rghudk-fk.myshopify.com,INR,Shopify business address in India; prices in INR; .in domain; GSTIN on site; Indian postal address on site; +91 phone number,Shopify business address,tranco
fitfeast.in,FitFeast,contact@fitfeast.in,+918383861058,https://instagram.com/fitfeast.in,https://facebook.com/fitfeasthealth,,,,health & nutrition,"FitFeast makes tasty protein-rich snacks like Peanut Butters, Protein Chips, Protein Bars, and Protein Shakes. Lab-Tested and Trusted by FDA.",https://fitfeast.in/cdn/shop/files/1_1ff7072a-742a-41e2-8134-44e7bccc7b03.png?v=1762154848,Delhi,Mahipalpur Extension,fitfeast1.myshopify.com,INR,Shopify business address in India; prices in INR; .in domain; Indian postal address on site; +91 phone number,Shopify business address,tranco
www.fitflop.in,fitflop,support@fitflop.in; customercare@clarks.in,+918591787676,https://instagram.com/fitflop.in,https://facebook.com/profile.php?id=100071097703354,https://x.com/FitFlopOfficial,,https://youtube.com/user/FitFlopFootwear,footwear,Choose Fitflop to buy shoes online in India that complement your body structure and natural movement. Discover the best online footwear collection here and upgrade your style!,https://www.fitflop.in/cdn/shop/files/image.jpg?v=1763978979,Maharashtra,Mumbai,fitflopindia.myshopify.com,INR,Shopify business address in India; prices in INR; .in domain; +91 phone number,Shopify business address,tranco
www.flashify.in,Flashify,support@flashify.in,+918882936803,https://instagram.com/flashify_in,https://facebook.com/FlashifyOutlet,https://twitter.com/Flashify_In,,https://youtube.com/channel/UCTr3SgWHVOWtsFcCskAV5sQ,electronics & gadgets,"Flashify Bluetooth headphones are among their most popular products, offering crystal-clear sound quality and the convenience of a wireless, tangle-free experience.",https://www.flashify.in/cdn/shop/files/logo_cf07b028-dff7-445e-99bd-ee417b6ada6e.jpg?v=1704101583,Delhi,Delhi,5efdd0-3.myshopify.com,INR,Shopify business address in India; prices in INR; .in domain; +91 phone number,Shopify business address,tranco
flexcases.co.in,Flex Cases,flexcasesindia@gmail.com,+918087471745,,,,,,mobile accessories,"Flex Case is an ecommerce store that specializes in selling phone cases. Founded in 2024 in Mumbai, our mission is to provide customers with high-quality phone cases that not only protect their devices but also allow them to express their unique style and personality.",https://flexcases.co.in/cdn/shop/files/548-pop-slider.jpg?v=1736088777,Maharashtra,Mumbai,e942dd-07.myshopify.com,INR,Shopify business address in India; prices in INR; .in domain; +91 phone number,Shopify business address,tranco
flyingcarts.in,Flying Carts,care.flyingcarts@gmail.com,,https://instagram.com/flyingcarts_india,,,,,home & kitchen,"Established as a Partnership firm in the year 2022, We are a leading Manufacturer of a wide range of Kitchen and Home appliances .Situated in Gujarat, India, we have constructed a wide and well functional infrastructural unit that plays an important role in the growth of our company. We offer these products at reasonable rates and deliver these within the promised time-frame.",https://flyingcarts.in/cdn/shop/files/Untitled_design_2_faa3b476-60f9-42f7-8c2f-010a5ed649a8.png?v=1764313596,Uttarakhand,Dehradun,flyingcarts-1.myshopify.com,INR,Shopify business address in India; prices in INR; .in domain; GSTIN on site; Indian postal address on site,Shopify business address,tranco
www.fmpl.in,Full Marks,info@fullmarksonline.com,+919625526434; +919354019298; +917982144062; +917678476006,https://instagram.com/fullmarksofficial,https://facebook.com/officialfullmarks,,https://linkedin.com/company/officialfullmarks,https://youtube.com/@officialfullmarks,books & stationery,"Buy Latest CBSE, ICSE, Olympiads, State Board, Course Textbooks + Complete Study Materials, Exemplar, Sample Paper & Workbook, Solved Question Paper Including Practice Sets.",https://www.fmpl.in/cdn/shop/files/New_Logo.png?v=1757936513,Delhi,Delhi,16bca3-7e.myshopify.com,INR,Shopify business address in India; prices in INR; .in domain; +91 phone number,Shopify business address,tranco
folkcultureclothing.com,folkcultureclothing,info@folkcultureclothing.com,+919560018498; +912020091123,https://instagram.com/folkculture.in,https://facebook.com/Folkcultureclothing,,,,ethnic wear,Kurta Pajama & Jacket sets,https://folkcultureclothing.com/cdn/shop/files/IMG_3437.png?v=1778840480,Haryana,Gurgaon,folkculture-dev.myshopify.com,INR,Shopify business address in India; prices in INR; Indian postal address on site; +91 phone number,Shopify business address,commoncrawl
www.fomostore.in,Fomo Store,support@fomostore.in,+919372515795,https://instagram.com/fomostore_,https://facebook.com/profile.php?id=100087448042154,,,https://youtube.com/@FomoStore,"books & stationery, electronics & gadgets","Welcome to Fomo Store for perfect laptop skins, stickers, posters, and mobile skins to elevate your style and personalize your space. Transform your devices with our trendy collection. Buy Now and unleash your creativity.",https://www.fomostore.in/cdn/shop/files/Final_Logo_Fomo.png?v=1714833057,Maharashtra,"Navi Mumbai, Wahal",6f2097.myshopify.com,INR,Shopify business address in India; prices in INR; .in domain; Indian postal address on site; +91 phone number,Shopify business address,tranco
www.forever52.in,Daily Life Forever52,care@forever52.in,1800-889-2052,https://instagram.com/forever52india,https://facebook.com/forever52india,https://twitter.com/forever52india,,https://youtube.com/@Forever52India,makeup,"Buy Cosmetic Products, Skincare & Beauty Products online from Forever52. The most renowned cosmetic brands with a high range of fashion & make-up products.",https://www.forever52.in/cdn/shop/files/final_static_logo-03_a43308e6-b295-4861-9df5-a82723c6d6cf.png?v=1772193221,Punjab,Ludhiana,dailylifeforever52.myshopify.com,INR,Shopify business address in India; prices in INR; .in domain; Indian postal address on site,Shopify business address,tranco
www.foreverkidz.in,ForeverKidz,support@foreverkidz.in,+918792740079,https://instagram.com/foreverkidz_official,https://facebook.com/foreverkidzclothing,,,https://youtube.com/channel/UCbTSjfybdG9s8Odx-pCMhVw,"apparel, kids & baby","ForeverKidz is an Online Clothing Store for Kids, Girls and Babies of 1-10 years. Buy Kids Clothes, childrens dress, kids trendy dress, Party & Ethnic Wear for Birthday & Wedding.",https://www.foreverkidz.in/cdn/shop/files/fk-logo.png,Uttar Pradesh,Noida,foreverkidz1.myshopify.com,INR,Shopify business address in India; prices in INR; .in domain; +91 phone number,Shopify business address,tranco
www.forevernew.co.in,Forever New,wecare@forevernew.in,1800-203-3006,https://instagram.com/forevernew_india,https://facebook.com/ForeverNewIndia,,https://linkedin.com/company/forever-new-apparels-private-limited,https://youtube.com/channel/UC0FP70vFDudOft2_NL3kNzg,women's apparel,"Forever New is a western wear clothing brand for Women in India. Shop now and get the latest collection for Dresses, Tops, Coats & Fashion Accessories.",https://www.forevernew.co.in/cdn/shop/files/FN_logo_Mel-_Black.png?v=1781595026,Haryana,Gurugram,forevernewindia.myshopify.com,INR,Shopify business address in India; prices in INR; .in domain,Shopify business address,tranco
formalee.in,Formalee | The Signature Look – Premium Shirts for Men,support@formalee.com,+919998102240,,,,,,men's apparel,"Discover Formalee – premium men's shirts crafted for comfort, style, and sophistication. Redefine your wardrobe with The Signature Look.",https://formalee.in/cdn/shop/files/Formalee_Logo.jpg?v=1757760475,Gujarat,Surat,nkr4vy-0b.myshopify.com,INR,Shopify business address in India; prices in INR; .in domain; Indian postal address on site; +91 phone number,Shopify business address,tranco
foxin.in,Foxin Brand Store,care@foxin.in,+919038565656,https://instagram.com/foxinindia,https://facebook.com/foxinindia,https://twitter.com/foxinindia,https://linkedin.com/company/foxin-india,https://youtube.com/channel/UC1Wqsb56rlc0-C_LSuRbnQA,electronics & gadgets,"Shop Foxin's official store for monitors, gaming accessories, power banks, earbuds, SSDs, toner cartridges, USB hubs & more. Trusted by 10M+ customers. Delivered across India.",https://foxin.in/cdn/shop/files/Artboard_1_200x_dfb6ecd8-25c2-4bf1-8995-d063e7f75909.avif?v=1756797350,West Bengal,Kolkata,foxin-online.myshopify.com,INR,Shopify business address in India; prices in INR; .in domain; +91 phone number,Shopify business address,tranco
www.foxxlifesciences.in,ShopFLS India,salesasia@foxxlifesciences.com; eknath.kulkarni@foxxlifesciences.com; haribabu.badithala@foxxlifesciences.com; animesh.singh@foxxlifesciences.com,+919850959368; +18609384505; +919059666181; +917091766955; +918609384505,,https://facebook.com/foxxlifesciences,,https://linkedin.com/company/foxxlifesciences,https://youtube.com/user/foxxlifesciences,home & kitchen,Custom Bioprocess Solutions & Laboratory ware-Foxx Life Sciences APAC Foxx Life Sciences provides ISO:13485 certified Custom Bioprocessing Solutions to enhance your Research effectiveness and optimize innovation. Foxx offe...,https://www.foxxlifesciences.in/cdn/shop/files/Foxx_Logo_Tagline_4f5d4fec-5e26-4499-821d-1cab399c8e52.png?v=1614300014,Telangana,Medchal,shopfls-india.myshopify.com,INR,Shopify business address in India; prices in INR; .in domain; Indian postal address on site; +91 phone number,Shopify business address,tranco
fragaholic.in,Fragaholic,orders@fragaholic.in,+919419138112,,,,,,fragrances,"At Fragaholic, perfection isn’t a goal—it’s our standard. Explore exquisite scents crafted with passion and precision",https://fragaholic.in/cdn/shop/files/generate-a-clear-image-of-the-logo.jpg?v=1783105909,Jammu and Kashmir,Jammu,gmn1d1-bv.myshopify.com,INR,Shopify business address in India; prices in INR; .in domain; +91 phone number,Shopify business address,tranco
www.fragranceheaven.in,Fragrance Heaven,fragranceheaven2705@gmail.com,+917838191410,https://instagram.com/the_fragrance_heaven,,,,,fragrances,,https://www.fragranceheaven.in/cdn/shop/files/Fragrance_Heaven_Final_Logo_f5e12846-e53d-428d-ade5-4f4ef17abd15.png?v=1684183705,Uttar Pradesh,Delhi,067e06.myshopify.com,INR,Shopify business address in India; prices in INR; .in domain; Indian postal address on site; +91 phone number,Shopify business address,tranco
fragstalk.in,FragsTalk,fragstalk@gmail.com,+7987898280; +919589260012; +917987898280,https://instagram.com/fragstalk,https://facebook.com/Fragstalk1,,,https://youtube.com/@fragstalk,fragrances,India’s trusted destination for premium perfumes and authentic Middle Eastern fragrances. Shop original scents from top global and Arabic perfume brands.,https://fragstalk.in/cdn/shop/files/Header_Logo.svg?v=1778563490,Madhya Pradesh,Indore,frags-talk.myshopify.com,INR,Shopify business address in India; prices in INR; .in domain; Indian postal address on site; +91 phone number,Shopify business address,tranco
franklord.in,Franklord Watches,support@franklord.in; franklordwatches@gmail.com,+917699113555; +919945214526; +919653186991,https://instagram.com/franklordwatches,https://facebook.com/franklordwatches,https://x.com/franklordwatch,,https://youtube.com/@franklordwatches,watches,"Before we became Franklord, we were the craftsmen behind India’s most respected international and Indian watch brands.",https://franklord.in/cdn/shop/files/FranklordLogo450x250.png?v=1752567789,Maharashtra,Bhiwandi,0e5bdc-5f.myshopify.com,INR,Shopify business address in India; prices in INR; .in domain; Indian postal address on site; +91 phone number,Shopify business address,tranco
www.frato.in,FRATO,contact@frato.in,+918657951836,https://instagram.com/fratocases,https://facebook.com/fratocases,,,https://youtube.com/channel/UCvxMu0d5ODwTYbFkiOPxUpA,mobile accessories,Phone Covers | Designer Phone Covers | MagSafe Supported Phone Case Covers | Galaxy Fold Phone Cases & Covers | Galaxy Flip Phone Cases & Covers | Tempered Glass For Phone | Phone Accessories and More..,https://www.frato.in/cdn/shop/files/Frato_Logo_With_New_R_2ee7b932-a7bc-452d-8028-97b90291afcb.avif?v=1781793467,Maharashtra,Mumbai,fratoindi.myshopify.com,INR,Shopify business address in India; prices in INR; .in domain; GSTIN on site; Indian postal address on site; +91 phone number,Shopify business address,tranco
freakyfun.in,Freaky Fun,freakyfunindia@gmail.com,+917087850719; +917015616378,https://instagram.com/freaky_fun_,https://facebook.com/Freakyfun.in,https://x.com/freakyfunindia,,,toys & games,"Freakyfun, the most safest online sex toy store in India for buying sex toys for men, women & couples like dildos, penis sleeves and vibrators. 100% Discreet delivery across India.",https://freakyfun.in/cdn/shop/files/WhatsApp_Image_2024-11-27_at_11.57.20_AM.jpg?v=1732867032,Punjab,Mohali,2mdafp-ew.myshopify.com,INR,Shopify business address in India; prices in INR; .in domain; Indian postal address on site; +91 phone number,Shopify business address,tranco
freedomtree.in,Freedom Tree,askft@freedomtreedesign.com; askFT@freedomtreedesign.com,+917710973420; +912248931793,https://instagram.com/freedomtreehome,https://facebook.com/FreedomTree.HomeStore.DesignStudio,,https://linkedin.com/company/freedom-tree-design,https://youtube.com/channel/UCOOcsU8RFcgfCTJBhqRS-fw,"home decor, furniture","Shop designer handcrafted furniture, upholstery, textiles, curtains, cushions, rugs, lighting, handpainted ceramics and clothing at Freedom Tree - a modern online store for home decor and lifestyle, designed and made in India.",https://freedomtree.in/cdn/shop/files/FT_logo_abd5abae-9e5d-4527-8d95-5d041875ec4c.png?v=1782195560,Maharashtra,Mumbai,freedomtree-staging.myshopify.com,INR,Shopify business address in India; prices in INR; .in domain; Indian postal address on site; +91 phone number,Shopify business address,tranco
freemen.in,Freemen®,support@freemen.in,+919157633776,https://instagram.com/freemen.in,https://facebook.com/freemenin,,https://linkedin.com/company/freemenin,https://youtube.com/@Freemenin,jewellery,"Shop one gram gold jewellery online. Real gold-plated jewellery at the best prices. Perfect for Indian occasions, casual wear, and gifting options! - Order now!",https://freemen.in/cdn/shop/files/freemen-logo-re.png,Gujarat,AHMEDABAD,freemenindia.myshopify.com,INR,Shopify business address in India; prices in INR; .in domain; GSTIN on site; Indian postal address on site; +91 phone number,Shopify business address,tranco
frek.in,Frek,support@frek.in,+919239689726; +911169320321,https://instagram.com/frekenterprises,https://facebook.com/frektp,https://x.com/frekenterprises,,https://youtube.com/@frekenterprises,plants & gardening,"Buy live plants online in India, from succulents and cactus to indoor and hanging plants. Healthy plants, safe packaging, and delivery across India.",https://frek.in/cdn/shop/files/Frek_Logo_PNG_Transparant_HD.png?v=1777582305,West Bengal,Darjeeling,i8ebar-ub.myshopify.com,INR,Shopify business address in India; prices in INR; .in domain; GSTIN on site; Indian postal address on site; +91 phone number,Shopify business address,tranco
frenchcrown.in,french crown doms,contact@frenchcrown.com; kalpesh@frenchcrown.com,+919723325522; +912613544111; +919724325522,https://instagram.com/french_crown,https://facebook.com/frenchcrownluxury,,,https://youtube.com/@frenchcrown,women's apparel,"Shop premium & luxury men’s wear outfits at French Crown India. Explore our exclusive collections of shirts, suits, trousers, t-shirts, blazers, jeans, and more.",https://frenchcrown.in/cdn/shop/files/new_fainel_logo_31.svg?v=1735642465,Gujarat,SURAT,french-crown-dress-sharp.myshopify.com,INR,Shopify business address in India; prices in INR; .in domain; GSTIN on site; Indian postal address on site; +91 phone number,Shopify business address,tranco
frenchcuff.in,Frenchcuff.in,info@frenchcuff.in,+917078002926,https://instagram.com/frenchcuffofficial,https://facebook.com/people/French-Cuff-Official/61581241809267,,,,men's apparel,"FrenchCuff newly launched linen collection – breathable, lightweight men’s shirts perfect for summer. Shop premium styles online in India.",https://frenchcuff.in/cdn/shop/files/2_b3e77663-9216-4d3c-bb0b-c76eb7d74ca3.png?v=1756974482,Uttar Pradesh,Muradnagar,t41vxc-hu.myshopify.com,INR,Shopify business address in India; prices in INR; .in domain; GSTIN on site; Indian postal address on site; +91 phone number,Shopify business address,tranco
friendsdiaper.in,friendsdiaper,help@nobelhygiene.com,+917738067980; +919136912968; 1800-266-0640,https://instagram.com/friendsadultdiaper,https://facebook.com/FriendsDiaper,https://twitter.com/FriendsDiaper,,https://youtube.com/channel/UCaYS8ohGcklLnmTa6yVoq4g,kids & baby,Friends Diapers are the best adult diapers for men and women who are looking for a premium quality adult diaper to manage their incontinence. Buy your adult diaper now!,https://cdn.shopify.com/s/files/1/0256/0861/8029/files/Friends-logo.png?v=1587724647,Maharashtra,Mumbai,friendsdiaper.myshopify.com,INR,Shopify business address in India; prices in INR; .in domain; Indian postal address on site; +91 phone number,Shopify business address,tranco
www.ftune.in,ftune.in,,,https://instagram.com/ftune.in,https://facebook.com/facetune.cream,,,https://youtube.com/@facetune7682,skincare,"Ftune is the trusted Skin Care Products in India, whitening cream, Sunscreen + Moisturizer (Vitamin E), face wash (Vitamin C),Shop Now",https://www.ftune.in/cdn/shop/files/ftune_tm_logo-01.png?v=1687439824,Kerala,kasaragod,facetune-in.myshopify.com,INR,Shopify business address in India; prices in INR; .in domain,Shopify business address,tranco
fubs.in,FUBS,support@fubs.in,+918626075748,https://instagram.com/fubs.in,https://facebook.com/Fubs.in,,,https://youtube.com/@fubs8462,jewellery,The best combo of jhumkas for you and your loved ones. Get the best earrings in the best prices only at FUBS,https://fubs.in/cdn/shop/files/Website_logo_1.png?v=1739167490,Maharashtra,Pune,fubs-2ff3.myshopify.com,INR,Shopify business address in India; prices in INR; .in domain; Indian postal address on site; +91 phone number,Shopify business address,tranco
fulltimestore.in,Full Time Store,support@fulltimestore.in,,https://instagram.com/fts_archive,,,,,"sports & fitness, apparel","Football is more than just a sport, it's a passion, a community, and a way of life. In recent years, the love for football has been growing rapidly across India, reaching fans not only in major cities but also in tier 3 and tier 4 towns, where the spirit and enthusiasm for the game are just as powerful.",https://fulltimestore.in/cdn/shop/files/Full-Time_Store_Logomark_3_1_7efc075c-e7a7-4edd-b4bd-f8a2f5612c4c.png?v=1749026208,Maharashtra,Mumbai,0c09a4-2.myshopify.com,INR,Shopify business address in India; prices in INR; .in domain,Shopify business address,tranco
fullyfilmy.in,Fully Filmy,contact@fullyfilmy.in,,https://instagram.com/fullyfilmy,https://facebook.com/fullyfilmy.in,https://twitter.com/fullyfilmy_offl,,https://youtube.com/channel/UCkcat7kqDsxCiuFQL1ujRiA,men's apparel,"Fully Filmy is an Online Shopping Site for cool, funny T-shirts, Hoodies, Kids tshirts inspired by your favourite actors, TV shows and movies.We also extend and offer you amazing accessories such as keychains, mugs, notebooks, stickers, posters, wallets and backpacks to choose from.",https://fullyfilmy.in/cdn/shop/files/fully-filmy.webp?v=1740819163,Tamil Nadu,Chennai,fully-filmy.myshopify.com,INR,Shopify business address in India; prices in INR; .in domain,Shopify business address,tranco
www.funcorp.in,FunCorp,sales@funcorp.in,+916291236626,https://instagram.com/funcorp.in,https://facebook.com/funcorp.in,https://twitter.com/funcorpIN,,https://youtube.com/@funcorpindia,toys & games,"India's Largest Online Store Exclusively for Toys, Games, Baby Gear, Party Decor, Kids Books & Kids Furniture. Shop the Largest Range of Brands - Marvel, Barbie, Nerf, Lego, Hot Wheels, Funskool, Hasbro Gaming, Mattel, Baby Alive, Batman, Spiderman, Transformers, Monopoly, Beyblade, Joie, PartyCorp & more!",https://www.funcorp.in/cdn/shop/files/funcorp-logo-png-new.png?v=1782823277,West Bengal,Kolkata,funcorptoys.myshopify.com,INR,Shopify business address in India; prices in INR; .in domain; +91 phone number,Shopify business address,tranco
futurz4x4.in,Futurz4x4,contact@futurz4x4.in,+918928617049,https://instagram.com/futurz_4x4,https://facebook.com/people/Futurz-4x4/61561644616019,,,https://youtube.com/@Futurz4x4,home & kitchen,"Futurz 4x4 is Mumbai’s trusted online and offline car modification destination, offering Pan-India delivery on 750+ premium off-road accessories, suspension upgrades, alloys, tyres, and more. From Mahindra Thar & Roxx, Suzuki Jimny, Toyota Hilux, Scorpio, Fortuner, and many other SUVs",https://futurz4x4.in/cdn/shop/files/blaack_4x4_Futurz_1.png?v=1754392669,Maharashtra,Mumbai,fwnwud-rn.myshopify.com,INR,Shopify business address in India; prices in INR; .in domain; +91 phone number,Shopify business address,tranco
fyva.in,FYVA,help@fyva.in,+912248904150,https://instagram.com/fyva_in,https://facebook.com/fyva.in,,https://linkedin.com/company/fyvashop,https://youtube.com/@FYVA_in,apparel,"FYVA online shopping site for men, women & accessories in India. Shop branded clothing online at great prices with offers, easy returns, COD & fast delivery across India.",https://fyva.in/cdn/shop/files/Fyva_Secondary_Logo_1.png?v=1699330508,Karnataka,Bengaluru,197cc9-2.myshopify.com,INR,Shopify business address in India; prices in INR; .in domain; Indian postal address on site; +91 phone number,Shopify business address,tranco
www.gadgetlane.co.in,GadgetLane,support@gadgetlane.co.in,+919560270638,,,,,,electronics & gadgets,"Shop 500+ products at GadgetLane including electronics, apparel, home & kitchen, daily essentials, health products and religious items. Enjoy secure payments via cards, UPI, Paytm, Google Pay and PhonePe with fast 3–4 day delivery across India through trusted logistics partners and nationwide warehouses",https://www.gadgetlane.co.in/cdn/shop/files/Logo-Name.jpg?v=1777646163,Delhi,Delhi,pxnh57-cq.myshopify.com,INR,Shopify business address in India; prices in INR; .in domain; GSTIN on site; Indian postal address on site; +91 phone number,Shopify business address,tranco
gambol.in,Gambol,support@gambol.in,+918849736824; +917600772278; +916353536612,https://instagram.com/gambol_sports,https://facebook.com/gambolsports,,,https://youtube.com/@gambol4324,"footwear, sports & fitness",Barefoot Shoes India | Minimalistic Footwear | Vibram Five Fingers India | Training Shoes online | Running Shoes | Sports Goods online India | Luna Sandals India | Footwear Experts,https://gambol.in/cdn/shop/files/Group_2113.png?v=1747209166,Gujarat,Ahmedabad,gambolsports.myshopify.com,INR,Shopify business address in India; prices in INR; .in domain; Indian postal address on site; +91 phone number,Shopify business address,tranco
gant.in,Gant India,care@gant.in; escalation@gant.in,+919625223593,https://instagram.com/gant.india,https://facebook.com/Gant.Ind,,,https://youtube.com/@GANTINDIA,men's apparel,GANT India Store - Relax at home in comfy styles and Summer/Winter colours.,https://gant.in/files/Gant_logo_Black_e7c93352-3ee3-437a-b331-fc1bdd7986d9.svg,Rajasthan,Jaipur,gant-india.myshopify.com,INR,Shopify business address in India; prices in INR; .in domain; Indian postal address on site; +91 phone number,Shopify business address,tranco
gardenthrones.in,Garden Thrones,support@gardenthrones.shop,,,,,,,plants & gardening,"We believe that nature has the power to transform spaces and uplift moods — helping you create a green, refreshing, and positive environment wherever you are.",https://gardenthrones.in/cdn/shop/files/crop-removebg-preview-Picsart-AiImageEnhancer.png?v=1775386446,Gujarat,Ahmedabad,1de0kj-jm.myshopify.com,INR,Shopify business address in India; prices in INR; .in domain,Shopify business address,tranco
gearguard.in,Gear Guard,sumit@gearguard.in,+919335275135; +919140812228,https://instagram.com/thegearguard2,https://facebook.com/guardforgear,,https://linkedin.com/company/gear-guard,https://youtube.com/@Gear_Guard,"automotive, electronics & gadgets","Upgrade your driving experience with Gear Guard – your one-stop destination for premium car accessories. From infotainment screen protectors and key covers to organizers, cables, and more, all products are designed for perfect fit, durability, and style. Enjoy easy installation, superior protection, and enhanced comfor",https://gearguard.in/cdn/shop/files/Gear_Guard_New_Logo_3a2bbae7-0ce4-4241-87e2-db2e1bcacaa5.png?v=1742109814,Uttar Pradesh,Kanpur,gear-gaurd.myshopify.com,INR,Shopify business address in India; prices in INR; .in domain; Indian postal address on site; +91 phone number,Shopify business address,tranco
geekmonkey.in,Geekmonkey,geekmonkeyin@gmail.com,+917217441002; +918882201085,https://instagram.com/geekmonkey.in,https://facebook.com/geekmonkeydotin,https://twitter.com/geekmonkeydotin,,,"collectibles & hobbies, toys & games",Discover the best selection of unique and quirky gifts at Geekmonkey. Explore our wide range of gifts for men and women and surprise your loved ones!,https://d3lks6njuyuuik.cloudfront.net/pb/pub/media/spb/usr/8739/wysiwyg/77762625851/Logo_110.jpg,Uttarakhand,Dehradun,bad22a-2.myshopify.com,INR,Shopify business address in India; prices in INR; .in domain; Indian postal address on site; +91 phone number,Shopify business address,tranco
gehen.in,Gehen,experience@gehen.in,+919082062329,https://instagram.com/gehen_saree,,,,,ethnic wear,"Discover Gehen, your destination for exquisite sarees from India. Shop our curated collection of timeless classics and contemporary designs. Authenticity and elegance delivered to your doorstep.",https://gehen.in/cdn/shop/files/gehen.png?v=1696699809,Maharashtra,Mumbai,gehen23.myshopify.com,INR,Shopify business address in India; prices in INR; .in domain; Indian postal address on site; +91 phone number,Shopify business address,tranco
gelblastersindia.in,Gel Blasters India,gelblastersindia@gmail.com,+916235621163; +918921929344,https://instagram.com/gelblastersindia,,,,,toys & games,Let customers speak for us,https://gelblastersindia.in/cdn/shop/files/IMG_3473_bd60686f-ea00-4d77-ab80-0ec684507256.png?v=1784364070,Kerala,KODUVALLY,9d475a-3.myshopify.com,INR,Shopify business address in India; prices in INR; .in domain; +91 phone number,Shopify business address,tranco
gemeriahair.in,Gemeria Hair,care@gemeriahair.in,+919625707865,https://instagram.com/gemeriahair,https://facebook.com/gemeriahair,https://x.com/gemeriahair,https://linkedin.com/company/gemeriahair,https://youtube.com/channel/UCchG-XFJFLm8u9c1hpGKxgQ,haircare,"Shop premium hair extensions at Gemeria Hair. Explore a wide range of clip-in extensions, wigs, toppers, and more for women, made from 100% real human hair.",https://gemeriahair.in/cdn/shop/files/website_logo.svg?v=1780555969,Uttar Pradesh,Greater Noida,tyagi-exports.myshopify.com,INR,Shopify business address in India; prices in INR; .in domain; +91 phone number,Shopify business address,tranco
www.genesispc.in,GenesisPC,service@genesispc.in,+919429693444,https://instagram.com/genesispc.in,,https://x.com/GenesisPCIndia,,,electronics & gadgets,"GenesisPC specializes in bringing the best gaming and esports products to India. From Mousepads, Mechanical Keyboards, Mouse Skates, Mouse Grips, Keyboard and Mouse Switches to aesthetically pleasing Keycaps and Deskmats.",https://www.genesispc.in/cdn/shop/files/Gradient_Logo.svg?v=1766847974,Delhi,New Delhi,724c34-7b.myshopify.com,INR,Shopify business address in India; prices in INR; .in domain; +91 phone number,Shopify business address,tranco
gentlemansrow.in,Gentlemansrow,rowgentlemans@gmail.com,+917305207353,,,,,,apparel,Nice Design and Great Fitting,https://gentlemansrow.in/cdn/shop/files/file_00000000a69072088aae908e344aa31b.png?v=1778751038,Tamil Nadu,Chennai,vpciuw-0n.myshopify.com,INR,Shopify business address in India; prices in INR; .in domain; Indian postal address on site; +91 phone number,Shopify business address,tranco
gharaana.in,Gharaana.in,support@gharaana.in,+919667111778,https://instagram.com/gharaana.in,https://facebook.com/gharaanaindia,,,,furniture,"Elevate your home with handcrafted furniture, stylish mirrors, and elegant crockery. Shop unique pieces that blend modern design with timeless quality.",https://gharaana.in/cdn/shop/files/Untitled_design_87.png?v=1747955528,Rajasthan,Jodhpur,gurvj2-ws.myshopify.com,INR,Shopify business address in India; prices in INR; .in domain; GSTIN on site; Indian postal address on site; +91 phone number,Shopify business address,tranco
ghargoods.in,Ghar Goods,ghargoods.in@gmail.com,,https://instagram.com/ghargoods.in,https://facebook.com/profile.php?id=61586149784651,,,https://youtube.com/@GharGoods,"kids & baby, home & kitchen","Upto 50% OFF + Free Delivery + COD. Buy Home & Kitchen, Health & Beauty, Kids Accessories and Toys, Fashion, Gadgets and more online India with Ghargoods.in",https://ghargoods.in/cdn/shop/files/ghargoods.in.png?v=1749647213,Gujarat,Ahmedabad,445xn8-ny.myshopify.com,INR,Shopify business address in India; prices in INR; .in domain; Indian postal address on site,Shopify business address,tranco
www.giffywalls.in,Giffywalls India,sales@giffywalls.in,+919909958129,https://instagram.com/giffywalls_in,https://facebook.com/giffywalls.in,https://x.com/giffywalls,,https://youtube.com/@giffywalls,kids & baby,Discover Self Adhesive wallpaper for walls in India at an affordable price. Buy unique custom Giffywalls design wallpaper and get a big discount!,https://www.giffywalls.in/cdn/shop/files/giffywalls-logo-new-dark.png?v=1759141855,Gujarat,Gandhinagar,giffywalls-india.myshopify.com,INR,Shopify business address in India; prices in INR; .in domain; +91 phone number,Shopify business address,tranco
www.giftgalaxy.in,Gift Galaxy,shscreations07@gmail.com,,https://instagram.com/gift_galaxy07,,,,https://youtube.com/@gift_galaxy07,collectibles & hobbies,"Buy diecast cars online in India at MRP prices. Shop Hot Wheels at original MRP, plus Bburago & Majorette 1:64 models. Perfect for collectors & gifting. Fast shipping across India.",https://www.giftgalaxy.in/cdn/shop/files/5000_1200.png?v=1731067956,Uttar Pradesh,Noida,a4cce2-86.myshopify.com,INR,Shopify business address in India; prices in INR; .in domain,Shopify business address,tranco
www.giftoo.in,Giftoo,hello@giftoo.in; ceo@giftoo.in,+919322990002; +917285870085,https://instagram.com/giftoo.in,https://facebook.com/Giftooin,https://twitter.com/GIftooin,,https://youtube.com/@GiftooIN,"books & stationery, toys & games","Shop Now Birthday return gifts, customized hampers, quirky stationery & toys at Giftoo.in! Starting From ₹20, enjoy free shipping & gift wrapping, 1200+ options. 4.8-star rated!",https://www.giftoo.in/cdn/shop/files/Since_2016_5_d253b79d-a02f-492c-a00f-a44a3b4273a0.svg?v=1779452646,Gujarat,Ahmedabad,da1556-68.myshopify.com,INR,Shopify business address in India; prices in INR; .in domain; +91 phone number,Shopify business address,tranco
giri.in,Giri Trading Agency Private Limited,,+6369499583; +918925504375,https://instagram.com/giriindia_,https://facebook.com/GiriIndia1951,,,https://youtube.com/channel/UClZyf8Hw97PNt62wKLuqVfQ,"jewellery, home decor","GIRI - Online Shopping for Religious & Spiritual items. Giri Provides Books, Pooja Items | Puja Items, Idols, Temple Jewellery, Homam Items",https://giri.in/cdn/shop/files/giri-logo.png?v=1705137232,Tamil Nadu,Chennai,giri-india-new.myshopify.com,INR,Shopify business address in India; prices in INR; .in domain; +91 phone number,Shopify business address,tranco
giysi.in,GIYSI,support@ggiysi.com; giysi.helpdesk@gmail.com,+918700027022,https://instagram.com/giysiclothing,https://facebook.com/giysiclothing,,,,men's apparel,"Shop men’s co-ord sets in India at Giysi at an affordable price, featuring printed oversized T-shirt styles, full sleeve white T-shirts for men, white printed T-shirt men’s designs, and comfortable zipper track pants online. Order Now!",https://giysi.in/cdn/shop/files/glow_1021_x_322_mm_2.webp?v=1726463090,Delhi,Delhi,giysi-7456.myshopify.com,INR,Shopify business address in India; prices in INR; .in domain; GSTIN on site; Indian postal address on site; +91 phone number,Shopify business address,tranco
www.glutone.in,Glutone,support@glutone.in,1800-274-6265; +918169108694,https://instagram.com/glutone_india,https://facebook.com/Glutone.in,https://twitter.com/Glutone_India,,https://youtube.com/@glutone,health & nutrition,Glutathione Supplement Brand - We provide Glutathione supplements & skincare products supported by scientific research and recommended by leading dermatologists in India. Shop now!,https://cdn.shopify.com/s/files/1/0554/1557/0474/files/170128533065678dd27e26a7204.png?v=1717147047,Maharashtra,Mumbai,glutone.myshopify.com,INR,Shopify business address in India; prices in INR; .in domain; Indian postal address on site; +91 phone number,Shopify business address,tranco
goboult.co.in,GOBOULT,,+919289803880,https://instagram.com/goboult_official,https://facebook.com/GOBOULT,https://x.com/BoultAudio,https://linkedin.com/company/boultaudio,https://youtube.com/channel/UCOCNHH7nJUMmfszksZVWRUQ,electronics & gadgets,"Goboult delivers innovative earbuds, smartwatches, speakers, headphones, and power banks with premium features, modern design, and great value.",https://goboult.co.in/cdn/shop/files/new_goboult_logo.png?v=1762929221,Haryana,Gurgaon,boult-audio-staging.myshopify.com,INR,Shopify business address in India; prices in INR; .in domain; +91 phone number,Shopify business address,tranco
gocolors.com,Go Colors India,customercare@gocolors.com,+7305959422; 1800-123-9953; +917305959422,https://instagram.com/gocolors,https://facebook.com/GoColorsOfficial,,https://linkedin.com/company/gocolors,https://youtube.com/channel/UCBoCRIMYgPErDLj5PAduCNw,women's apparel,"Discover Go Colors – India’s leading brand for women’s bottom wear. Shop leggings, palazzos, pants & more in vibrant colors, sizes & styles for every occasion.",https://gocolors.com/cdn/shop/files/logo_8e9d7325-46c8-416f-9380-c4e7a8d40fee.svg?v=1737369902,Tamil Nadu,Chennai,go-colors-india.myshopify.com,INR,Shopify business address in India; prices in INR; +91 phone number,Shopify business address,tranco
goeye.in,GoEye,team@goeye.in,+919311933582,,,,,,bags & accessories,"Shop stylish eyeglasses and trendy sunglasses from top brands like Voyage Eyewear and Eyejack at Goeye. Discover quality, comfort, and fashion in every frame.",https://goeye.in/cdn/shop/files/jpn_christmas_logo_goeye_png_1_1.png?v=1747207511,Delhi,North West Delhi,goeyee.myshopify.com,INR,Shopify business address in India; prices in INR; .in domain; Indian postal address on site; +91 phone number,Shopify business address,tranco
gogreenkol.in,GO GREEN,admin@gogreenkol.in,+917044977767; +917044354551; +916289688360,,,,,,plants & gardening,"🌿 Buy plants online in Kolkata at GoGreenKol.in. Premium nursery plants – bougainvillea, fruit, flowering & indoor plants with fast delivery.",https://gogreenkol.in/cdn/shop/files/Pink_and_Blue_Simple_Homecare_Logo_2.png?v=1781171834,West Bengal,KOLKATA,cdp0tr-0w.myshopify.com,INR,Shopify business address in India; prices in INR; .in domain; GSTIN on site; Indian postal address on site; +91 phone number,Shopify business address,tranco
goldenglitter.in,Golden Glitter,glittergolden86@gmail.com,,https://instagram.com/goldenglitter.in,,,,,men's apparel,Golden Glitter — Where Everyday Style Shines,https://goldenglitter.in/cdn/shop/files/GG_Logo.jpg?v=1772192044,Delhi,Delhi,re9fhk-3d.myshopify.com,INR,Shopify business address in India; prices in INR; .in domain; Indian postal address on site,Shopify business address,tranco
goodleathergarments.in,Good Leather Garments,goodleather52@gmail.com,+919818243717; +919319684847; +919927316139,https://instagram.com/goodleathergarments,https://facebook.com/profile.php?id=100093003270251,,,https://youtube.com/@goodleather,"women's apparel, bags & accessories",,https://goodleathergarments.in/cdn/shop/files/logo-removebg-preview.png?v=1784714886,Delhi,New Delhi,goodleathergarments2.myshopify.com,INR,Shopify business address in India; prices in INR; .in domain; Indian postal address on site; +91 phone number,Shopify business address,tranco
www.goodmonk.in,Good Monk,admin@onegreen.in; terms@superfoodsvalley.com,+919611533150,https://instagram.com/goodmonk.in,https://facebook.com/GoodMonk.In,https://x.com/GoodMonk_in,,https://youtube.com/@GoodMonkOfficial,health & nutrition,"Super charge your food with India's Best Nutrition Health Supplement Mix Powder & Drinks. Improves Gut Health, Immunity, Bone Health, & Mental Function",https://www.goodmonk.in/cdn/shop/files/Artboard_7_copy_2.png?v=1700115655,Karnataka,Bangalore,good-monk.myshopify.com,INR,Shopify business address in India; prices in INR; .in domain; +91 phone number,Shopify business address,tranco
goswadeshi.in,GoSwadeshi,support@gocoop.com,+919100907339,https://instagram.com/letsgocoop,https://facebook.com/gocoop,,,https://youtube.com/channel/UCKlHlIp3OvCEliqH22SB7jw,ethnic wear,"Join the #GoSwadeshi movement dedicated to promoting and celebrating Indian handlooms and crafts while empowering our artisan communities. Let's shop, showcase, and celebrate the rich handloom and craft traditions of India together!",https://goswadeshi.in/cdn/shop/files/GO_Swadeshi_Logo_324x85-01.png?v=1713524319,Karnataka,Bangalore,gocoop.myshopify.com,INR,Shopify business address in India; prices in INR; .in domain; Indian postal address on site; +91 phone number,Shopify business address,tranco
www.greendna.in,GreenDNA® India,customercare@greendna.in,+917892997597; +918088835805; +919686265715; +918026851654,https://instagram.com/greendna.in,https://facebook.com/GreenDNAIndia,,,https://youtube.com/@GreenDNA4earth,food & beverages,"Bengaluru’s trusted e-Store, Delivers high quality, Fresh, Nutritious, Organic Certified Fruits, Vegetables and Groceries. Our Green ethos emphasizing recycling, No Plastics, Zero Waste, help you lower your carbon footprint for a healthier planet.",https://www.greendna.in/cdn/shop/files/green-dna-logo-final.png?v=1613674723,Karnataka,Bangalore,greendna-in.myshopify.com,INR,Shopify business address in India; prices in INR; .in domain; Indian postal address on site; +91 phone number,Shopify business address,commoncrawl
greenmilkconcepts.in,Green Milk Concepts,info@greenmilkconcepts.in,+919150024832,https://instagram.com/greenmilkconcept,https://facebook.com/greenmilkconcepts,https://twitter.com/greenmilkcon,,https://youtube.com/@greenmilkconcepts,health & nutrition,"Discover Green Milk Concepts’ Ayurvedic products for pain relief, glowing skin, and daily wellness. Herbal oils, supplements & skincare. Shop now!",https://greenmilkconcepts.in/cdn/shop/files/Green-Milk-Concepts-Logo-Image-Transparent.png?v=1745570232,Tamil Nadu,Chennai,361c09-fa.myshopify.com,INR,Shopify business address in India; prices in INR; .in domain; GSTIN on site; Indian postal address on site; +91 phone number,Shopify business address,tranco
grest.in,Grest,care@grest.in,+919266522338; +919211997992; +918800901200,https://instagram.com/grest.in,https://facebook.com/people/Grest-India/61556929673093,,https://linkedin.com/company/gadget-restore,https://youtube.com/channel/UC_KXDWv76xLXlXZbP6OoUMQ,electronics & gadgets,Buy your dream iPhone at an affordable price. Grest offers best in class certified premium refurbished iPhone with 6 month warranty at the best prices in India.,https://cdn.shopify.com/s/files/1/0639/4576/9191/files/Group_1296720548.webp?v=1780055413,Haryana,Gurugram,grestmobile.myshopify.com,INR,Shopify business address in India; prices in INR; .in domain; GSTIN on site; Indian postal address on site; +91 phone number,Shopify business address,tranco
griffel.in,griffel,care@griffel.in,+919781799009,https://instagram.com/griffelindia,https://facebook.com/Griffelindia,https://twitter.com/griffelindia,,,apparel,Giving warm hugs to everyone with our super comfy and relaxed clothes since 2014. 🤗,https://griffel.in/cdn/shop/files/NEW_LOGO_TEDDY_f1933724-3196-4404-96ce-7560837212eb.png?v=1770908847,Punjab,Ludhiana,griffelindia.myshopify.com,INR,Shopify business address in India; prices in INR; .in domain; Indian postal address on site; +91 phone number,Shopify business address,commoncrawl
groovee.in,Groovee,support@groovee.in; admin@groovee.in,+919518217803; +918607845846; +918076038573,https://instagram.com/cncptgroove,https://facebook.com/people/Concept-Groove/61565095888462,,,,apparel,"Concept Groove delivers unique, creative designs tailored for Gen Z and millennials, making a bold mark in streetwear fashion. With a thriving customer base of 10,000 and an impressive average order value of ₹2000+, we're on a mission to become the ultimate fashion destination for our audience.",https://groovee.in/cdn/shop/files/concept-groove-white1.gif?v=1759761821,Haryana,BHIWANI,2dce50-98.myshopify.com,INR,Shopify business address in India; prices in INR; .in domain; Indian postal address on site; +91 phone number,Shopify business address,tranco
grytt.in,GRYTT,info@grytt.in,+917725873503,https://instagram.com/grytt.in,,,,https://youtube.com/@gryttindia,jewellery,"GRYTT is jewelry for men who embrace the grind. Crafted from tough recycled 316L stainless steel with 18K gold or rhodium plating, our pieces are durable, waterproof, and hypoallergenic. Designed for men who live with grit and determination, GRYTT represents strength, resilience, a story earned through hard work.",https://grytt.in/cdn/shop/files/BRIA_3.svg?v=1771781419,Madhya Pradesh,Indore,bec991-bb.myshopify.com,INR,Shopify business address in India; prices in INR; .in domain; GSTIN on site; +91 phone number,Shopify business address,tranco
www.guardian.in,GNC India,hello@guardian.in,1800-266-8666; +918826822265,https://instagram.com/guardiangnc,https://facebook.com/GuardianGNC,https://x.com/GNC_India,,https://youtube.com/c/GuardianGNC,health & nutrition,"Guardian.in - GNC® India ✓Official Protein, BodyBuilding Site - Upto 40% Off! Buy authentic whey protein powders, multivitamins from GNC®, Optimum Nutri...",https://www.guardian.in/cdn/shop/files/GNC_1935_512x512_trans_new.png?v=1716187654,Maharashtra,Mumbai,guardian-gnc.myshopify.com,INR,Shopify business address in India; prices in INR; .in domain; Indian postal address on site; +91 phone number,Shopify business address,tranco
gullysports.in,Gully Sports India,gullysports06@gmail.com,+917736120351; +917994145806; +917306334966,,,,,,sports & fitness,,https://gullysports.in/cdn/shop/files/Logo-Gully.png?v=1761132269,Kerala,kannur,gully-sports-india.myshopify.com,INR,Shopify business address in India; prices in INR; .in domain; +91 phone number,Shopify business address,tranco
gyixfv-re.myshopify.com,festivebestprice.com,festivebestprice@gmail.com,+919982892030,,,,,,"electronics & gadgets, tools & hardware","festivebestprice is an emerging eCommerce platform offering a wide range of products including electronics, home essentials, fashion, beauty, health, and more—all with a focus on quality, convenience, and customer satisfaction.",https://gyixfv-re.myshopify.com/cdn/shop/files/Screenshot_2026-02-19_093016.png?v=1771473632,Rajasthan,Jaipur,gyixfv-re.myshopify.com,INR,Shopify business address in India; prices in INR; Indian postal address on site; +91 phone number,Shopify business address,commoncrawl
gymmer.in,Gymmer,care@gymmer.in,+917352228222,,,,,,ethnic wear,"Explore Gymmer Readymade Blouse, Saree Shapewear and more. From casual essentials to elegant attire, find your perfect look today ✯ Free Shipping ✯ Free Exchange ✯ Cash on Delivery ✯ Worldwide Shipping ✯",https://gymmer.in/cdn/shop/files/Gymmer_LOGO-F1_0f0ceaf9-7214-4f53-b9d3-c8f1ba5b877f.png?v=1744720737,Tamil Nadu,Tirupur,da4f09-2.myshopify.com,INR,Shopify business address in India; prices in INR; .in domain; +91 phone number,Shopify business address,tranco
www.gymxapparel.in,GymX,contact@gymxapparel.com,+917718963287,https://instagram.com/gymxapparel,https://facebook.com/gymxapparel,,,https://youtube.com/channel/UCz30UEbqN7bA2deq0DP00mQ,apparel,"Shop activewear- Gym Tees, Trackpants, Stringers, Tanks, Shorts, Leggings, Hoodies for Men & Women starting at Rs.399! Upto 50% Discount. Best gym wear in india.",https://www.gymxapparel.in/cdn/shop/files/gymx-logo_bec0c4f0-06e9-4c9a-bc18-5ddf5cb10b0c.png?v=1630524105,Maharashtra,Mumbai,gymxshop1.myshopify.com,INR,Shopify business address in India; prices in INR; .in domain; +91 phone number,Shopify business address,tranco
hairbounce.in,Hairbounce.in,hairbouncecs@gmail.com,+917871889924,https://instagram.com/hairbounce.in,,,,https://youtube.com/@divyamurugesan613,"kids & baby, jewellery",Don’t Miss Out! Up to 70% OFF + Free Gifts Inside ✨,https://hairbounce.in/cdn/shop/files/Hairbounce_8925cf03-1c82-4b4f-b582-2b05f671eb53.webp?v=1719802680,Tamil Nadu,Namakkal,95ee91-27.myshopify.com,INR,Shopify business address in India; prices in INR; .in domain; +91 phone number,Shopify business address,tranco
www.hairoriginals.com,HairOriginals,,+918700797103; +919289585882; +917428006407; +919599299215; +919289300618; +919266070694,https://instagram.com/hairoriginals,https://facebook.com/hairoriginals,,,https://youtube.com/@hairoriginals.,haircare,"HairOriginals, featured in SharkTank India, provides the Best hair extensions like scalp topper, hair patch, volumizers, clips & permanent hair extension for both women & men. Shop Now!",https://www.hairoriginals.com/cdn/shop/files/HO_Logo_PNG_1_adad6e88-9909-422c-8595-c9e5425cec00.png?v=1711696355,Haryana,Gurugram,hoindiacl.myshopify.com,INR,Shopify business address in India; prices in INR; Indian postal address on site; +91 phone number,Shopify business address,commoncrawl
hammeronline.in,Hammer,info@hammeronline.in,+919991108081,https://instagram.com/hammerlifestyle_,https://facebook.com/HammerLifestyle,https://twitter.com/HammerLifestyle,https://linkedin.com/company/hammer-audio,https://youtube.com/channel/UC_mxCd3tf3VshVQiSuALgGQ,electronics & gadgets,"Buy truly wireless earbuds, bluetooth calling smartwatch, headphones and electric toothbrushes. Get upto 80% discount on HAMMER true wireless earbuds, smartwatches and headphones.",https://hammeronline.in/cdn/shop/files/hAMMER_lOGO_GOOOGLE.png?v=1641298293,Haryana,Panipat,hammer-audio.myshopify.com,INR,Shopify business address in India; prices in INR; .in domain; Indian postal address on site; +91 phone number,Shopify business address,tranco
haramball.in,Haram Ball,info.haramball@gmail.com,+919745470801,,,,,,,"Return, Refund & Exchange Policy",https://haramball.in/cdn/shop/files/WhatsApp_Image_2026-01-13_at_3.22.52_PM.jpg?v=1768298119,Kerala,Perinthalmanna,b0n0qb-pk.myshopify.com,INR,Shopify business address in India; prices in INR; .in domain; Indian postal address on site; +91 phone number,Shopify business address,tranco
harshitajewellery.com,Harshita jewellery,officeharshitajewellery@gmail.com,+917340525333,https://instagram.com/harshita_jewellery,https://facebook.com/people/Harshita-Jewelery/61588969664612,,,,jewellery,"Premium 925 Sterling Silver & Gold Jewellery for Men & Women. Rings, Necklaces, Earrings & Moldavite Pieces. Free Worldwide Shipping.",,Rajasthan,Jaipur,9d4c80-2.myshopify.com,USD,Shopify business address in India; +91 phone number,Shopify business address,commoncrawl
www.hayclothing.in,HAY! ,care@hayclothing.in,+919944842672,https://instagram.com/hayclothing,https://facebook.com/hayclothingindia,,,,"women's apparel, ethnic wear",Shop Hay for trendy floral and casual dresses. Explore stylish women's fashion at one of the top online shopping stores for chic and elegant dresses!,https://www.hayclothing.in/cdn/shop/files/LOGO-01_1.png?v=1680887984,Tamil Nadu,Erode,hay-clothing-india.myshopify.com,INR,Shopify business address in India; prices in INR; .in domain; +91 phone number,Shopify business address,tranco
headfox.in,HeadFox Innovations,support@headfox.in,,https://instagram.com/headfox.in,https://facebook.com/headfox.in,,https://linkedin.com/company/headfox-innovations,https://youtube.com/@HeadFoxIndia,"electronics & gadgets, automotive","Discover the ultimate riding experience with HeadFox Smart Bluetooth Helmets. Trusted by 100,000+ happy riders, our helmets feature Bluetooth connectivity, music, navigation, voice commands, and more. No app required—just connect to your phone and ride ahead of the pack. Shop now",https://headfox.in/cdn/shop/files/Head_Fox_Logo_Orange_1.png?v=1775016809,Rajasthan,Jaipur,head-fox-innovations.myshopify.com,INR,Shopify business address in India; prices in INR; .in domain; Indian postal address on site,Shopify business address,tranco
www.headphonezone.in,Headphone Zone,,+917506646988,https://instagram.com/headphonezone,https://facebook.com/HeadphoneZone,https://twitter.com/Headphone_Zone,,https://youtube.com/@headphone_zone,electronics & gadgets,"For people who choose music. 6,00,000+ Audiophiles served over 15 years. The best IEMs, headphones, DACs and amps from 100+ curated brands, plus our Headphone Zone Collabs.",https://www.headphonezone.in/cdn/shop/files/Headphone-Zone-Logo-Focal.png?v=1642160550,Tamil Nadu,Chennai,headphone-zone.myshopify.com,INR,Shopify business address in India; prices in INR; .in domain; Indian postal address on site; +91 phone number,Shopify business address,tranco
healeo.in,Healeo Nutrition,support@healeo.in; marketing@healeo.in,+918047359199; +918046810914; +919611935814,https://instagram.com/healeo.in,https://facebook.com/healeo.in,,https://linkedin.com/company/healeo-official,https://youtube.com/@healeonutrition,health & nutrition,"Healeo Nutrition provides science-backed, safe and effective herbal supplements so that you can lead a longer, happier, and healthier life. 100% Herbal, Zero Side Effects, Doctor Approved.",https://cdn.shopify.com/s/files/1/0640/0511/2042/files/LOGO.png?v=1689404681,Karnataka,Bengaluru,marketing-9996.myshopify.com,INR,Shopify business address in India; prices in INR; .in domain; Indian postal address on site; +91 phone number,Shopify business address,tranco
www.healthfab.in,Healthfab,hello@healthfab.in,+918152000058,https://instagram.com/healthfab.in,https://facebook.com/healthfab.in,https://twitter.com/healthfabin,,https://youtube.com/@healthfabin,health & nutrition,"Switch to GoPadFree — BIS-certified period panty. 6x absorbency, rash-free, reusable. Shop now & save up to 41%. Shark Tank Featured.",https://www.healthfab.in/cdn/shop/files/Favicon_Main.png?v=1779483960,Karnataka,Bengaluru,healthfabindia.myshopify.com,INR,Shopify business address in India; prices in INR; .in domain; +91 phone number,Shopify business address,tranco
heelium.in,Heelium,support@heelium.in; info@heelium.in,+918698001003,https://instagram.com/heelium.in,https://facebook.com/Heelium.in,https://twitter.com/HeeliumOfficial,,https://youtube.com/channel/UCNs_che0VvYT7DBi_4c6dSQ,"home & kitchen, apparel","India's #1 bamboo-based athleisure brand that makes bamboo socks, towels, bandanas, innerwear and more. We solve everyday problems like foul odour & skin infections through material science.",https://heelium.in/cdn/shop/files/Heelium_Logo-19.png?v=1613572811,Maharashtra,Pune,heelium-sports.myshopify.com,INR,Shopify business address in India; prices in INR; .in domain; Indian postal address on site; +91 phone number,Shopify business address,tranco
helix-watches.com,Helix Watches,customercare@timehut.in,+919310572571,https://instagram.com/helixindia,https://facebook.com/HelixIndia,https://twitter.com/Helix_Watches,,,watches,"Discover a wide range of stylish timex brand watches online in India. Helix watches offer classic to contemporary designs, find the perfect timepiece for any occasion.",https://helixwatches-store.myshopify.com/cdn/shop/files/black_helix_youbeyou-01_1.svg?v=1720762974,Haryana,Gurugram,helixwatches-store.myshopify.com,INR,Shopify business address in India; prices in INR; +91 phone number,Shopify business address,commoncrawl
www.hellokidology.in,Kidology,care@hellokidology.in; care@inkmilan.com,+918882043692,https://instagram.com/hellokidology,,,https://linkedin.com/company/happy-cheeks-private-limited,https://youtube.com/@beyondkidology,"toys & games, kids & baby","Kidology is the India's First Dedicated Online Store for Your Kid's Skill Development & Learning & Exclusively for Toys & Games for Kids. Buy Authentic & Exclusive Online toys & Games for Kids, Baby & Children & more...",https://www.hellokidology.in/cdn/shop/files/Kidology_Brand_Ideology_2800_x_1100_px.png?v=1786965077,Delhi,Delhi,hellokidology-co.myshopify.com,INR,Shopify business address in India; prices in INR; .in domain; Indian postal address on site; +91 phone number,Shopify business address,tranco
herbsasia.in,HERBSASIA,herbasiaasia@gmail.com,+918849131701,,,,,,men's grooming,"HerbsAsia was created for one reason — to end the endless cycle of shaving, waxing, threading, and irritation.",https://herbsasia.in/cdn/shop/files/herbsasia-logo.webp?v=1772473287,Gujarat,Surat,re6tz4-rh.myshopify.com,INR,Shopify business address in India; prices in INR; .in domain; +91 phone number,Shopify business address,tranco
hi5toys.in,Hi5Toys,hi5toysofficial@gmail.com,+916381067878; +917010361843,https://instagram.com/hi5woodentoys,https://facebook.com/Hi5Toys,https://x.com/hi5toys,,https://youtube.com/@hi5toys,toys & games,,https://hi5toys.in/cdn/shop/files/Logo_jpg.webp?v=1764304791,Tamil Nadu,ERODE,indy8v-jw.myshopify.com,INR,Shopify business address in India; prices in INR; .in domain; Indian postal address on site; +91 phone number,Shopify business address,tranco
www.hiffin.in,HIFFIN,contact@hiffin.in,+918800747240,https://instagram.com/hiffin_india,https://facebook.com/hiffinofficial,,,https://youtube.com/channel/UC5bo476L46NrN4_ZFBfYiiQ,electronics & gadgets,"At HIFFIN, we believe that every frame tells a story, and every creator deserves the best tools to bring their vision to life. Born out of a passion for photography and videography, HIFFIN set out to revolutionize the way professionals and enthusiasts capture moments. With innovation at our core, we design high-quality camera accessories that enhance creativity, precision, and ease of use. From sturdy tripods to advanced lighting solutions, we empower creators to push the limits of their craft. ",https://www.hiffin.in/cdn/shop/files/logo_hiffin.png?v=1742552377,Uttar Pradesh, Ghaziabad,hiffin.myshopify.com,INR,Shopify business address in India; prices in INR; .in domain; Indian postal address on site; +91 phone number,Shopify business address,tranco
hijabstories.in,Hijab Stories,hijabbystories@gmail.com,+918088678342; +918553678627; +918073173510,https://instagram.com/hijabstories.in,https://facebook.com/hijabstories.in,,,,women's apparel,"Discover premium hijabs, scarves & modest wear at Hijab Stories. Shop breathable, stylish, and elegant hijabs for everyday & occasion wear. India-wide delivery.",https://hijabstories.in/cdn/shop/files/WhatsApp_Image_2026-01-16_at_10.00.44_PM-removebg-preview.png?v=1768625544,Karnataka,Bangalore,9cc15e-2.myshopify.com,INR,Shopify business address in India; prices in INR; .in domain; Indian postal address on site; +91 phone number,Shopify business address,tranco
hilaryrhoda.in,Hilary Rhoda,care@hilaryrhoda.in; hr@hilaryrhoda.in; marketing@hilaryrhoda.in,+919667394409,https://instagram.com/hilaryrhodacosmetic,https://facebook.com/people/Hilary-Rhoda-Cosmetics/61559023562196,,https://linkedin.com/company/hilary-rhoda,https://youtube.com/@hilaryrhodacosmetics,makeup,Shop makeup products online with amazing discounts and offers! Explore the best beauty products at Hilary Rhoda. Enjoy top-quality cosmetics at unbeatable pr...,https://hilaryrhoda.in/cdn/shop/files/Image_15_fab9a6b1-c7c7-4396-a548-6125e5a6bf1d.png?v=1726206225,Delhi,North West Delhi,hilary-rhoda.myshopify.com,INR,Shopify business address in India; prices in INR; .in domain; Indian postal address on site; +91 phone number,Shopify business address,tranco
himalayawellness.in,Himalaya Wellness (India),contactus@himalayawellness.com,+918017858472; +918902105058; +918584977818; +918609897424; +918002081930,https://instagram.com/himalayapersonalcare,https://facebook.com/HimalayaPersonalCare,https://twitter.com/HimalayaIndia,,https://youtube.com/user/HimalayaHerbalsIndia,health & nutrition,"Himalaya is trusted for head to heel range of herbal products. Shop our products online, see product prices & details on himalayawellness.in We deliver across India.",https://himalayawellness.in/cdn/shop/files/Logo-2022-500_555a55b6-ca04-40ad-b4ed-e25cbfeeff7d.png?v=1677556527,Karnataka,Bengaluru,himalaya-wellness-india.myshopify.com,INR,Shopify business address in India; prices in INR; .in domain; Indian postal address on site; +91 phone number,Shopify business address,tranco
hitechxyz.in,Hi Tech xyz,info@hitechxyz.in; marketing@hitechxyz.in,+919142884517,,https://facebook.com/hitechxyz,https://twitter.com/HiTechxyz,,https://youtube.com/@HiTechxyz,electronics & gadgets,Courage To Fly In The Sky,https://hitechxyz.in/cdn/shop/files/Picsart_24-01-13_09-58-31-058.png?v=1769237833,Jharkhand,Dhanbad,cb20c3-2.myshopify.com,INR,Shopify business address in India; prices in INR; .in domain; Indian postal address on site; +91 phone number,Shopify business address,tranco
hitomi-india.myshopify.com,HitoMi.india from New Delhi,hitomi.india@gmail.com,,https://instagram.com/hitomi.india,https://facebook.com/hitomihomepage,https://twitter.com/HitoMi_india,,,,HitoMiのインド国内専用オンラインショップです。インドx和の可愛い雑貨をご案内。 商品はニューデリーから発送。ヒマーチャルからカニャークマリまでお届けできます。,,Delhi,delhi,hitomi-india.myshopify.com,INR,Shopify business address in India; prices in INR,Shopify business address,commoncrawl
hittersports.in,Hitter Bat,contacthitterbat@gmail.com,+919316527781,https://instagram.com/hitterbat,,,,https://youtube.com/@hitterbat,sports & fitness,"Shop Premium cricket bats, batting gloves, cricket shoes, tennis balls, grips, bat covers, and accessories at Hitter Sports. Free delivery across India and secure online shopping.",https://hittersports.in/cdn/shop/files/Hitter_Horizontal_Logo.svg?v=1765472352,Gujarat,Bhuj ,745fed-fc.myshopify.com,INR,Shopify business address in India; prices in INR; .in domain; GSTIN on site; +91 phone number,Shopify business address,tranco
hitz.co.in,Hitz Shoes Online,support@hitzshoes.in,+917078344153,https://instagram.com/hitzmenshoes,https://facebook.com/HitzShoes,,,,footwear,"Buy Men Formal Shoes, Boots, Sandals, Slippers, Derby, Brogues, Sneakers, Slip Ons, Flyknit, Ethnic, Party Wear, Sports Shoes Online At Best Prices in India",https://hitz.co.in/cdn/shop/files/Hitz_website_logo_1_220x_dba65445-e88e-4540-99cc-375ce2df1564.png?v=1713948911,Uttar Pradesh,Agra,hitz-shoes-online.myshopify.com,INR,Shopify business address in India; prices in INR; .in domain; Indian postal address on site; +91 phone number,Shopify business address,tranco
hobbycorner.in,Hobby Corner,hobbycorner.cbe@gmail.com,+919994026447,https://instagram.com/hobbycorner. In,,,,https://youtube.com/@History2rucoins,collectibles & hobbies,"Online Store based at Coimbatore, Tamil Nadu. Deals in all types of World Coins, Old Indian Coins, Princely State Coins, Coin Albums , Coin Holders and other numismatic accessories. One of the best rated online stores for coin collectors in India",https://hobbycorner.in/cdn/shop/files/logo_16723292-de71-4f94-9e26-a04aa9743381.jpg?v=1762322702,Tamil Nadu,Coimbatore,0458b7-46.myshopify.com,INR,Shopify business address in India; prices in INR; .in domain; Indian postal address on site; +91 phone number,Shopify business address,tranco
www.hobbyshoppy.in,Hobby Shoppy,orders@hobbyshoppy.in,+919703722244,https://instagram.com/hobbyshoppy.in,https://facebook.com/people/HobbyShoppy/61587190280461,https://x.com/Hobby_Shoppy,,https://youtube.com/channel/UC9bmCIpnKlzJ09pEAmZbjGg,collectibles & hobbies,"Shop premium licensed diecast model cars online in India at Hobby Shoppy. Explore 1:18, 1:24, 1:32 & 1:64 scale models from top brands with fast delivery.",https://www.hobbyshoppy.in/cdn/shop/files/Hobby_Shoppy_Logo_Main_Cropped_Inverted.png?v=1787134745,Telangana,Hyderabad,1uts5c-a2.myshopify.com,INR,Shopify business address in India; prices in INR; .in domain; Indian postal address on site; +91 phone number,Shopify business address,tranco
hokipo.in,HOKIPO | Har Ghar ka Humsafar,contact@hokipo.in,+919321224022,https://instagram.com/hokipo.in,https://facebook.com/HokipoHomeKitchenProducts,,,https://youtube.com/@hokipo_in,furniture,"It’s where the morning begins with someone asking, Chai ban gayi?",https://hokipo.in/cdn/shop/files/hokipo_new_logo.svg?v=1785847647,Maharashtra,Palghar,40c2f1-2.myshopify.com,INR,Shopify business address in India; prices in INR; .in domain; Indian postal address on site; +91 phone number,Shopify business address,tranco
homebakersmart.co.in,Bakeworld Retails Pvt Ltd,homebakersmart@gmail.com,+918824970081,https://instagram.com/homebakersmart,https://facebook.com/Homebakersmart,,,,"tools & hardware, food & beverages","Homebakers Mart is the online destination for all your baking needs. We offer a wide selection of baking tools and ingredients at affordable prices. Whether you're a beginner or a seasoned baker, we have everything you need to create delicious baked goods.",https://homebakersmart.co.in/cdn/shop/files/MPPVV_DWI9HWHZweALK.jpg?v=1687093916,Rajasthan,Bhilwara,bca6ac.myshopify.com,INR,Shopify business address in India; prices in INR; .in domain; +91 phone number,Shopify business address,tranco
homeessentials.in,Home Essentials,support@homeessentials.in,+916232019148; +917777802055,https://instagram.com/homeessentials.insta,,,https://linkedin.com/company/homeessentialsindia,https://youtube.com/@Homeessentials.youtube,home & kitchen,"Buy affordable home organization, kitchen items & decor at Home Essentials. Buy durable, stylish, and functional products to enhance your home effortlessly.",https://homeessentials.in/cdn/shop/files/Logo_Colored_1.png,Madhya Pradesh,Gwalior,9d46c2-4d.myshopify.com,INR,Shopify business address in India; prices in INR; .in domain; Indian postal address on site; +91 phone number,Shopify business address,tranco
homelycarts.in,Homelycart,contact@homelycarts.in,,,,,,,toys & games,,,West Bengal,malda,2cndrb-ha.myshopify.com,INR,Shopify business address in India; prices in INR; .in domain; Indian postal address on site,Shopify business address,tranco
www.homemonde.in,HomeMonde,support@homemonde.in,+918233008561,https://instagram.com/homemondelifestyle,https://facebook.com/homemondelifestyle,,https://linkedin.com/company/homemondelifestyle,https://youtube.com/@homemondelifestyle,"home decor, home & kitchen","Buy curtains, bedsheets, rugs & bedding online at HomeMonde. Explore GOTS-certified cotton collections, premium home furnishings, exclusive designs with doorstep delivery across India.",https://www.homemonde.in/cdn/shop/files/Homemonde_Logo-02.jpg?v=1718104736,Rajasthan,Jaipur,homemonde.myshopify.com,INR,Shopify business address in India; prices in INR; .in domain; Indian postal address on site; +91 phone number,Shopify business address,tranco
homero.in,Homero,support@homero.in,,https://instagram.com/homero_in,https://facebook.com/people/Homero/61573518790317,,,,home & kitchen,"Thoughtfully designed cookware, organizers, and lifestyle essentials for every home.",https://homero.in/cdn/shop/files/logo_2_png_1.png?v=1783933821,Karnataka,BENGALURU URBAN,homero-online.myshopify.com,INR,Shopify business address in India; prices in INR; .in domain; Indian postal address on site,Shopify business address,tranco
www.hometown.in,HomeTown,care@hometown.in,+917678034451; +917008960212; +919101635732; +919007392676; +919836217844; +916388236862,https://instagram.com/hometownindia,https://facebook.com/hometown.in,,,https://youtube.com/@HomeTownIndia,"furniture, home & kitchen","Shop premium furniture, home decor, furnishings & more at India's leading online furniture store. Get great designs & quality products. Explore our collection now!",https://www.hometown.in/cdn/shop/files/HT_logo_new.png?v=1782211151,Maharashtra,Mumbai,hometown-mumbai.myshopify.com,INR,Shopify business address in India; prices in INR; .in domain; Indian postal address on site; +91 phone number,Shopify business address,tranco
honeyveda.in,HoneyVeda,connect@honeyveda.in,+918866044554,https://instagram.com/honeyveda.in,https://facebook.com/honeyveda.in,https://x.com/honeyveda_in,,,food & beverages,Looking for the Best Online Pure Raw Natural Honey? Buy at Best Price with No Added Chemicals from Honey Veda . FREE Shipping ✓ Best Quality,https://honeyveda.in/cdn/shop/files/Group_204.png?v=1718556102,Gujarat,Ahmedabad,honey-veda.myshopify.com,INR,Shopify business address in India; prices in INR; .in domain; Indian postal address on site; +91 phone number,Shopify business address,tranco
www.horlicks.in,HorlickIn,lever.care@unilever.com,+918291082913; 1800-210-2233,https://instagram.com/horlicksin,https://facebook.com/HorlicksIndia,,,https://youtube.com/user/HorlicksIndia,health & nutrition,Horlicks is India's most popular nutritional drink. The Horlicks & Horlicks PLUS range offers scientific nutrition as per age & lifestyle. Purchase today at the best price.,https://www.horlicks.in/cdn/shop/files/horlicks-svg-logo.svg?pad_color=ffffff&v=1720505846,Maharashtra,Mumbai,horlickin.myshopify.com,INR,Shopify business address in India; prices in INR; .in domain; Indian postal address on site; +91 phone number,Shopify business address,tranco
hotgadget.in,Hotgadget,support@hotgadget.in,+917440446474,https://instagram.com/hotgadget.store,,,,https://youtube.com/@hotgadget_in,"electronics & gadgets, watches","Discover the latest gadgets and innovative tech products to enhance your lifestyle. Shop top-rated electronics, smart home devices, and more at unbeatable prices. Free shipping on all orders!",https://hotgadget.in/cdn/shop/files/GADGETS_ACCEs.svg?v=1750026565,Madhya Pradesh,Shahdol,hotgagdet.myshopify.com,INR,Shopify business address in India; prices in INR; .in domain; +91 phone number,Shopify business address,tranco
hotpinkjaipur.com,Hot Pink Jaipur,jaipurhotpink@yahoo.co.in,+919352178327,https://instagram.com/hotpinkjaipur,https://facebook.com/HotPinkJaipur,,,,"apparel, kids & baby","A luxury multi brand concept store in Jaipur. Shop for Men, Women, Kids & Home.",https://hotpinkjaipur.com/cdn/shop/files/LOGO_1.png?v=1668672087,Rajasthan,Jaipur,hotpinkjaipur.myshopify.com,INR,Shopify business address in India; prices in INR; Indian postal address on site; +91 phone number,Shopify business address,commoncrawl
hottestex.com,Hottest Ex,care@provethepoint.com; marketing@volume.in,+919971894669; +919013766338,https://instagram.com/hottest.ex,https://facebook.com/hottestex,,,,skincare,"Move on to this next generation of Skincare products with no toxicity. Beauty products with good vibes. Discover the range at Hottest Ex and shop skincare products that leave your skin feeling younger, nourished and radiant.",https://hottestex.com/cdn/shop/files/Asset_1.png?v=1623913096,Delhi,New Delhi,hottestex.myshopify.com,USD,Shopify business address in India; +91 phone number,Shopify business address,commoncrawl
www.houseofchikankari.in,House of Chikankari,info@houseofchikankari.in; business@houseofchikankari.in,+919871057461,https://instagram.com/houseofchikankari.in,https://facebook.com/houseofchikankari.in,,https://linkedin.com/company/house-of-chikankari,https://youtube.com/@houseofchikankari,ethnic wear,"Shop for hand-embroidered and handmade designer chikankari kurtas, kurtis, palazzos, and dupattas for women and men from House of Chikankari’s.",https://www.houseofchikankari.in/cdn/shop/files/your-logo.png,Delhi,New Delhi,house-ofchikankari.myshopify.com,INR,Shopify business address in India; prices in INR; .in domain; Indian postal address on site; +91 phone number,Shopify business address,tranco
www.houseofcomfort.in,House of Comfort,support@houseofcomfort.in,+917383122844,https://instagram.com/houseofcomfort.in,https://facebook.com/houseofcomfort.in,,,https://youtube.com/@houseofcomfort_yt,apparel,Experience the perfect blend of style and comfort—made for dreamy nights and relaxed mornings.,https://www.houseofcomfort.in/cdn/shop/files/sgfsgs.svg?v=1754471657,Gujarat,Sachin INA,thehouseofcomfort.myshopify.com,INR,Shopify business address in India; prices in INR; .in domain; +91 phone number,Shopify business address,tranco
houseofkari.in,House Of Kari(Chikankari Clothing),help@houseofkari.in,+917011724096,https://instagram.com/houseofkari.in,https://facebook.com/people/House-Of-Kari/100075739227478,,,,"ethnic wear, apparel","Explore the premium Chikankari collection for women, men & kids in Kashmiri, woolen cotton, silk, rayon & muslin. Handcrafted by artisans. Shop timeless styles at House of Kari!",https://houseofkari.in/cdn/shop/files/Layer_81_14b13d4b-a9b3-4b19-857c-81fb7ad5202b.png?v=1767426617,Uttar Pradesh,Noida,house-of-kari.myshopify.com,INR,Shopify business address in India; prices in INR; .in domain; Indian postal address on site; +91 phone number,Shopify business address,tranco
houseofmoxa.in,House of Moxa,info@houseofmoxa.in,+919132100088; +919136882468; +917710012468,,,,,,"ethnic wear, women's apparel",Shop sustainable clothing that is modern yet traditional.,https://houseofmoxa.in/cdn/shop/files/logo_new_6344f6e3-3cf6-4641-bcf5-2eedb9f14bc6.jpg?v=1668680502,Maharashtra,Thane,house-of-moxa.myshopify.com,INR,Shopify business address in India; prices in INR; .in domain; GSTIN on site; Indian postal address on site; +91 phone number,Shopify business address,tranco
www.houseofracket.in,House of Racket,houseofracket.support@gmail.com,+917692050444,https://instagram.com/hi_tech_badminton,,,,https://youtube.com/c/HiTechBadminton,"sports & fitness, footwear","Buy genuine Yonex, Li-Ning, Victor, Tanso, Apacs & Hundred badminton rackets, shoes, strings and accessories with fast delivery across India.",https://www.houseofracket.in/cdn/shop/files/1.png?v=1745918873,Chhattisgarh,Raipur,7uxy84-e0.myshopify.com,INR,Shopify business address in India; prices in INR; .in domain; +91 phone number,Shopify business address,tranco
huesstudio.in,HUES STUDIO,teamhues2019@gmail.com,+9958691548; +919958691548,https://instagram.com/hues__studio,https://facebook.com/profile.php?id=10007637205310,,,,bags & accessories,"Lightweight tote bags, laptop bags and slings with organised compartments, secure zipper closures and personalised details. Handcrafted in India and loved by 50,000+ women.",,Delhi,New Delhi,1643f7.myshopify.com,INR,Shopify business address in India; prices in INR; .in domain; GSTIN on site; Indian postal address on site; +91 phone number,Shopify business address,tranco
www.hustleclub.co.in,Hustle Club,hello@hustleclub.co.in,+919038633699,https://instagram.com/hustleclub__,https://facebook.com/hustleclubindia,,https://linkedin.com/company/hustleclubindia,https://youtube.com/@hustleclubindia,"apparel, bags & accessories","Discover premium sneakers, streetwear & accessories at Hustle Club India. Authentic brands, exclusive drops & latest styles. Shop the hustle lifestyle now.",https://www.hustleclub.co.in/cdn/shop/files/hustle-club-logo-red.svg?v=1788764400,West Bengal,Kolkata,9b1086-18.myshopify.com,INR,Shopify business address in India; prices in INR; .in domain; +91 phone number,Shopify business address,tranco
hyue.in,HYUE,support@hyue.in,+918928568024,https://instagram.com/hyueofficial,,,,https://youtube.com/channel/UCrZnvzv9ylFOYBInyQFTOnA,makeup,"Welcome to HYUE, where beauty meets confidence. We believe that makeup is a powerful tool that can help you own your individuality and express yourself fearlessly.",https://hyue.in/cdn/shop/files/new_20607479-7cbe-4fc0-86ba-259b4f261f37.png?v=1746702131,Maharashtra,Mumbai,61db52-3.myshopify.com,INR,Shopify business address in India; prices in INR; .in domain; Indian postal address on site; +91 phone number,Shopify business address,tranco
iclusters.in,icluster technologies,support@iclusters.in; sales@iclusters.in,+919741020891; +917975366943,https://instagram.com/icluster_technologies,,,,,electronics & gadgets,,https://iclusters.in/cdn/shop/files/iCluster_technologies_Logo.png?v=1767430945,Karnataka,Bengaluru,icluster-com.myshopify.com,INR,Shopify business address in India; prices in INR; .in domain; +91 phone number,Shopify business address,tranco
ifur.in,iFur,info@ifur.in,+919667066988,https://instagram.com/ifur.in,https://facebook.com/iFurIndia,,,,furniture,Looking for the best online store to buy luxury furniture? Look no further than iFUR! Our collection of high-end furniture features exquisite Italian ...,https://ifur.in/cdn/shop/files/ifur-l.webp?v=1764932908,Haryana,Gurugram,ifur1.myshopify.com,INR,Shopify business address in India; prices in INR; .in domain; Indian postal address on site; +91 phone number,Shopify business address,tranco
ihadesigns.in,Iha Designs Bridal Studio,ihadesigns.in@gmail.com; info.ihadesigns@gmail.com,+914772257500,https://instagram.com/iha_designs,https://facebook.com/ihaboutique,,,https://youtube.com/@Ihadesigns,ethnic wear,"The journey of Iha Designs started 6 years ago by Nooha Sajeev and today Iha Designs is recognized as the leading designer boutique in Alappuzha , Kerala. With two outlets in Alappuzha and 1 in Dubai, Iha Designs is a space to experience and discover new designs, styles and fashion ideas.",https://ihadesigns.in/cdn/shop/files/iha-logo-new_1.png?v=1735537615,Kerala,ALAPPUZHA,ihadesigns.myshopify.com,INR,Shopify business address in India; prices in INR; .in domain; Indian postal address on site; +91 phone number,Shopify business address,tranco
ikiru.in,IKIRU,business@ikiru.in; care@ikiru.in; partners@ikiru.in,+917223002939; +919039419933; +919893399255,https://instagram.com/ikiru.in,https://facebook.com/Ikiruhomedecor,https://x.com/IKIRU_in,https://linkedin.com/company/ikiru-home-store,https://youtube.com/@ikiruhome,"home decor, furniture","Upto 40% Off on Furniture 🪑, Lights 💡, Home Decor 🖼️ & Kitchenware 🍽️ at Ikiru.in. Enjoy Free Delivery 🚚, Easy Returns 🔄 & Expert Design Consultation 📝. Shop Now at ikiru.in !",https://ikiru.in/cdn/shop/files/IKIRU-LOGO-WTDFDFDF_7f38d7d6-616a-4862-8597-031a71fb9fd5.svg?v=1751642323,Madhya Pradesh,Indore,handpicked-home-store.myshopify.com,INR,Shopify business address in India; prices in INR; .in domain; Indian postal address on site; +91 phone number,Shopify business address,tranco
ikoho.in,Ikoho,hello@ikoho.in; collabs@ikoho.in,+918077764592,https://instagram.com/ik0h0,https://facebook.com/ik0h0,https://x.com/ikohoes,https://linkedin.com/company/ikoho,https://youtube.com/@ikoho_in,footwear,"Discover trendy derby sneakers, aesthetic boots, and eco-friendly Derby shoes online at IKOHO. Explore our collection of aesthetic and chunky footwear .Buy comfortable waterproof Boots online at IKOHO",https://ikoho.in/cdn/shop/files/IKOHO-LOGO.svg?v=1753259890,Uttar Pradesh,Noida,204888.myshopify.com,INR,Shopify business address in India; prices in INR; .in domain; Indian postal address on site; +91 phone number,Shopify business address,tranco
www.immunosciences.in,IMMUNOSCIENCES,info@immunosciences.in; crm@immunosciences.in,+917678291589,https://instagram.com/immunosciencesofficial,https://facebook.com/immunosciences,,,https://youtube.com/@immunosciences,health & nutrition,"Best doctor-formulated multivitamins, collagen powder, probiotics, Vitamin C, Calcium tablets, and many more specialized supplements. Buy Now!",https://www.immunosciences.in/cdn/shop/files/logo_001.png?v=1782720524,Delhi,New Delhi,shopimmunosciences.myshopify.com,INR,Shopify business address in India; prices in INR; .in domain; Indian postal address on site; +91 phone number,Shopify business address,tranco
impakto.in,Impakto ,info@impakto.in,+916293693196,https://instagram.com/impakto_athleisure,https://facebook.com/impaktoathleisure,,,,footwear,"Discover Impakto Shoes, India's pioneering smart shoe company revolutionizing footwear with cutting-edge technology. With soft cushioning, durable Strobel construction, a wider toe box for unmatched comfort, and fully in-house design, our shoes are engineered for peak performance and all-day support.",https://impakto.in/path-to-logo-image,West Bengal,Kolkata,ajanta-impakto.myshopify.com,INR,Shopify business address in India; prices in INR; .in domain; Indian postal address on site; +91 phone number,Shopify business address,tranco
www.inart.co.in,InArt-Studio,help@inart.co.in,+917715839541,https://instagram.com/inartindiaofficial,https://facebook.com/inartindiaofficial,,,https://youtube.com/channel/UC2rPHOnYXjzseTviQurlSXA,home & kitchen,"Explore a classy and luxurious wide range of InArt Sanitaryware Wash Basin Designs, Toilets, Basin Taps and Faucets for both bathroom & dining room at InArt.",https://www.inart.co.in/cdn/shop/files/apint_FullColor_TransparentBg_1024x1024_72dpi_-_Copy_-_Copy.png?v=1643875778,Maharashtra,Mumbai,inart-studio.myshopify.com,INR,Shopify business address in India; prices in INR; .in domain; Indian postal address on site; +91 phone number,Shopify business address,tranco
www.indianartvilla.in,INDIAN ART VILLA,care1@indianartvilla.in,+918094254611,https://instagram.com/indianartvilla,https://facebook.com/indianartvilla,https://twitter.com/indianartvilla,,https://youtube.com/c/IndianArtVilla,home & kitchen,"Buy pure copper & brass utensils online from India's leading manufacturer. 10 lakh+ customers, handcrafted in India. Shop drinkware, cookware & gifting.",https://www.indianartvilla.in/cdn/shop/files/bold_logo_png_1_5fb1d908-d349-401b-9ccf-d10de93b5c5b.png?v=1757072080,Rajasthan,Jaipur,indian-art-villa.myshopify.com,INR,Shopify business address in India; prices in INR; .in domain; Indian postal address on site; +91 phone number,Shopify business address,tranco
www.indianelegance.in,INDIAN ELEGANCE,indianelegance.in@gmail.com,+919328979415,https://instagram.com/indianelegance.in,https://facebook.com/indianelegance.in,,,,ethnic wear,"Shop premium Lehenga Choli, Sarees, Anarkali Suits & Gowns at Indian Elegance. Free shipping across India, 15% off prepaid. Trusted since 2017.",https://www.indianelegance.in/cdn/shop/files/indian_elegen_460_x_74_px.png?v=1746601553,Gujarat,Surat,mewwzh-7c.myshopify.com,INR,Shopify business address in India; prices in INR; .in domain; Indian postal address on site; +91 phone number,Shopify business address,tranco
indiansoccermart.in,Indiansoccermart,indiansoccermart@gmail.com,+918169962217,https://instagram.com/_indiansoccermart_,,,,,sports & fitness,"We are part of Indian Sports Store organisation. We are an India based company, born out of passion and commitment towards sports, specially football. We are driven by a single minded zeal to realize our vision - To provide the highest quality of service at affordable prices through operations backed by the highest level of integrity.",https://indiansoccermart.in/cdn/shop/files/WhatsApp_Image_2020-11-03_at_16.33.53.jpg?v=1614294333,Maharashtra,Mumbai,indiansoccermart.myshopify.com,INR,Shopify business address in India; prices in INR; .in domain; +91 phone number,Shopify business address,tranco
indianwalker.in,Indian Walker,support@indianwalker.in,,https://instagram.com/indianwalkerofficial,https://facebook.com/profile.php?id=61566867694184,,,https://youtube.com/@IndianWalkerdotin,bags & accessories,REDEFINING THE WAY YOU MOVE,https://indianwalker.in/cdn/shop/t/80/assets/iw-logo.png?v=81280440145514647641783413165,Uttar Pradesh,Hapur,81i1te-5v.myshopify.com,INR,Shopify business address in India; prices in INR; .in domain,Shopify business address,tranco
www.indoera.in,indoera,admin@indoera.in,+919512191118,https://instagram.com/indo.era,https://facebook.com/profile.php?id=61560621118315,,,https://youtube.com/channel/UCC3mcpK7syP6FRdFPET2X9w,ethnic wear,"Shop the latest trends with Indo Era! Explore our latest collection of suit sets, kurtas, and stylish dresses—now at up to 70% off! From bold florals to elegant silhouettes, refresh your wardrobe with timeless designs crafted for every occasion. Enjoy free shipping across India and easy returns. Don't miss out shop now",https://www.indoera.in/cdn/shop/files/logo_d9178f76-294e-471b-ae20-0fdfa76cafc7.png?v=1665559371,Gujarat,Surat,indoera-gh.myshopify.com,INR,Shopify business address in India; prices in INR; .in domain; Indian postal address on site; +91 phone number,Shopify business address,tranco
indranilife.in,Indrani Life,support.indranilife@gmail.com,,https://instagram.com/indranilife.fashion,https://facebook.com/people/Indrani-Life/61559381416990,,,,women's apparel,"Discover the latest trends in Women's Western Wear Clothing at Indrani Life. Shop stylish and comfortable western-inspired outfits, from chic tops, tunics, top palazzo bottom sets, kaftan dresses, co-ord to classic shirts. Perfect for every occasion. Free shipping and easy returns!",https://indranilife.in/cdn/shop/files/Indrani_Life_Logo_5b6c19dd-8bd4-4259-bc8c-fce834d73e49.svg?v=1747754153,Gujarat,Surat,c105fd-ed.myshopify.com,INR,Shopify business address in India; prices in INR; .in domain; Indian postal address on site,Shopify business address,tranco
infinixmobiles.in,Infinix Mobiles,infinix.smd@transsion.com; pr@infinixmobility.com; service@carlcare.com,1800-419-0525,https://instagram.com/infinixindia,https://facebook.com/InfinixMobileIN,https://x.com/infinixindia,https://linkedin.com/company/infinix-mobile-india,https://youtube.com/@Infinixindia,electronics & gadgets,"Discover the innovative world of Infinix and shop everything MOBILE, plus explore accessories, entertainment, and expert device support",https://infinixmobiles.in/cdn/shop/files/logo.png?v=1738315328,Delhi,Delhi,infinixmobiles.myshopify.com,INR,Shopify business address in India; prices in INR; .in domain,Shopify business address,tranco
www.inkbolt.in,inkbolt,support@inkbolt.in,+917977538481,,,,,,body art,"Explore skin-safe semi-permanent tattoos in India. Easy, painless, and lasts up to 2 weeks! Express your true self with our collections.",https://www.inkbolt.in/cdn/shop/files/logo_1.webp?v=1778664785,Maharashtra,Navi Mumbai,inkbolt.myshopify.com,INR,Shopify business address in India; prices in INR; .in domain; Indian postal address on site; +91 phone number,Shopify business address,tranco
www.inkhub.in,INKHUB,help@inkhub.in; customercare.inkhub@gmail.com; partner.inkhub@gmail.com,,https://instagram.com/inkhub_,https://facebook.com/inkhub01,,,https://youtube.com/@inkhub_tattoos,body art,"Shop 1,000+ semi-permanent tattoos from ₹199. Needle-free, waterproof, and lasts 1-2 weeks. Trusted by 45 lakh+ customers across India. Custom designs available.",https://cdn.shopify.com/s/files/1/0697/5845/2027/files/2_34c257d4-113f-4bda-a944-b97eaa80e5b8.png?v=1771230662,Jharkhand,ranchi,ink7.myshopify.com,INR,Shopify business address in India; prices in INR; .in domain; GSTIN on site; Indian postal address on site,Shopify business address,tranco
inkocean.in,Inkocean Technologies,support@inkocean.in,+919901479274,,,,,,electronics & gadgets,"Inkocean deals into all kinds of active and passive electronics components and PCB. We have a vast range of products like connectors, IC, antennas, IoT Module, chips, circuits for various industries and hobbits. We also deal in Home automation, Smart cities and Iot security products and electronics projects.",https://cdn.shopify.com/s/files/1/0075/8726/6678/files/inkocean-logo-punchlineV2_2.png,Karnataka,Bangalore,inkocean-technologies.myshopify.com,INR,Shopify business address in India; prices in INR; .in domain; GSTIN on site; Indian postal address on site; +91 phone number,Shopify business address,tranco
inkup.co.in,InkUp,Website.inkup@gmail.com; website.inkup@gmail.com,+919608912430,https://instagram.com/inkup.co,https://facebook.com/profile.php?id=61571774764249,https://x.com/Inkup_in,https://linkedin.com/company/inkupco,https://youtube.com/@inkup.c,body art,"INKUP is India’s first body art brand offering pain-free, commitment-free semi-permanent tattoos that last 2 weeks. No needles. No regrets. Just body art.",https://inkup.co.in/cdn/shop/files/inkuplogowhite_17c427ce-31ad-42db-99d5-3de48fe5adf6.png?v=1736173691,Jharkhand,Ranchi,gfdi5c-gg.myshopify.com,INR,Shopify business address in India; prices in INR; .in domain; Indian postal address on site; +91 phone number,Shopify business address,tranco
insightcosmetics.in,InsightCosmetics,care@insightcosmetics.in; hr@insightcosmetics.in; sme@insightcosmetics.in,+918928949140; +919167109506,https://instagram.com/insightcosmetic,https://facebook.com/insightcosmeticsindia,,,https://youtube.com/channel/UCo8F5mT6rBzk07JjKBxF0gQ,makeup,"Enhance your beauty with the Best Makeup products. Shop a wide range of Makeup products for Face, Eyes, Nail & Lips online at Best Prices and Amazing offers.",https://insightcosmetics.in/cdn/shop/files/INSIGHT_without_R.png?v=1728633712,Maharashtra,Mumbai,insightcosmetics.myshopify.com,INR,Shopify business address in India; prices in INR; .in domain; +91 phone number,Shopify business address,tranco
www.insta360india.com,Insta360,info@insta360india.com; support@digitalcontrolztech.com,,https://instagram.com/insta360indiaofficial,https://facebook.com/insta360indiaofficial,,,https://youtube.com/@insta360india,electronics & gadgets,"Founded in 2014, Insta360 has been a leader in the 360-degree camera market. The Insta360 camera has been working to enable people to freely share their experiences without limitations of time and place.",https://www.insta360india.com/cdn/shop/files/logo-black.png?v=1735541932,Uttar Pradesh,Noida,1njqct-pu.myshopify.com,INR,Shopify business address in India; prices in INR; Indian postal address on site,Shopify business address,commoncrawl
www.instax.in,Fujifilm Instax,instax@fujifilm.com,1800-202-3346,https://instagram.com/instaxindia,https://facebook.com/InstaxIndiaOfficial,https://x.com/IndiaInstax,https://linkedin.com/company/instaxindia,https://youtube.com/channel/UCAbnot-C1UN3R-rzCyOMT7A,electronics & gadgets,"Stunning, Vibrant Instant photos are now a click away with an instant camera. Check out the best camera for instant photos by Instax India.",https://www.instax.in/cdn/shop/files/logo_02_1.webp?v=1775469494,Karnataka,Bangalore,fujifilm-instax.myshopify.com,INR,Shopify business address in India; prices in INR; .in domain; Indian postal address on site,Shopify business address,tranco
instore.co.in,Instore,online@instore.co.in,+9039031947; +9069062050; +9069062090; +9069062070; +919269261919; +914449508783,https://instagram.com/instorefashions,https://facebook.com/instorefashions,,,https://youtube.com/instorefashions,ethnic wear,Shop the Best Women's Clothing at Instore Chennai. Explore a wide range of stylish comfort Kurtis & fashionable apparel online and get the best deals.,https://instore.co.in/files/FAV.png,Tamil Nadu,Chennai,instorefashion.myshopify.com,INR,Shopify business address in India; prices in INR; .in domain; Indian postal address on site; +91 phone number,Shopify business address,tranco
internetfinds.in,Internet Finds,internetfinds.in@gmail.com,,https://instagram.com/internetfinds.in,,,,,"home & kitchen, electronics & gadgets","Internet Finds, Your one stop shop for unique & useful products at unbeatable price!",https://internetfinds.in/cdn/shop/files/Untitled_1325_x_220_px_1325_x_170_px_830_x_170_px.png?v=1739609189,Kerala,Ponnani,1x45ie-1s.myshopify.com,INR,Shopify business address in India; prices in INR; .in domain,Shopify business address,tranco
www.intex.in,Intex Technologies,info@intex.in; shubhi@intex.in,+919355596674; +911204895555; +919953030145,https://instagram.com/intextechnologies,https://facebook.com/IntexIndia,https://twitter.com/IntexBrand,https://linkedin.com/company/intextechnologies,https://youtube.com/c/IntexTechnologiesLimited,electronics & gadgets,"Discover Intex – India’s trusted brand for LED TVs, multimedia speakers, smartwatches, home appliances, and IT accessories. Since 1996, we deliver innovation, quality, and affordability across electronics and lifestyle products.",https://www.intex.in/cdn/shopifycloud/storefront/assets/no-image-2048-a2addb12.gif,Delhi,Delhi,intextechnologies.myshopify.com,INR,Shopify business address in India; prices in INR; .in domain; Indian postal address on site; +91 phone number,Shopify business address,tranco
irisandpeach.com,Iris & Peach,hello@irisandpeach.com,+917760149997,https://instagram.com/irisandpeach,,,,,"apparel, ethnic wear","Iris & Peach creates premium sustainable kids wear crafted from soft, breathable organic fabrics with hand-drawn prints, skin-friendly and thoughtful design. Comfortable, timeless clothing for children, made for everyday play, special moments, and conscious parenting Ethnic Wear, Party Wear, Play date , Summer Wear",https://irisandpeach.com/cdn/shop/files/Iris_Peach_new_2_Logo.png?v=1724216826,Karnataka,Bengaluru,77e3b0-f6.myshopify.com,INR,Shopify business address in India; prices in INR; Indian postal address on site; +91 phone number,Shopify business address,commoncrawl
www.itsfun.in,Its Fun,itsfun.in@gmail.com,+917845552924,https://instagram.com/itsfun.in,,,,https://youtube.com/@itsfunin,toys & games,"Buy Hotwheels, Matchbox, Majorette and more miniature toys in india at very less price. Rare hotwheels collections in india. Buy imported hotwheels cars in india",https://www.itsfun.in/cdn/shop/files/black_and_white_final_logoPNG.png?v=1697396316,Tamil Nadu,chennai,6c296c.myshopify.com,INR,Shopify business address in India; prices in INR; .in domain; Indian postal address on site; +91 phone number,Shopify business address,tranco
itsybitsy.in,Itsy Bitsy,info@itsybitsy.in,+919900061127,https://instagram.com/itsybitsycraftstore,https://facebook.com/itsybitsyindia,https://twitter.com/ItsyBitsyIndia,,https://youtube.com/user/itsybitsyindia,"art & craft supplies, books & stationery","Welcome to our Creative Wonderland! Shop premium Art, DIY Craft & Hobby supplies online or in-store. Free shipping on orders over 999. Explore now!",https://itsybitsy.in/cdn/shop/files/I_B_Logo_1024x1024_0a52d73d-2ef4-4e5d-9609-07e859a77412.webp?v=1689160348,Karnataka,Bengaluru,itsybitsynew.myshopify.com,INR,Shopify business address in India; prices in INR; .in domain; +91 phone number,Shopify business address,tranco
iyaksticker.in,Iyak Sticker,support@iyaksticker.in,+918838961045,https://instagram.com/iyak_mehndi_sticker,,,,https://youtube.com/@iyakmehandisticker,books & stationery,,https://iyaksticker.in/cdn/shop/files/ChatGPT_Image_Jul_4_2026_10_20_30_PM.png?v=1783188503,Tamil Nadu,Vaniyambadi,ev0tsi-7y.myshopify.com,INR,Shopify business address in India; prices in INR; .in domain; +91 phone number,Shopify business address,tranco
iyka.co.in,IYKA,support@iyka.co.in,+918281993429; +919188943947,https://instagram.com/iyka.co.in,https://facebook.com/Iyka.in,,,,women's apparel,"Shop stylish women's clothing online at IYKA India. Kurtis, dresses, co-ord sets, maternity wear & kaftans from ₹449. Free delivery above ₹699. 10% off first order!",https://s3.us-east-1.amazonaws.com/seolabapp/jsonld-images/lTjHNw3XSLJhGscITY0Gw3zlUIR5jN8sbmdeCQ8Y.png,Kerala,Thodupuzha,845173.myshopify.com,INR,Shopify business address in India; prices in INR; .in domain; Indian postal address on site; +91 phone number,Shopify business address,tranco
www.jackjones.in,Jack and Jones India,help@jackjones.in,1800-266-0005,https://instagram.com/jackjonesindia,https://facebook.com/JackJonesIndia,https://twitter.com/JackJonesIndia,,https://youtube.com/@JackJonesIndia,men's apparel,"Buy Men's clothing, such as T-shirts, Jeans, Trousers, Blazers, Jackets, Pants, Shirts, Shoes, Sneakers, Innerwear, Shorts, and accessories, Online at JACK&JONES.",https://www.jackjones.in/cdn/shop/files/JJ.png,Maharashtra,Mumbai,jackjones-india.myshopify.com,INR,Shopify business address in India; prices in INR; .in domain,Shopify business address,tranco
jaihindnursery.in,jaihindnursery,jaihindnursery61@gmail.com,+9736330000; +919736330000,https://instagram.com/mbanurserywala,,,,https://youtube.com/channel/UCsRRMJG3HLr4diidiX7Nenw,plants & gardening,"Shop the best online plant nursery in India. Buy healthy mango, citrus, guava & exotic fruit plants with fast delivery. ICAR-CCRI authorised. Order now!",https://jaihindnursery.in/cdn/shop/files/logo5.png?v=1778005548,Rajasthan,Bhiwadi,jaihindnursery.myshopify.com,INR,Shopify business address in India; prices in INR; .in domain; Indian postal address on site; +91 phone number,Shopify business address,tranco
www.jaipurbazar.in,Jaipur Bazar,hello@jaipurbazar.in; jaipurbazar.jb@gmail.com,+918824508028; +919351478307; +918619202563; +916375731241,https://instagram.com/jaipurbazar.in,https://facebook.com/jaipurbazar.in,,,https://youtube.com/@jaipurbazar-tulsiprints1130,ethnic wear,"Jaipur Bazar Tulsi Prints - We are manufacturer of Cotton Hand Block Printed Cotton Fabrics and Salwar Suits. Nearly 500+ fabrics available at PRINT ON DEMAND. We also deal in Screen Printed Cotton Fabrics. We are specialized in Sanganeri Print Fabric, Bagru, Dabu, Batik Print Fabrics. Call for Wholesale/Bulk Purchase.",https://www.jaipurbazar.in/cdn/shop/files/Jaipur_Bazar_icon_logo.jpg?v=1683495601,Rajasthan,Jaipur,a25088-2.myshopify.com,INR,Shopify business address in India; prices in INR; .in domain; Indian postal address on site; +91 phone number,Shopify business address,tranco
japam.in,Japam,deepak@japam.in,+917888568939; +917986936302,https://instagram.com/japam.in,https://facebook.com/japamofficial,,https://linkedin.com/company/98860235,,jewellery,The word Japam is derived from Sanskrit. Jaap is the common vernacular used for the act of meditation.,https://japam.in/cdn/shop/files/PhotoshopPreview_Image-removebg-preview.png?v=1772086024,Punjab,Mohali,japam-in.myshopify.com,INR,Shopify business address in India; prices in INR; .in domain; +91 phone number,Shopify business address,tranco
jerseyvault.in,JERSEY VAULT,jerseyvault100@gmail.com,+919605118842,https://instagram.com/jeysey_vault,,,,,apparel,,https://jerseyvault.in/cdn/shop/files/Untitled_design_1.png?v=1745407703,Kerala,Angadipuram,wvksgf-71.myshopify.com,INR,Shopify business address in India; prices in INR; .in domain; Indian postal address on site; +91 phone number,Shopify business address,tranco
www.jewelove.in,Jewelove™,wecare@jewelove.in,+919828012999,,https://facebook.com/Jewelove,,,https://youtube.com/jeweloveindia,jewellery,"India's #1 Platinum Jewellery Brand - One stop destination for Authentic Platinum Jewellery, Diamond & Gold Jewellery online ✔Customized jewellery ✔100% Certified",https://www.jewelove.in/cdn/shop/files/Jewelove_Black_Logo_Cropped_FInal.jpg?v=1738881680,Rajasthan,Jaipur,suranas-jewelove.myshopify.com,INR,Shopify business address in India; prices in INR; .in domain; +91 phone number,Shopify business address,tranco
jewelpanda.in,JEWEL PANDA,support@jewelpanda.in,,https://instagram.com/jewelpandashop,https://facebook.com/jewelpandaindia,,,,jewellery,"Shop premium jewellery online in India at Jewel Panda. Discover elegant necklaces, earrings, bracelets, rings and gifting-ready styles designed for everyday luxury and special occasions. Explore refined, stylish jewellery with timeless appeal, beautiful gifting options, free delivery and exceptional value across India.",https://jewelpanda.in/cdn/shop/files/Jewel_Panda_Logo_-_PNG_-_No_Borders_8ce5d2b6-70ef-4652-ac83-200e20251056.png?v=1742148344,Tamil Nadu,CHENNAI,jewelpanda-in.myshopify.com,INR,Shopify business address in India; prices in INR; .in domain; GSTIN on site; Indian postal address on site,Shopify business address,tranco
www.jnorss.in,Jnorss,customersupport@jnorss.com,+916280157876,https://instagram.com/jnorsslife,,,,,apparel,"JNORSS – Journey to Next-Gen Outfits, Redefining Street Style. Discover bold, trendsetting fashion with high-quality T-shirts, urban streetwear, and sleek essentials. Elevate your wardrobe with JNORSS – where style meets statement!",https://www.jnorss.in/cdn/shop/files/LOGO.png?v=1773327466,Punjab,Ludhiana,mvhp3i-a3.myshopify.com,INR,Shopify business address in India; prices in INR; .in domain; +91 phone number,Shopify business address,tranco
www.jockey.in,Jockey India,wecare@jockeyindia.com; franchisee@jockeyindia.com; grievance.officer@jockeyindia.com,1800-572-1299,https://instagram.com/JockeyIndia,https://facebook.com/jockeyindia,https://twitter.com/JockeyIndia,,,apparel,"Jockey India: Choose from 8000+ options for Men, Women and kids. Buy Innerwear, Outerwear, Thermals, Socks and Towel Online from Jockey.in",https://www.jockey.in/cdn/shop/files/JOCKEY_150TH_LOGO_2.webp?v=1775798814,Karnataka,Bengaluru,jockey-in.myshopify.com,INR,Shopify business address in India; prices in INR; .in domain; Indian postal address on site,Shopify business address,tranco
johnellies.in,John Ellies India,support@johnellies.com,+919090518585,https://instagram.com/johnellies_india,https://facebook.com/johnellies.india,,,https://youtube.com/@johnellies_india,men's apparel,"Explore a wide range of Premium Men's Shirts, Trousers, Socks, Belts, Club Wear and more. To view our extensive range of men's clothing accessories, Visit Now!",https://johnellies.in/cdn/shop/files/John-Ellies-Trim_0d6fb72a-4009-4704-8271-daf77e291356.png?v=1707714768,Gujarat,Surat,john-ellies.myshopify.com,INR,Shopify business address in India; prices in INR; .in domain; +91 phone number,Shopify business address,tranco
joola.in,JOOLA INDIA,sales@joola.in; care@joola.in,+918050005106,https://instagram.com/joolaindiatabletennis,https://facebook.com/joolaindiatabletennis,,,,food & beverages,"Explore top-quality pickleball paddles and gear at JOOLA INDIA. Buy best top pickleball paddles, pickleball accessories, pickleball apparels in JOOLA INDIA.",https://joola.in/cdn/shop/files/JOOLA_Lockup_Horizontal_Outline_Black_RGB_1_1_098dd0b5-0eec-4959-a18d-a3a096986867.png?v=1758718057,Karnataka,Bengaluru,joola-india.myshopify.com,INR,Shopify business address in India; prices in INR; .in domain; Indian postal address on site; +91 phone number,Shopify business address,tranco
jouell.com,Jouell,shop@jouell.com; jouellindia@gmail.com,+919958708555; +919873186107,,,,,,jewellery,"Discover timeless elegance with Jouell’s handcrafted fashion jewellery. Where quality, style, and affordability come together to celebrate your unique sparkle.",https://jouell.com/cdn/shop/files/jouell-logo_1.png?v=1755515562,Uttar Pradesh,Noida,jouell-store.myshopify.com,INR,Shopify business address in India; prices in INR; Indian postal address on site; +91 phone number,Shopify business address,commoncrawl
www.joybynature.com,Joybynature.com,info@joybynature.com,,,,,,,health & nutrition,"Buy Online Organic Products with a range of Natural & Ayurvedic Products for Herbal Beauty, Home & Living, Yoga, Organic Grocery, Clothing & Baby Care.",https://www.joybynature.com/cdn/shop/files/JBN_logo.jpg?v=1710421146,Delhi,New Delhi,joybynature.myshopify.com,USD,Shopify business address in India,Shopify business address,commoncrawl
joymolcouture.in,Joymol Couture,joymolcouture2019@gmail.com,+919150382032,https://instagram.com/joymol_couture,https://facebook.com/people/joymol_couture/100076242401735,,,https://youtube.com/channel/UC--ggFFHunOCI9APQpyQ8Ig,ethnic wear,Trendy women’s clothing for college and work life. Find your everyday look with Joymol Couture. 30000+ happy customers. Pan-India delivery.,https://joymolcouture.in/cdn/shop/files/8AB6D55F-B5B5-4A4D-BF32-FFB3FD5BFB08.png?v=1743257119,Tamil Nadu,Tirunelveli,5d45de-aa.myshopify.com,INR,Shopify business address in India; prices in INR; .in domain; +91 phone number,Shopify business address,tranco
jrpune.com,J R GARMENTS,jrgarments1984@gmail.com,+919890990001,https://instagram.com/j.r.garments,https://facebook.com/jrgarments1984,,https://linkedin.com/in/j-r-garments-48a5bb171,https://youtube.com/@jrpune,apparel,"J R GARMENTS is a uniform manufacturer & supplier in Pune since 1984. Shop medical, hospital, chef, housekeeping, security & corporate uniforms.",https://s3.us-east-1.amazonaws.com/seolabapp/jsonld-images/0lihifdy4VaWlXS4hAVKJMpLfiQzzemCbRO8dd6Y.jpg,Maharashtra,Pune,6sqafi-0t.myshopify.com,INR,Shopify business address in India; prices in INR; GSTIN on site; Indian postal address on site; +91 phone number,Shopify business address,commoncrawl
jsbhealthcare.co.in,JSB Health & Fitness Pvt Ltd,support@jsbhealthcare.co.in; support@jsbhealthcare.com,+9354574148; +918010402110; +919354574148,https://instagram.com/jsb_wellness,https://facebook.com/JSBWellness,,,https://youtube.com/channel/UCX1C_E2TuB6VwbNxZtsfnpw,sports & fitness,"JSB Health & Fitness Pvt Ltd, Buy Health & Fitness Products in India Online. Explore our wide range of health and fitness products to support your health journey. Fast shipping across India. Shop now for exclusive deals and offers.",https://jsbhealthcare.co.in/cdn/shop/files/jsblogo.webp?v=1750589399,Delhi,New Delhi 24,jsbhealthcare.myshopify.com,INR,Shopify business address in India; prices in INR; .in domain; +91 phone number,Shopify business address,tranco
www.juneberry.co.in,Juneberry,,+7046735536,https://instagram.com/juneberry_girl,https://facebook.com/profile.php?id=100076398736432,https://twitter.com/VeirdoVenture,,https://youtube.com/channel/UCZUkqeonhghcFbLS9VxD8EQ,women's apparel,"Discover the latest in women's fashion at Juneberry. Shop stylish dresses, tops, and more. Explore quality, trendy outfits perfect for every occasion!",https://cdn.shopify.com/s/files/1/0660/9453/0660/files/logo_juneberry.png?v=1728239518,Gujarat,Ahmedabad,5929f3-72.myshopify.com,INR,Shopify business address in India; prices in INR; .in domain,Shopify business address,tranco
juneberrycollections.in,June Berry ,juneberrycollections18@gmail.com,+919566627947; +919566172947,https://instagram.com/juneberry_collectionz,,,,,ethnic wear,"At JuneBerry Collections, we curate timeless elegance and contemporary charm for every woman's wardrobe. Our online shopping haven offers a delightful array of exquisite sarees, chic kurtis, and much more, celebrating the diverse tastes and traditions of Indian fashion.",https://juneberrycollections.in/cdn/shop/files/logo.png?v=1711451136,Tamil Nadu,Perundurai,blue-berry-cvw.myshopify.com,INR,Shopify business address in India; prices in INR; .in domain; Indian postal address on site; +91 phone number,Shopify business address,tranco
www.justherbs.in,Just Herbs,customer.support@justherbs.in; manish.kumar@justherbs.in,+918976826904; +918976826905,https://instagram.com/justherbsindia,https://facebook.com/justherbs,https://x.com/JustHerbsIndia,https://linkedin.com/company/apcos-naturals-herbalists-since-2002-,https://youtube.com/channel/UC0tLWfVWGXrz3_LPTuU88VA,health & nutrition,"Just Herbs - An Official Indian e-store for herbal, organic & ayurvedic cosmetic & beauty products for skincare, hair, bath & body. It is Pure, Bespoke and Ayurvedic. Visit Now to get at best Price.",https://www.justherbs.in/cdn/shop/files/Logo_JH_88939a9a-7e44-45b3-b819-298b0ad23559.png,Punjab,Mohali,just-herbs-india.myshopify.com,INR,Shopify business address in India; prices in INR; .in domain; Indian postal address on site; +91 phone number,Shopify business address,tranco
justintime.in,Just In Time Trading Private Limited,customercare@justintime.in,+919594928302; +918080656656,https://instagram.com/justintime.watches,https://facebook.com/justintime.in,https://twitter.com/justintimewatch,https://linkedin.com/company/just-in-time-tr.-pvt.-ltd.,https://youtube.com/channel/UCbA-2akYcV0FAdsiQ72ZoWA,watches,"Most trusted and authorised retailer for watches with 75+ stores across India. Best fashion & Premium watch brands such as Fossil, Longines, Rado, Tissot & more.",https://justintime.in/cdn/shop/files/JIT_logo-website_1.svg?v=1746179773,Maharashtra,Mumbai,just-in-time-webstore.myshopify.com,INR,Shopify business address in India; prices in INR; .in domain; Indian postal address on site; +91 phone number,Shopify business address,tranco
kaavyam.in,Kaavyam,support@kaavyam.in,+917994441066,https://instagram.com/kaavyam.in,,,,https://youtube.com/@kaavyam_in,ethnic wear,Discover a curated collection of exquisite women's clothing at Kaavyam. Embrace the beauty of Indian textiles and craftsmanship. Shop now for timeless elegance,https://kaavyam.in/cdn/shop/files/kaavyam_TM_logo.svg?v=1767358382,Kerala,Kochi,03375a-2.myshopify.com,INR,Shopify business address in India; prices in INR; .in domain; Indian postal address on site; +91 phone number,Shopify business address,tranco
kalapuri.com,Kalapuri,%20kalapuri.sales@gmail.com; kalapuri.sales@gmail.com,+919066087087,https://instagram.com/kalapuricraft,https://facebook.com/Kalapuricraft,,https://linkedin.com/company/kalapuricraft,https://youtube.com/channel/UCQwvR1QNyHT_jey2ma9gAJw,footwear,"Shop Kalapuri for handcrafted Kolhapuri chappals, jewellery & handwoven baskets. GI-certified, authentic Indian craftsmanship made by skilled artisans.",https://kalapuri.com/cdn/shop/files/Name.png?v=1747230253,Maharashtra,Kolhapur,kalapuricraft.myshopify.com,INR,Shopify business address in India; prices in INR; Indian postal address on site; +91 phone number,Shopify business address,commoncrawl
kalmkari.in,Kalmkari,helpkalmkari@gmail.com,+918849907013,https://instagram.com/Kalmkari_kurti,https://facebook.com/Kalmkarifashion,,,,ethnic wear,"Discover Kalmkari.in – your destination for handcrafted Kalamkari ethnic wear. Explore vibrant kurtas, gowns, and more that blend traditional artistry with modern style. Shop now to experience timeless elegance, intricate designs, and premium quality in every piece.",https://kalmkari.in/cdn/shop/files/kalmkari_logo_a240840e-3518-4dad-8717-0dd14e9e6bbf.png?v=1755073804,Gujarat,surat,4uqkhu-36.myshopify.com,INR,Shopify business address in India; prices in INR; .in domain; Indian postal address on site; +91 phone number,Shopify business address,tranco
karizmajewels.in,Karizma Jewels,support@karizmajewels.in,+917814823244; +919815074837,https://instagram.com/karizma_jewels,https://facebook.com/karizmajewels,https://twitter.com/karizmajewels,,,jewellery,"Karizma Jewels provides jewelry in high quality silver grade. Ethnic traditional collection of Jewelry anklets, chains, bangles and nose rings is available. we provide real gemstones, crystals and red book remedy items online with fast shipping all across India.",https://karizmajewels.in/cdn/shop/files/karizmajewels-logo23.png?v=1701171041,Punjab,Jalandhar,karizmajewelsindia.myshopify.com,INR,Shopify business address in India; prices in INR; .in domain; Indian postal address on site; +91 phone number,Shopify business address,tranco
www.kattam.in,Kattam,support@kattam.in; shopkattam@gmail.com,+917871986807,https://instagram.com/kattam.in,https://facebook.com/shopkattam,,,https://youtube.com/@kattamjewellery,jewellery,"Traditional South Indian Temple Jewellery , American Diamond Jewellery, Kundan Jewellery Online store",https://www.kattam.in/cdn/shop/files/logo_small_d49ccad2-3986-447c-afd4-cef09fa63c34.png?v=1690625704,Tamil Nadu,Karaikudi,rustic-kandangi.myshopify.com,INR,Shopify business address in India; prices in INR; .in domain; +91 phone number,Shopify business address,tranco
kawaiistore.in,Kawaii Store,support@kawaiistore.in,+919694436349; +918875124733,,,,,,"collectibles & hobbies, toys & games","Welcome to kawaiistore.in – your go-to destination for quality products and hassle-free shopping. We keep it simple: great products, fair prices, and a commitment to your satisfaction. Our Mission We're on a mission to make your online shopping experience straightforward and enjoyable. No frills, just the products you love delivered to your doorstep with care.",https://kawaiistore.in/cdn/shop/files/kawaii-02.png?v=1748499300,Rajasthan,Jaipur,zvis0h-1r.myshopify.com,INR,Shopify business address in India; prices in INR; .in domain; +91 phone number,Shopify business address,tranco
kaysonindia.in,KaysonIndia,support@kaysonindia.in,+919815507462,,,,,,toys & games,"Explore Kayson India for a wide range of premium yarns and knitting supplies. Discover top-quality materials, vibrant colors, and exceptional customer service. Shop now to find your perfect yarn!",https://kaysonindia.in/cdn/shop/files/Logo_a8b3404a-23f6-41c8-b69f-d302791c7290.png?v=1738569573,Punjab,Amritsar,c9ebfd.myshopify.com,INR,Shopify business address in India; prices in INR; .in domain; Indian postal address on site; +91 phone number,Shopify business address,tranco
kenstar.in,Kenstar,customercare@kenstar.in,+911725609444; +919667700943; +919958666113,https://instagram.com/kenstarindia,https://facebook.com/kenstarindia,,https://linkedin.com/company/kenstar-india,https://youtube.com/@kenstarindia,home & kitchen,"Shop Kenstar for top-quality home appliances and kitchen essentials. Discover air coolers, mixer grinders, water heaters,and more to meet all your needs",https://kenstar.in/cdn/shop/files/kenstar-logo-min.png?v=1782908786,Haryana,Gurugram,kenstar-store.myshopify.com,INR,Shopify business address in India; prices in INR; .in domain; +91 phone number,Shopify business address,tranco
www.kent.co.in,Kent RO Systems,,,https://instagram.com/kentrosystems,https://facebook.com/KentROSystemsLtd,https://x.com/KENTrosystems,https://linkedin.com/company/kent-ro-systems-ltd-,https://youtube.com/@KentROSystemsLtd,home & kitchen,"Kent RO Systems, a leading water purifier brand in India, offers advanced RO, UV, gravity & hydrogen-rich purifiers. Shop now or Book a Free Demo today.",https://www.kent.co.in/cdn/shop/t/2/assets/logo.png?v=31125,Uttar Pradesh,Noida,zdz20j-pc.myshopify.com,INR,Shopify business address in India; prices in INR; .in domain,Shopify business address,tranco
www.keychron.in,Keychron India,,,https://instagram.com/keychron,https://facebook.com/keychron,https://twitter.com/KeychronMK,,https://youtube.com/@KeychronKeyboard,electronics & gadgets,Looking for a Mechanical Keyboard?,https://www.keychron.in/cdn/shop/files/Launcher_Logo.png?v=1752096169,Delhi,New Delhi,keychron-india.myshopify.com,INR,Shopify business address in India; prices in INR; .in domain,Shopify business address,tranco
www.keyzone.in,Keyzone,care@keyzone.in,+919574377444,https://instagram.com/keyzone.in,https://facebook.com/keyzone.in,,,https://youtube.com/channel/UCZMD2lXtDDXFcDmUdT3al7Q,automotive,"We started this venture with a vision of making people aware about automotive key accessories and aftermarket key replacement products. Our products include innovative car key covers, flip key replacement shells, replacement key shells, smart key cases, replacement keypads and so on.",https://www.keyzone.in/cdn/shop/files/logo.png?v=1668407612,Gujarat,Ahmedabad,newkeyzone.myshopify.com,INR,Shopify business address in India; prices in INR; .in domain; Indian postal address on site; +91 phone number,Shopify business address,tranco
kharrido.in,Kharrido ,kharrido@gmail.com,+919672709111,https://instagram.com/kharridob2bmarketplace,https://facebook.com/people/Kharridocom/61593751374177,,,https://youtube.com/@kharridoB2BMarketplace,electronics & gadgets,B2B marketplace providing mobile accessories at very affordable price.,https://kharrido.in/cdn/shop/files/Kharrido-header-2-web_6070bed0-747e-4653-be20-651ffbeba6fd.png?v=1678394563,Rajasthan,Jaipur,kharrido-2089.myshopify.com,INR,Shopify business address in India; prices in INR; .in domain; +91 phone number,Shopify business address,tranco
kidsinfy.in,Kidsinfy.in,support@kidsinfy.com,+918100640600,https://instagram.com/kidsinfy_fun,https://facebook.com/kidsinfy,https://twitter.com/kidsinfyfun,,https://youtube.com/channel/UCAiIjYXPXX7FHFLBRaDQObA,toys & games,"Discover Kidsinfy: Your one-stop shop for educational toys, creative DIY kits, and premium stationery. Shop online in India for fun and learning!",https://kidsinfy.in/cdn/shop/files/kidsinfy_logo_whatsapp-Small.jpg?v=1711003323,West Bengal,Kolkata,6b074a-2.myshopify.com,INR,Shopify business address in India; prices in INR; .in domain; +91 phone number,Shopify business address,tranco
kimti.in,Kimti,support@kimti.in,+919004057630,https://instagram.com/mykimti,https://facebook.com/profile.php?id=61554938855878,,,,jewellery,Affordable. Unique. Premium Jewellery For Everyday Wear And Occasions.,https://kimti.in/cdn/shop/files/kimti_new_logo_1200_x_628_px.gif?v=1740125592,Maharashtra,Mumbai,aaab62-3.myshopify.com,INR,Shopify business address in India; prices in INR; .in domain; GSTIN on site; Indian postal address on site; +91 phone number,Shopify business address,tranco
kingofcards.in,King of Cards,,+917022198080,https://instagram.com/kingofcards.in,https://facebook.com/kingofcards.in,,https://linkedin.com/company/king-of-cards-india-private-limited,https://youtube.com/channel/UC51GF_m1c6R3QEJSkBLIa7g,"kids & baby, ethnic wear",Check out the latest collection of Wedding Cards. Selling over 4000 designs of invitation and wedding cards. Order Now! ✓ Customer Support ✓ Home Delivery,https://kingofcards.in/cdn/shop/files/king_of_cards_Logo_Large_18a9e1fd-70d9-4dd9-853b-86636437278c.png?v=1747894509,Karnataka,Bengaluru,dxsu5q-8w.myshopify.com,INR,Shopify business address in India; prices in INR; .in domain; Indian postal address on site; +91 phone number,Shopify business address,tranco
kisah.in,Kisah,support@kisah.in; ankita.ghosh@kisah.in,+916289902520,https://instagram.com/kisah_in,https://facebook.com/kisahapparels,,,https://youtube.com/channel/UCt0IIVc8kUoK3nrSkFbgdVw,"ethnic wear, men's apparel",Discover curated ethnic wear at Kisah with premium men's clothing blending traditional craftsmanship and modern aesthetics for your special celebrations.,https://kisah.in/cdn/shop/files/Group_63_1.png?v=1715841265,West Bengal,Kolkata,kisahonline.myshopify.com,INR,Shopify business address in India; prices in INR; .in domain; Indian postal address on site; +91 phone number,Shopify business address,tranco
kitchenmart.co.in,KITCHEN MART,sales@kitchenmart.co.in,+919986937662; +918861929966; +917090050090,https://instagram.com/kitchenmart2,https://facebook.com/kitchenmartBANGALORE,,,https://youtube.com/channel/UC6i9tXFRSZK0IjzEwhXlJFA,home & kitchen,"Buy premium kitchen appliances, cookware, stainless steel utensils & more at unbeatable wholesale prices. Trusted by thousands across India. Shop Kitchen Mart today!",https://kitchenmart.co.in/cdn/shop/files/Kitchen_Mart_b15820aa-7665-49f1-8be9-10450f8bc74f.jpg?v=1613519282,Karnataka,Bangalore,kitchenmart-co-in.myshopify.com,INR,Shopify business address in India; prices in INR; .in domain; Indian postal address on site; +91 phone number,Shopify business address,tranco
kitculture.in,Kit Culture,teamkitculture@gmail.com,+917907740204,,,,,,apparel,For Every 500 Orders 5 Kits Goes to Those who Deserves,https://kitculture.in/cdn/shop/files/kit_culture_logo_without_background.png?v=1774105407,Kerala,Malappuram,hgzbp0-7p.myshopify.com,INR,Shopify business address in India; prices in INR; .in domain; +91 phone number,Shopify business address,tranco
kompanero.in,Kompanero,ecommerce@kompanero.in,+919007173308,https://instagram.com/kompaneroofficial,https://facebook.com/KompaneroOfficial,,,,bags & accessories,"Full-grain, vegetable-tanned leather bags, wallets and travel gear, handcrafted by artisans in India. Built to age beautifully. Your mates for life.",https://kompanero.in/cdn/shop/files/logo-new.png?v=1772880590,West Bengal,Kolkata ,kompanero-6152.myshopify.com,INR,Shopify business address in India; prices in INR; .in domain; Indian postal address on site; +91 phone number,Shopify business address,tranco
koshielectronics.in,Koshi Electronics,store@koshielectronics.in,+917004336791,https://instagram.com/koshielectronics,https://facebook.com/koshielectronic,,,https://youtube.com/channel/UCr11r1TQm9LXUN7XHNNtqWQ,"electronics & gadgets, art & craft supplies","India's #1 Pixel LED brand — controllers, strips, Thoran kits, displays & SMPS, plus free lighting software. Fast shipping across India.",output/logos/koshielectronics.in.svg,Delhi,Delhi,koshi-electronics-store.myshopify.com,INR,Shopify business address in India; prices in INR; .in domain; GSTIN on site; Indian postal address on site; +91 phone number,Shopify business address,tranco
kowf.in,KOWF,support@kowf.in,+919998820653; +917383939010,https://instagram.com/montu_x_kowf,,,,,jewellery,"There’s a certain type of internet moment where one picture can do more marketing than a hundred ad campaigns ever could. This is exactly what happened on February 26, 2026, when Vijay Deverakonda married Rashmika Mandanna in Udaipur.",https://kowf.in/cdn/shop/files/kowf_2_copy.png?v=1764172463,Gujarat,Surat,atpt6g-ds.myshopify.com,INR,Shopify business address in India; prices in INR; .in domain; GSTIN on site; Indian postal address on site; +91 phone number,Shopify business address,tranco
krishnasaree.in,Krishna Saree,info@krishnasaree.in,+919773329111; +919429692574,https://instagram.com/krishnasaree001,https://facebook.com/krishnasaree01,,,https://youtube.com/@krishnasaree,ethnic wear,dealing in rajasthani bandhni and lahriya saree,https://krishnasaree.in/cdn/shop/files/Krishna_Saree-removebg-preview_155x_2x_95a175d2-9e9c-41c4-a89d-e28980232657.webp?v=1775671236,Rajasthan,bikaner,458900-3.myshopify.com,INR,Shopify business address in India; prices in INR; .in domain; +91 phone number,Shopify business address,tranco
kunjuvandi.in,Kunju Vandi,kunjuvandi7@gmail.com,+919497009568,https://instagram.com/kunju_vandi,,,,,collectibles & hobbies,Explore premium diecast cars at KunjuVandi.in Perfect for collectors & enthusiasts. Free shipping across India,https://kunjuvandi.in/cdn/shop/files/Kunju_Vandi_2.png?v=1717510335,Kerala,Thiruvananthapuram,f71a1a-f0.myshopify.com,INR,Shopify business address in India; prices in INR; .in domain; +91 phone number,Shopify business address,tranco
kymee.in,KYMEE,care@kymee.in,+9558608708; +919558608708; +916290660821,https://instagram.com/kymee.in,https://facebook.com/people/Kymee/61555545393437,,https://linkedin.com/company/kymee-jewellery,https://youtube.com/@KymeeJewellery,jewellery,"Shop modern, minimal jewellery for women, from rings to bracelets. Handcrafted with affordable 18K Gold Vermeil (18K Gold on 925 Sterling Silver). Premium designs are unique for any occasion and outfit.",https://cdn.shopify.com/s/files/1/0857/2085/8938/files/Layer_2.png?v=1709701658,Gujarat,Surat,kymee-jewellery.myshopify.com,INR,Shopify business address in India; prices in INR; .in domain; +91 phone number,Shopify business address,tranco
kyzo.in,KYZO,,+918045888809,https://instagram.com/kyzo.in,https://facebook.com/profile.php?id=61571979127579,https://x.com/kyzo__in,,https://youtube.com/@kyzo_in,tools & hardware,"Kyzo is a leading construction procurement platform in India, simplifying building materials sourcing for contractors and businesses. Our contractor procurement app offers quick commerce delivery, trusted brands, bulk pricing, and a seamless procurement experience for plywood, MDF, laminates, hardware, and more.",https://kyzo.in/cdn/shop/files/KYZO_logo_no_whitespace.png?v=1748848343,Karnataka,Bengaluru,awfskf-1h.myshopify.com,INR,Shopify business address in India; prices in INR; .in domain; GSTIN on site; Indian postal address on site; +91 phone number,Shopify business address,tranco
labradanutrition.in,LABRADA INDIA,customercare@labradanutrition.in,+919152646440; +919152015000,https://instagram.com/labradanutrition_in,https://facebook.com/people/Labrada-Nutrition-India/100083541603965,,,https://youtube.com/@LabradaIndia,"health & nutrition, sports & fitness","Shop Labrada Nutrition for premium protein, Muscle Mass Gainers, L-Carnitine, and top-quality supplements. Boost muscle growth, burn fat, and enhance performance with science-backed formulas. Trusted by athletes & fitness enthusiasts. Fast shipping & great deals. Fuel your fitness journey with Labrada.",https://labradanutrition.in/cdn/shop/files/Labrada-logo.png,Maharashtra," Mumbai, ",labrada-india.myshopify.com,INR,Shopify business address in India; prices in INR; .in domain; Indian postal address on site; +91 phone number,Shopify business address,tranco
www.lacesandfrills.in,Laces and Frills,admin@lacesandfrills.in,+918072093020,https://instagram.com/lacesfrills,https://facebook.com/lacesandfrills,,,https://youtube.com/channel/UCDsQbaK4bEQLaS6vl0_BdMg,ethnic wear,"Sleep in Style! Explore comfy cotton nighty,nighties,night gown & night dresses. Shop elegant women's kurti and kurti sets sets with pants & salwar bottoms. Find your perfect fit with a wide range of normal and plus sizes for day & night!",https://www.lacesandfrills.in/cdn/shop/files/PNG_2a4116a6-705b-4b5d-a33a-c70fd583db69.png?v=1744179555,Tamil Nadu,Chennai,lacesfrills.myshopify.com,INR,Shopify business address in India; prices in INR; .in domain; Indian postal address on site; +91 phone number,Shopify business address,tranco
www.lakmesalon.in,Lakme Salon,care.llpl@unilever.com; lakmesalon.queries@unilever.com,+919987472865; 1800-123-1952,https://instagram.com/lakmesalon,https://facebook.com/LakmeSalon,https://x.com/LakmeSalon,,https://youtube.com/user/LakmeSalonIndia,skincare,Get pampered with Lakmé Salon’s professional services and enhance your routine with our curated beauty products. Visit your nearest salon or explore our collection online.,https://www.lakmesalon.in/cdn/shop/files/logo.avif,Maharashtra,Mumbai,lakme-salon.myshopify.com,INR,Shopify business address in India; prices in INR; .in domain; +91 phone number,Shopify business address,tranco
lakshmiboutique.co.in,Lakshmi Boutique,admin@lakshmiboutique.co.in; lakshmiboutique2021@gmail.com,+918807616353; +917806844316; +8807616353,https://instagram.com/lakshmiboutique_official,https://facebook.com/people/Lakshmi-Boutique/61558935070116,,,https://youtube.com/@LakshmiBoutique,"ethnic wear, jewellery",,https://lakshmiboutique.co.in/cdn/shop/files/LB-LOGO-v1_1.png?v=1704197955,Tamil Nadu,Chennai,lakshmiboutiques.myshopify.com,INR,Shopify business address in India; prices in INR; .in domain; Indian postal address on site; +91 phone number,Shopify business address,tranco
www.lashkaraa.in,Lashkaraa India,info@lashkaraa.com,+919328797259; +18883792166,https://instagram.com/lashkaraa,https://facebook.com/LASHKARAA,,,https://youtube.com/lashkaraa,ethnic wear,,https://www.lashkaraa.in/cdn/shop/files/theme-logo_394ec35d-d39d-40f8-b4fd-fd4b558d9262.webp?v=1757530126,Gujarat,Surat,lashkaraa-india.myshopify.com,INR,Shopify business address in India; prices in INR; .in domain; +91 phone number,Shopify business address,tranco
lazostore.in,Lazo Store,connect@lazostore.in,+918448489669,https://instagram.com/lazostore.in,,,,,women's apparel,"We are a classic fashion brand for women selling tops, dresses and bottoms that are trendy and affordable",https://lazostore.in/cdn/shop/files/red_word.png?v=1768539331,Delhi,NEW DELHI,lazo-india-store.myshopify.com,INR,Shopify business address in India; prices in INR; .in domain; +91 phone number,Shopify business address,tranco
www.leafstudios.in,Leaf Studios,support@leafstudios.in,+917303657827,https://instagram.com/leaf.studios,https://facebook.com/leafstudiosofficial,https://twitter.com/leafstudiosin,,https://youtube.com/channel/UCXGy4Q7GAYTXmVUWtIrHP6g,electronics & gadgets,"Leaf Headphones, Earbuds, IEM, Speakers, Magsafe Powerbanks- We make tech products that help you go DND. Free shipping, 1 year warranty, 10 day easy returns. Cash on Delivery available",https://www.leafstudios.in/cdn/shop/t/75/assets/logo.png?v=20290,Delhi,Delhi,wireless-earphones.myshopify.com,INR,Shopify business address in India; prices in INR; .in domain; Indian postal address on site; +91 phone number,Shopify business address,tranco
www.leefordortho.in,Leeford,care@leefordortho.in,+919875931591,https://instagram.com/leefordortho,https://facebook.com/leefordhealthcareofficial,https://x.com/leefordofficial,https://linkedin.com/company/leeford-healthcare-limited,https://youtube.com/@LeefordOrtho,sports & fitness,"Discover Leeford Ortho’s orthopedic products for pain relief, joint support, and mobility. Trusted by healthcare experts for comfort and quality.",https://www.leefordortho.in/cdn/shop/files/leeford_logo_new_1_-01.svg?v=1743513171,Punjab,Ludhiana,hjyp94-yk.myshopify.com,INR,Shopify business address in India; prices in INR; .in domain; Indian postal address on site; +91 phone number,Shopify business address,tranco
lehengabazaar.co.in,Lehenga Bazaar,support@lehengabazaar.co.in,+919653631886; +919136054061,https://instagram.com/lehengabazaar.co.inn,,,,,ethnic wear,"Lehenga_Bazaar Is A Legacy Design House, Founded By Jinagna Doshi That's Been Creating Beautiful Garments At Affordable Prices Since 2018",https://cdn.shopify.com/s/files/1/0757/9595/5949/files/logo-lehenga.png?v=1751994923,Maharashtra,Mumbai,3wfuqc-b1.myshopify.com,INR,Shopify business address in India; prices in INR; .in domain; +91 phone number,Shopify business address,tranco
letrendz.in,leTrendz,helpstoreletrendz@gmail.com,+919213544697,,https://facebook.com/people/LeTrendz/61560020862455,,,https://youtube.com/channel/UCrXBST4bwQjHQr1EPfFq3Kw,apparel,"Discover LeTrendz – your ultimate destination for trendy fashion, stylish accessories, and must-have lifestyle products. Stay ahead of the trends and shop the latest collections today!",https://letrendz.in/cdn/shop/files/letrendz_brand_logo.png?v=1737537541,Gujarat,Surat,1cauya-aa.myshopify.com,INR,Shopify business address in India; prices in INR; .in domain; Indian postal address on site; +91 phone number,Shopify business address,tranco
letsgearup.in,Lets Gear Up,,,https://instagram.com/letsgearup.in,https://facebook.com/letsgearup.in,https://x.com/LetsGearUpBlr,,https://youtube.com/@letsgearup6675,"automotive, bags & accessories","Shop Riding Gear & bike accessories online in India at best prices on Letsgearup. Explore helmets, riding gear, bike parts and add-ons with fast delivery.",https://letsgearup.in/cdn/shop/files/lets-gear-up-logo-new.png?v=1765454739,Karnataka,Bengaluru,letsgearup1.myshopify.com,INR,Shopify business address in India; prices in INR; .in domain,Shopify business address,tranco
levi.in,Levis India Store,customercare@levi.in; feedbacklevi@levi.in,1800-123-5384; 1800-102-0501,https://instagram.com/levis_in,,https://twitter.com/LEVIS,,https://youtube.com/@LEVIS,apparel,"Shop the latest collection of men's and women's clothing online at Levi's India. Explore the trendy jeans, jackets, t-shirts, and more for both men and women.",https://levi.in/cdn/shop/files/logo_his_res.png?v=1697785388,Karnataka,Bengaluru,levis-india-store.myshopify.com,INR,Shopify business address in India; prices in INR; .in domain,Shopify business address,tranco
liandli.in,www.liandli.in,support@liandli.in; upport@liandli.in,+919940123021; +919500807667,https://instagram.com/liandli_couture,https://facebook.com/liandlicouture,,,https://youtube.com/@liandlicouture,"kids & baby, ethnic wear","Buy Kids Party Wear, Birthday Frocks, Designer Gowns Online in Tamil Nadu, Bangalore, Telangana, Hyderabad, India from LiandLi at the best prices. Shop from our unique and wide range of collection.",https://liandli.in/cdn/shop/files/999.jpg?v=1667386398,Kerala,Chitilappilly,www-liandli-in.myshopify.com,INR,Shopify business address in India; prices in INR; .in domain; Indian postal address on site; +91 phone number,Shopify business address,tranco
www.libas.in,Libas,care@libas.in,+919205222171; +919899990772,https://instagram.com/libasindia,https://facebook.com/libasindia,https://twitter.com/LibasIndia,,https://youtube.com/channel/UCD78_clPwFhkWTUv-R_yl8g,ethnic wear,"Browse from a wide range of Women's Clothing Online on Libas. Buy Indian Wear for Women like Kurtas, Dresses, Suits and more in best price ✯ COD ✯ Easy Returns",https://www.libas.in/cdn/shop/files/purple_Libas-Logo_1_1.png?v=1716187208,Uttar Pradesh,Noida,libasdelhi.myshopify.com,INR,Shopify business address in India; prices in INR; .in domain; Indian postal address on site; +91 phone number,Shopify business address,tranco
lifencolors.in,Life n Colors,contact@lifencolors.in; jobs@lifencolors.in,+918700986208; +919310845706,https://instagram.com/lifencolorsdesigns,https://facebook.com/LifencolorsDesigns,,https://linkedin.com/company/lifencolors,https://youtube.com/@LifencolorsDesigns,home decor,"Design your home with Life n Colors' luxury wall wallpapers and fabrics. Discover exclusive, sustainable luxury in wallpapers and fabrics. Shipped worldwide.",https://lifencolors.in/cdn/shop/files/lifencolors-New-logo-jpeg-small.webp,Haryana,Gurugram,lifeandcolors.myshopify.com,INR,Shopify business address in India; prices in INR; .in domain; +91 phone number,Shopify business address,tranco
www.likenlike.in,LIKE N LIKE ,showroomlikenlike@gmail.com,+918184986599; +918019148731; +918184986339; +919848248731,https://instagram.com/like_n_like_showroom_vij,,,,https://youtube.com/@likenlikeshowroom,ethnic wear,"Official online store of LIKE N LIKE Showroom Vijayawada. Shop trending Women Ethnic Wear, Kurtis, Anarkali Suits, Menswear & Kids Wear at best prices with Free Shipping.",https://www.likenlike.in/cdn/shop/files/like_n_like.png?v=1780400254,Andhra Pradesh,Vijayawada,iuxt4r-mh.myshopify.com,INR,Shopify business address in India; prices in INR; .in domain; Indian postal address on site; +91 phone number,Shopify business address,tranco
limitededt.in,Limitededt India,support@limitededt.in,+919990115199,https://instagram.com/limitededt_in,,,,,"apparel, footwear","Shop the latest exclusive sneakers, streetwear, and limited edition drops at Limited Edt India. Elevate your style with premium collections online.",https://limitededt.in/cdn/shop/files/Limited_Edi_logo.webp?v=1691643902,Haryana,Gurugram,limitededt-india.myshopify.com,INR,Shopify business address in India; prices in INR; .in domain; Indian postal address on site; +91 phone number,Shopify business address,tranco
www.linenstudio.in,Linen Studio,linenstudio.in@gmail.com,+916381123338; +916379589099,https://instagram.com/linenstudio.in,https://facebook.com/linenstudio.in,,,https://youtube.com/channel/UC6GW2-5qgbfAmMx6767Is2w,apparel,The House Of The Finest Linen Fabrics. Find Premium Fabrics For All Occasions Here At Linen Studio. Get Yourself A Shirt From Linen Studio For Your Next Big Occasion. Exclusive range in Pure Linen fabrics for men and women. We deal B2C and B2B both. Wholesalers of Linen fabrics since 2001.,https://www.linenstudio.in/cdn/shop/files/Linen_Studio_Final_Logo-0211_aed1f85a-97d3-4252-84be-025cdb499ad8.png?v=1737913422,Tamil Nadu,Chennai,linen-studio-online.myshopify.com,INR,Shopify business address in India; prices in INR; .in domain; +91 phone number,Shopify business address,tranco
www.linkcart.in,Link Locks Pvt. Ltd.,support@linklocks.com; support@link-bharat.com,1800-547-4559,https://instagram.com/linklocksindia,https://facebook.com/linklocksindia,https://x.com/linklocksindia,https://linkedin.com/company/link-locks,https://youtube.com/@LinkLocksIndiaa,"furniture, apparel","Shop for durable Digital locks, bedroom door locks, and padlocks online. Find the perfect security solution for your home and bike at our online lock shop.",https://www.linkcart.in/cdn/shop/files/link_logo_1.png,Uttar Pradesh,Aligarh,usadxh-ua.myshopify.com,INR,Shopify business address in India; prices in INR; .in domain; Indian postal address on site,Shopify business address,tranco
www.linoperros.com,Lino Perros,customercare@linoperros.com,+919599334264,https://instagram.com/linoperros,https://facebook.com/linoperros,,https://linkedin.com/company/lino-perros,https://youtube.com/@Linoperrosofficial,"bags & accessories, footwear","Discover a premium collection of stylish handbags for women and fashionable footwear for women at Lino Perros. Elevate your wardrobe with elegant designs, high-quality materials, and trendsetting styles. Shop now for exclusive deals!",https://www.linoperros.com/cdn/shop/files/Lp_logo_svg_1.svg,Haryana,Gurugram,1d0e18.myshopify.com,INR,Shopify business address in India; prices in INR; Indian postal address on site; +91 phone number,Shopify business address,commoncrawl
litemed.co.in,litemed,support@litemed.co.in,+919240031070; +919606942977,https://instagram.com/curapod,https://facebook.com/litemedindia,,,https://youtube.com/@Curapod_by_Litemed,,"Curapod offers wireless photobiomodulation devices to treat a wide range of persistent, chronic pain conditions. Shop Now!",https://litemed.co.in/files/curapod_black_new_logo-1-removebg-preview.png,Telangana,Hyderabad ,litemed.myshopify.com,INR,Shopify business address in India; prices in INR; .in domain; Indian postal address on site; +91 phone number,Shopify business address,tranco
littlemindsatwork.in,Little Minds At Work,orders@littlemindsatwork.in; info@littlemindsatwork.in; giftings@littlemindsatwork.in,+918269653011; +919685603011,https://instagram.com/littlemindsat_work,,,,,kids & baby,Little Minds at Work is driven by a mission to spark curiosity and ignite a passion for learning in young minds.,https://littlemindsatwork.in/cdn/shop/files/Screenshot_2024-05-09_083846.png?v=1715224181,Madhya Pradesh,Indore,little-minds-at-work.myshopify.com,INR,Shopify business address in India; prices in INR; .in domain; +91 phone number,Shopify business address,tranco
littlemuffet.in,Little Muffet,support@littlemuffet.com,+919819405205,https://instagram.com/little_muffet,https://facebook.com/littlemuffet.india,,,https://youtube.com/@little_muffet,ethnic wear,"Embrace the joy of growing up in our curated collection of enchanting Indian ethnic and party wear for kids aged 0-15. Crafted with care in India, loved by families worldwide.",https://littlemuffet.in/cdn/shop/files/LittleMuffet_logo_horizontal_RGB.png?v=1644404138,Maharashtra,Mumbai,little-muffet.myshopify.com,INR,Shopify business address in India; prices in INR; .in domain; +91 phone number,Shopify business address,tranco
livezykart.in,Livezykart,livezykart@gmail.com,,,,,,,"home & kitchen, kids & baby",,https://livezykart.in/cdn/shop/files/Livezykart.in.png?v=1768180722,Madhya Pradesh,Indore,c6egh4-mb.myshopify.com,INR,Shopify business address in India; prices in INR; .in domain,Shopify business address,tranco
livingshapes.in,Living Shapes,store@livingshapes.com; info@livingshapes.com; buying@livingshapes.com; cs@livingshapes.com,+919664312845; +918233587524; +917340345377; +919928300706,https://instagram.com/thelivingshapes,https://facebook.com/people/The-Living-Shapes/61557369350300,,,https://youtube.com/@theLivingshapes,"furniture, home decor","Shop ready-to-ship modern furniture, premium lighting, and home decor accents online. ✓ 40+ years craftsmanship ✓ COD ✓ Fast & Free Delivery",https://livingshapes.in/cdn/shop/files/LS-Logo-Festive_4.png?v=1761807306,Rajasthan,Jodhpur,livingshapes-store.myshopify.com,INR,Shopify business address in India; prices in INR; .in domain; Indian postal address on site; +91 phone number,Shopify business address,tranco
www.londoncotton.in,London Cotton,hello@londoncotton.in,+919315501574,https://instagram.com/lc_londoncotton,https://facebook.com/londoncottonofficial,https://x.com/LC_londoncotton,,https://youtube.com/@LondonCottonStore,men's apparel,"London Cotton is a premium shirt brand dedicated to combining style, comfort, and quality. Our shirts are crafted from the finest materials, ensuring a perfect fit for every occasion—from casual outings to formal events",https://www.londoncotton.in/cdn/shop/files/LONDON_COTTTON_Logo_p.png?v=1786171941,Delhi,Delhi,keuvzb-pi.myshopify.com,INR,Shopify business address in India; prices in INR; .in domain; Indian postal address on site; +91 phone number,Shopify business address,tranco
lottosport.in,Lotto Sports India,care@lottosport.in,+918150863126; +918150863127; +919686579856,https://instagram.com/lottosportindia,https://facebook.com/profile.php?id=61568907497363,https://x.com/lottosportin,,https://youtube.com/@LottoSportInd,"footwear, apparel","Shop Italian-designed Lotto sneakers, apparel & slides. Brasil Select OG, Hoop Star OG, Autograph OG — made for Indian feet. Free shipping.",https://lottosport.in/cdn/shop/files/logo.svg?v=1742905730,Karnataka,Bengaluru,lottosport-store.myshopify.com,INR,Shopify business address in India; prices in INR; .in domain; +91 phone number,Shopify business address,tranco
www.lotus.in,Lotus,care@lotusherbals.com,+917908198118,https://instagram.com/lotus_herbals,https://facebook.com/LotusHerbals,https://twitter.com/LotusHerbals,https://linkedin.com/company/lotus-herbals,https://youtube.com/channel/UCe577deySlH91qeE6nJAYUg,"skincare, makeup","Shop Lotus Herbals, Organics, Dermat Tested Skincare & Makeup beauty essentials online. Glow naturally with Lotus!",https://cdn.shopify.com/s/files/1/0428/8063/0937/files/lotus_logo_a23a681d-2303-497c-aa08-f08ef9de97a4.png?v=1703573247,Uttar Pradesh,NOIDA,lotusherbals.myshopify.com,INR,Shopify business address in India; prices in INR; .in domain; Indian postal address on site; +91 phone number,Shopify business address,tranco
lovebeautyandplanet.in,Love Beauty & Planet,support@lovebeautyandplanet.in,1800-203-5544,https://instagram.com/lovebeautyandplanet_in,https://facebook.com/lovebeautyandplanetin,,,https://youtube.com/channel/UCUFcrEf1Wb1164G6O2_LoyA,haircare,"Love Beauty and Planet crafts high-performing hair and body care products that are as kind to the planet as they are to your hair and skin. Vegan, cruelty-free, and sulfate-free formulas made with potent natural ingredients, bottled in 100% recycled plastic.",https://lovebeautyandplanet.in/cdn/shop/files/logo-2x_41330a15-7937-4927-ab7d-ce7e1e53e657.png?v=1714995863,Maharashtra,Mumbai,lovebeautyandplanetindia.myshopify.com,INR,Shopify business address in India; prices in INR; .in domain; Indian postal address on site,Shopify business address,tranco
lovechange.in,Love Change ,customercare@lovechange.in; sales@lovechange.in; hello@lovechange.in,+919999170503,https://instagram.com/lovechange.co,https://facebook.com/lovechange.in,,,,"women's apparel, jewellery",Love Change ® Sustainable Luxury,https://lovechange.in/cdn/shop/files/6_logos-03.png?v=1785846205,Delhi,NEW DELHI ,hello-5a87.myshopify.com,INR,Shopify business address in India; prices in INR; .in domain; +91 phone number,Shopify business address,commoncrawl
lovechild.in,LoveChild,care@lovechild.in; arbaaz.khan@houseofmasaba.com,1800-220-020; 1800-200-202,https://instagram.com/lovechildbymasaba,https://facebook.com/lovechildbymasaba,https://x.com/LoveChild_in,,https://youtube.com/@lovechildbymasaba,makeup,Transform your look and express your unique style with Lovechild Masaba. Discover a wide range of cosmetics and beauty products online at Lovechild.,https://lovechild.in/cdn/shop/files/LC_final_logo_-_2_email.png?v=1709189245,Maharashtra,Mumbai,love-child-official.myshopify.com,INR,Shopify business address in India; prices in INR; .in domain; Indian postal address on site,Shopify business address,tranco
lovingcrafts.in,Loving Crafts,support@lovingcrafts.in,+918069702332; +917880101037,https://instagram.com/lovingcrafts.official,https://facebook.com/lovingcrafts9697,,,,jewellery,Your one-stop destination for personalized gifts! We are passionate about creating memorable and unique gifts that celebrate some special moments and relationships in your life.,https://lovingcrafts.in/cdn/shop/files/Group_8.png?v=1760670383,Madhya Pradesh,Bhopal,lovingcrafts-in.myshopify.com,INR,Shopify business address in India; prices in INR; .in domain; Indian postal address on site; +91 phone number,Shopify business address,tranco
luckyharveywatch.in,Lucky Harvey,support@luckyharveywatch.in; contact@luckyharvey.fr,+919599119121; +919156333121,https://instagram.com/luckyharvey.official,,,,https://youtube.com/@luckyharveyofficial,watches,"The official Lucky Harvey store for India. Automaton, chiming, roulette, poker & skull watches with free shipping across India.",https://luckyharveywatch.in/cdn/shop/files/Logo.png?v=1728553883,Delhi,Delhi,lucky-harvey.myshopify.com,INR,Shopify business address in India; prices in INR; .in domain; +91 phone number,Shopify business address,tranco
lvl99.in,LVL 99,,+918826632800,https://instagram.com/lvl99.in,https://facebook.com/shoplvl99,,,,"jewellery, bags & accessories","Your one-stop for trendy bags and accessories. To keep you up to style, we launch new collections every week. From crossbody to pouch bags, we've got it all for you. We also deal in gold and silver necklaces, earrings and all kinds of accessories.",https://lvl99.in/cdn/shop/files/LVL99.png?v=1652264173,Delhi,New Delhi,lvl99p.myshopify.com,INR,Shopify business address in India; prices in INR; .in domain; Indian postal address on site; +91 phone number,Shopify business address,tranco
lzrus.in,LZRUS,lzrusofficial@gmail.com,+919594498505,https://instagram.com/lzrus.official,,,,,apparel,"Shop bold Indian streetwear at LZRUS – oversized hoodies, motorsport jackets & more. PAN-India delivery. COD available. New drops every week.",https://lzrus.in/cdn/shop/files/LZRUS_header_logo.png?v=1752566774,Maharashtra,Mumbai,rhtu91-0n.myshopify.com,INR,Shopify business address in India; prices in INR; .in domain; Indian postal address on site; +91 phone number,Shopify business address,tranco
madeforhers.in,Made For Hers,,+919677026020,https://instagram.com/made_for_hers,https://facebook.com/madeforhers,,,https://youtube.com/@madeforhers,jewellery,"Made for Hers was founded in 2014 by Mrs. Divya Dharshini Dinesh Kumar as a sole proprietorship, born purely out of passion and purpose.",https://madeforhers.in/cdn/shop/files/20210321_195847-1-1024x438.webp?v=1749283934,Tamil Nadu,Chennai,made-for-hers-dd.myshopify.com,INR,Shopify business address in India; prices in INR; .in domain; +91 phone number,Shopify business address,tranco
magicneedles.in,Magic Needles,care@magicneedles.in,+919820293979,https://instagram.com/magicneedlesindia,https://facebook.com/magicneedlesindia,,,https://youtube.com/@magicneedles,collectibles & hobbies,"Shop crochet and knitting yarn online in India. Buy cotton, wool, chenille & acrylic yarn for amigurumi, garments & more. Explore handmade apparel, décor & gifts. Fast shipping across India.",https://cdn.shopify.com/s/files/1/0618/4642/1754/files/Magic_Needles_Logo_-_Blue.svg,Maharashtra,Mumbai,magic-needles-in.myshopify.com,INR,Shopify business address in India; prices in INR; .in domain; Indian postal address on site; +91 phone number,Shopify business address,tranco
magnetclub.in,Magnet Club,support@magnetclub.in,,https://instagram.com/magnetclub.in,,,,,apparel,"Discover Magnet Club for premium bottom wear. Browse our collection of jeans, trousers, and skirts crafted for style and comfort. Enjoy hassle-free shopping and free shipping on orders over ₹999. Shop now!",https://magnetclub.in/cdn/shop/files/Magnetclub-logo.png?v=1739535437,Rajasthan,Udaipur,8ac6eb-0b.myshopify.com,INR,Shopify business address in India; prices in INR; .in domain; Indian postal address on site,Shopify business address,tranco
mahetri.in,MaheTri,support@mahetri.com; msingh@mahetri.com,+916377051415,https://instagram.com/mahetristudio,https://facebook.com/MaheTriStudio,,,,bags & accessories,"Shop Leather Bags Online at the Best Price. Latest Handcrafted Collection of Women's & Men's Leather Bags, Jackets, Laptop Bags, Belts and Wallets in India. Free Shipping & COD.",https://mahetri.in/cdn/shop/files/mahetri_logg_200x80_black.png?v=1763810713,Rajasthan,Udaipur,mahetriin.myshopify.com,INR,Shopify business address in India; prices in INR; .in domain; Indian postal address on site; +91 phone number,Shopify business address,tranco
www.mahimamahajan.in,Mahima Mahajan,orders@mahimamahajan.in,+919999788855; +919266774485,https://instagram.com/mahimamahajanofficial,https://facebook.com/mahimamahajanofficial,,,https://youtube.com/@mahimamahajan7097,ethnic wear,"Discover Mahima Mahajan's designer ethnic wear for women & men. Explore stunning lehengas, sarees, kurta sets & more. Shop the latest collections online now.",https://www.mahimamahajan.in/cdn/shop/files/LOGO-WHITE.jpg,Uttar Pradesh,Noida,mahimamahajan.myshopify.com,INR,Shopify business address in India; prices in INR; .in domain; Indian postal address on site; +91 phone number,Shopify business address,tranco
maisonx.in,Maison X,maisonx.shop@gmail.com,+917406172020; +918800692681,https://instagram.com/maisonx.shop,,https://x.com/getmaisonx,,,apparel,"Maison X offers high-quality, zero-polyester everday essentials crafted from luxury mills. Timeless fits, premium fabric, and effortless style for every season.",https://maisonx.in/cdn/shop/files/MaisonX_FinalLogo-01.png?v=1759834958,Haryana,Gurugram,uwkige-v0.myshopify.com,INR,Shopify business address in India; prices in INR; .in domain; +91 phone number,Shopify business address,tranco
maitridesigns.in,Maitri designs,hello.maitridesigns@gmail.com,+919898906065,,,,,,ethnic wear,"At Maitri Designs, we believe that fashion is more than just clothing—it's a celebration of individuality, grace, and empowerment. Rooted in the timeless beauty of tradition and blended with modern elegance, our collections are thoughtfully designed to reflect the strength and uniqueness of every woman.",,Gujarat,Surat,fd7431-69.myshopify.com,INR,Shopify business address in India; prices in INR; .in domain; Indian postal address on site; +91 phone number,Shopify business address,tranco
majestronicz.in,MAJESTRONICZ,majestroniczonline@gmail.com,+916379560289; +916374555100,,,,,,"electronics & gadgets, art & craft supplies","Shop Majestronicz for premium electronics components, sensors, modules, and DIY kits. Perfect for Arduino, IoT, robotics, and embedded projects. Fast delivery across India.",https://majestronicz.in/cdn/shop/files/MAJ-LOGO_f1acdc5b-f5fc-4241-941d-168a08a77fa2.png?v=1773468337,Tamil Nadu,Erode,e2e087-09.myshopify.com,INR,Shopify business address in India; prices in INR; .in domain; Indian postal address on site; +91 phone number,Shopify business address,tranco
makerbazar.in,MakerBazar.in,support@makerbazar.in,+919560901125,https://instagram.com/makerbazar,https://facebook.com/makerbazar.in,,https://linkedin.com/company/makerbazar,https://youtube.com/@Makerbazar,"electronics & gadgets, tools & hardware","MakerBazar.in, Online Stores for DIY in India. Buy STEM Kits, Electronics, Robotics, Aeromodelling Drone Parts, IoT, Prototyping, Arts & Crafts at best price.",https://makerbazar.in/cdn/shop/files/makerbazar_dark_logo_updated_5242a7e4-b996-4a1d-831c-9543c3dd3f31.png?v=1635332469,Haryana,Faridabad,makershala.myshopify.com,INR,Shopify business address in India; prices in INR; .in domain; +91 phone number,Shopify business address,tranco
mamaearth.in,Mamaearth,care@mamaearth.in; support@mamaearth.in,,https://instagram.com/mamaearth.in,https://facebook.com/Mamaearthindia,https://twitter.com/mamaearthindia,https://linkedin.com/company/mama-earth-in,https://youtube.com/channel/UC5qhqSIcahBKKMEdLPFqeVA,"skincare, kids & baby","Mamaearth natural Skin, Hair, Body, Baby and Makeup products in India. Shop for 599 or more and Get Flat 20% Off +5% Prepaid Off with Code: SAVE25",https://mamaearth.in/cdn/shop/files/Mamaearth_Goodness_Inside.png,Haryana,Gurugram,mamaearthprod.myshopify.com,INR,Shopify business address in India; prices in INR; .in domain; Indian postal address on site,Shopify business address,tranco
managramasethu.in,Mana Gramasethu,info@managramasethu.in,+919391689950,https://instagram.com/managramasethu,https://facebook.com/profile.php?id=61583867476232,,https://linkedin.com/company/managramasethu,https://youtube.com/channel/UCQAsloycX7B2_rPd3SeCYgQ,plants & gardening,"Mana GramaSethu is India’s trusted online agriculture store offering quality seeds, fertilizers, pesticides, crop nutrition, and farm tools with fast delivery.",https://managramasethu.in/cdn/shop/files/Mana_Grama_Sethu_ee89b980-bd73-4704-9e1b-e0eb575e48f3.png?v=1770892688,Andhra Pradesh,Prakasam District,mana-grama-sethu.myshopify.com,INR,Shopify business address in India; prices in INR; .in domain; Indian postal address on site; +91 phone number,Shopify business address,tranco
manetain.in,Manetain Store,support@manetain.in,+918971690503,https://instagram.com/manetainofficial,https://facebook.com/themanetainstore,,,,haircare,"Shop the best curly hair products in India at Manetain. From sulphate-free shampoos to curl creams and styling gels, your complete wavy & curly hair care routine starts here. Explore nourishing hair care products that moisturise, define curls, and control frizz for all hair types.",https://manetain.in/cdn/shop/files/mt-logo-cropped.png?v=1719850883,Maharashtra,Mumbai,manetain-store.myshopify.com,INR,Shopify business address in India; prices in INR; .in domain; +91 phone number,Shopify business address,tranco
manishmalhotra.in,Manish Malhotra,info@manishmalhotra.in; careers@manishmalhotra.in; store@manishmalhotra.in; delhistore@manishmalhotra.in; hyderabadstore@manishmalhotra.in; orders@manishmalhotra.in,,https://instagram.com/manishmalhotraworld,https://facebook.com/mmalhotraworld,,,https://youtube.com/channel/UCiisF6eyXRtf6cmENCokijQ,"ethnic wear, jewellery",,https://manishmalhotra.in/cdn/shop/files/New-MM-White-Logo.png?v=1765441576,Maharashtra,Mumbai,wc6fu4-vc.myshopify.com,INR,Shopify business address in India; prices in INR; .in domain,Shopify business address,tranco
mannatjewelz.in,Mannat Jewelz,info@mannatjewelz.in,+917306362600,https://instagram.com/mannat.jewelz,https://facebook.com/people/Mannat-Jewelz-India/61567654591770,,,https://youtube.com/@MannatJewelz-q9u,jewellery,"Discover affordable, premium-quality imitation jewellery at Mannat Jewelz. Shop trending traditional, western, statement, bridal jewellery, haarams, chokers & more online. Based in Near Sainik School, Kazhakuttam, Thiruvananthapuram, Kerala.",https://mannatjewelz.in/cdn/shop/files/Website_Logo_Mannat_Jewelz_ec75384f-2640-4769-873b-f45c9cf6ad8e.svg?v=1729103291,Kerala,Thiruvananthapuram,42bf76-4e.myshopify.com,INR,Shopify business address in India; prices in INR; .in domain; GSTIN on site; Indian postal address on site; +91 phone number,Shopify business address,tranco
www.mantara.in,M A N T A R A,support@mantara.in,+917411793339; +916362374184,https://instagram.com/mantaraindia,,,https://linkedin.com/company/mantara-in,,"tools & hardware, apparel","Enhance your home with MANTARA's exclusive hardware, blending brass, marble, crystals, leather, and wood to elevate doors, wardrobes, drawers, and kitchens.",https://www.mantara.in/cdn/shop/files/Main_Logo_White_HQ-09_0b2106d6-e6ad-416d-8960-1899c0b1225d.png?v=1706513578,Karnataka,Bangalore,mantara-hardware.myshopify.com,INR,Shopify business address in India; prices in INR; .in domain; Indian postal address on site; +91 phone number,Shopify business address,tranco
mantavya.co.in,Mantavya,mantavyabanaras@gmail.com,+916387817626; +916307779366; +917307206142,https://instagram.com/mantavyabanaras,https://facebook.com/mantavyabanaras,,https://linkedin.com/company/mantavya-banaras,https://youtube.com/@MantavyaBanarass,ethnic wear,"Discover the timeless beauty of pure Banarasi tissue silk saree, crafted with precision and tradition. At Mantavya, we bring you an exclusive collection of Banarasi saree designs made from pure Banarasi silk, woven by skilled artisans of Varanasi.",https://mantavya.co.in/cdn/shop/files/IMG_1957_1.png?v=1752741362,Uttar Pradesh,Varanasi,mantavyabanaras.myshopify.com,INR,Shopify business address in India; prices in INR; .in domain; Indian postal address on site; +91 phone number,Shopify business address,tranco
mantire.in,ManTire,teammantire@gmail.com,+919785145215,https://instagram.com/mantirefabric,https://facebook.com/mantirefabric,,,,men's apparel,"Explore ManTire.in – your premium online fabric store offering a curated selection of high-quality shirt, trouser, kurta, blazer, and dhoti fabrics from top brands like Raymond, Birla Century, and Soktas. Enjoy exclusive deals, free shipping on orders over ₹1000, and a seamless shopping experience tailored for fashion enthusiasts and professionals alike.",https://mantire.in/cdn/shop/files/mantire_logo_black.png?v=1731948788,Rajasthan,Kishangarh,d6dcc0-4e.myshopify.com,INR,Shopify business address in India; prices in INR; .in domain; GSTIN on site; Indian postal address on site; +91 phone number,Shopify business address,tranco
maplestore.in,Maple Store,care@mapledti.com,,https://instagram.com/mapleindia,https://facebook.com/MapleIndia,https://x.com/Maplepreowned,https://linkedin.com/company/mapleindia,,electronics & gadgets,"Looking for a second hand iPhone? Maple Store offers Certified pre-owned iPhone, iPad and MacBooks with warranty, quality checks and support across India.",https://maplestore.in/cdn/shop/files/Maple_logo_286X123_5faa72df-e223-4470-b20f-8134a5d9a533.png,Maharashtra,Mumbai,maplestore-in.myshopify.com,INR,Shopify business address in India; prices in INR; .in domain; Indian postal address on site,Shopify business address,tranco
marscosmetics.in,MARS Cosmetics ,support@marscosmetics.in; collaborations@marscosmetics.in,+919289507849,https://instagram.com/reachedmars,https://facebook.com/reachedmars,https://twitter.com/reachedmars,https://linkedin.com/company/mars-cosmetics,https://youtube.com/@MARSCosmetics,makeup,"Shop MARS Cosmetics India for affordable, trend-driven makeup online. Discover lipsticks, foundations, eye makeup and beauty kits designed for Indian skin tones.",https://marscosmetics.in/cdn/shop/files/LOGO_WHITE-_MARS_53df8062-5f84-48be-8ba2-040963552e1e.png?v=1717479443,Delhi,North Delhi,reached-mars.myshopify.com,INR,Shopify business address in India; prices in INR; .in domain; GSTIN on site; Indian postal address on site; +91 phone number,Shopify business address,tranco
maryjok.com,MaryJoK,info@maryjok.com,+919324996122; +919321971611,,,,,,makeup,"Explore Mary Jo K, India's trusted makeup brand for clean and safe beauty. Elevate your look with cult-favorite products designed to empower and inspire confidence every day.",https://maryjok.com/cdn/shop/files/MJK_Website_Shopify_Logo.png?v=1771535922,Maharashtra,MUMBAI,15f63f.myshopify.com,INR,Shopify business address in India; prices in INR; +91 phone number,Shopify business address,commoncrawl
masonhome.in,Mason Home,support@masonhome.in; hello@masonhome.in,+919867615333; +919136208008; +919930476221,https://instagram.com/mason.home,https://facebook.com/masonhome.in,,,https://youtube.com/@masonhome.,"home decor, home & kitchen","Based in Mumbai, India, Mason Home by Amarsons Breach Candy (Retail Store established in 1974). We aim to accentuate and elevate spaces. Our products exemplify minimal, clean, yet bold statement pieces for the modern home decor connoisseur.",https://masonhome.in/cdn/shop/files/1_9965cd4e-cc0e-454d-9e3e-7da504f1e01f.png?v=1690177430,Maharashtra,Mumbai,masonhome.myshopify.com,INR,Shopify business address in India; prices in INR; .in domain; +91 phone number,Shopify business address,tranco
matrix.in,Matrix,support@matrix.in; info@matrix.in; nodalofficer@matrix.in; operationshead@matrix.in; appellate@matrix.in; salil.malik@matrix.in,+9711588888; +919711588888; +918826400339; +919711861000; +919910662980; +919811123075,https://instagram.com/matrix_cellular,https://facebook.com/MatrixMobileSimCard,https://x.com/matrixcellular_,https://linkedin.com/company/matrix-cellular,https://youtube.com/@MatrixCellularIndia,electronics & gadgets,"Welcome to Matrix, your one-stop-shop for hassle-free international SIM cards, eSIMS and data solutions while traveling abroad. Stay connected with our seamless, affordable, and reliable mobile connectivity wherever you go and enjoy free incoming. Explore our range of products and enjoy a worry-free travel experience.",https://matrix.in/cdn/shop/files/Matrix_Logo.png?v=1658815166,Delhi,New Delhi,matrixindiastore.myshopify.com,INR,Shopify business address in India; prices in INR; .in domain; Indian postal address on site; +91 phone number,Shopify business address,tranco
www.maxprofitness.in,Maxpro Fitness Equipments,customercare@maxprofitness.in,+919500974517; +918220209111,https://instagram.com/maxprofitness_equipments,https://facebook.com/maxprofitnessequipments,,https://linkedin.com/in/maxpro-fitness-45199821b,https://youtube.com/@maxprofitness6487,sports & fitness,"Buy Maxpro Fitness equipment online at the best price. Build your home gym with treadmills, ellipticals, spin bikes, gymbench, dumbbells, pull-up bar, and more.",https://www.maxprofitness.in/cdn/shop/files/maxpro_make_it_happen_07f20b5d-b428-4f0d-ba75-58e1ab183b93.png?v=1734336865,Tamil Nadu,Coimbatore,maxpro-fittness.myshopify.com,INR,Shopify business address in India; prices in INR; .in domain; +91 phone number,Shopify business address,tranco
maxsmile.in,MaxSmile,,,https://instagram.com/maxsmile.in,,,,https://youtube.com/@MaxSmile-in,"bags & accessories, automotive","If you've navigated to this page, chances are you've discovered a product on our site that has piqued your interest! This brings us immense joy - we're thrilled to welcome you to our online store!",https://maxsmile.in/cdn/shop/files/maxsmile_logo.png?v=1681242413,Delhi,New Delhi,dealindiabazaar.myshopify.com,INR,Shopify business address in India; prices in INR; .in domain,Shopify business address,tranco
www.mayasilk.in,Mayasilk,mayasilkofficial@gmail.com,+918072983876,,,,,,ethnic wear,"Shop elegant sarees, salwar suits, kurtis & more at Mayasilk.in. Premium quality, affordable prices, fast delivery across India. COD & easy returns available.",https://www.mayasilk.in/cdn/shop/files/Untitled_design.svg?v=1750398400,Gujarat,surat,djjbmh-p0.myshopify.com,INR,Shopify business address in India; prices in INR; .in domain; GSTIN on site; Indian postal address on site; +91 phone number,Shopify business address,tranco
mbz.in,Meenabazaar,support@mbz.in; custcare@mbindia.net; legal@mbindia.net,+919810006997,https://instagram.com/mbz.in,https://facebook.com/meenabazaar.in,,,https://youtube.com/@meenabazaar9994,ethnic wear,"Grab the premium quality collection of Dresses, Lehenga Choli, Cotton Sarees, Suit Sets, Kurta Sets, Kurtis, Unstitched Suit, Co-ord Sets at Meena Bazaar!",https://mbz.in/cdn/shop/files/logo-500-black_copy.png?v=1725614377,Delhi,New Delhi,meenabaazaar.myshopify.com,INR,Shopify business address in India; prices in INR; .in domain; Indian postal address on site; +91 phone number,Shopify business address,tranco
medineeds.in,MedineedsIndia,info@medineeds.in,+919950560569; +919782560560,https://instagram.com/medineeds.in,https://facebook.com/MediNeedsPatientCare,,,,kids & baby,"Medineeds Online Healthcare Products is your principal supplier of high quality mobility, ostomy care hollister coloplast, BP monitor, nebulizer online price",https://medineeds.in/cdn/shop/files/Medineeds_LogoWeb.png?v=1751004911,Rajasthan,Jaipur,medineedsindia.myshopify.com,INR,Shopify business address in India; prices in INR; .in domain; Indian postal address on site; +91 phone number,Shopify business address,tranco
memy.co.in,Me&My,care@memy.co.in,+912269620753; +917742965119,https://instagram.com/memy.co.in,https://facebook.com/memy.co.in,,,,apparel,"Elevate your wardrobe, explore a range of apparel that blend classic charm with a modern twist.",https://memy.co.in/cdn/shop/files/Me_My_New_Logo-2.png?v=1770886320,Rajasthan,Jaipur,802b4d-2.myshopify.com,INR,Shopify business address in India; prices in INR; .in domain; Indian postal address on site; +91 phone number,Shopify business address,tranco
menworks.in,Menworks®,care@menworks.in,,https://instagram.com/menworks_official,https://facebook.com/people/Menworks/100090945667241,,,https://youtube.com/@MenworksOfficial,fragrances,"Discover MENWORKS® – premium body wash and long-lasting perfume for men. Inspired by luxury scents, crafted to last all day without breaking the bank. Shop bold, fresh grooming essentials with free shipping on orders above ₹799.",https://menworks.in/cdn/shop/files/Asset_1_6x_72caf615-8a9e-437f-817d-bffa0bf0010a.webp?v=1756818198,Uttar Pradesh,Kanpur,menworks-2698.myshopify.com,INR,Shopify business address in India; prices in INR; .in domain; Indian postal address on site,Shopify business address,tranco
meridianwatches.in, Meridian Watches,support@meridianwatches.in,,https://instagram.com/meridianwatchco,https://facebook.com/meridianwatchco,,https://linkedin.com/company/meridianwatches,https://youtube.com/channel/UCnvXmbtNxTqpeTuFSc5lYiw,watches,"For those who appreciate simplicity and timelessness, our collection of minimalist timepieces is the perfect fit. Elevate your style game with our classic pieces that are sure to make a statement.",https://meridianwatches.in/cdn/shop/files/Logo_-_2024-10-30T181141.394-removebg-preview.png?v=1730292370,Punjab,Mohali,b64a4c-34.myshopify.com,INR,Shopify business address in India; prices in INR; .in domain,Shopify business address,tranco
metashot.in,Metashot.in,hello@metashot.in,+919164603300,https://instagram.com/metashotofficial,https://facebook.com/metashotgames,https://twitter.com/x,https://linkedin.com/company/metashotgaming,,sports & fitness,As seen on Shark Tank. Immersive Cricket Console Game - Fun for the Whole Family. Now play Cricket from the comfort of your Home!,https://metashot.in/cdn/shop/files/Metashot_logo_2_copy.png?v=1722928135,Karnataka,Bengaluru,metashot-in.myshopify.com,INR,Shopify business address in India; prices in INR; .in domain; Indian postal address on site; +91 phone number,Shopify business address,tranco
mfwonline.co.in,MensFashionWholesale,mensfashionwholesalemfw@gmail.com,+919600129608; +917010514648,,,,,,men's apparel,"MFW Online Chennai – Shop men’s fashion shirts, jeans, joggers & streetwear at lowest prices. Online orders with delivery across Chennai & Tamil Nadu.",https://mfwonline.co.in/cdn/shop/files/WhatsApp_Image_2025-10-29_at_11.30.17_AM.jpg?v=1761812780,Tamil Nadu,Chennai,mensfashionwholesale-5076.myshopify.com,INR,Shopify business address in India; prices in INR; .in domain; Indian postal address on site; +91 phone number,Shopify business address,tranco
micromill.in,MicroMill,micromill83@gmail.com,+918487036644; +917490046406,https://instagram.com/micromillattachakki,https://facebook.com/profile.php?id=100090521985533,https://twitter.com/MillMicro,,https://youtube.com/@MicroMillFlourMill,food & beverages,"Micro Mill atta chakki, flour mill, atta chakki price, commercial atta chakki manufacturer, ,pulverizer machine, double chamber pulverizer, masala grinder machine, poultry feed machine, Pellet machine, rice mill, 6n70 rice mill, food processing machine, dough kneader, chips machine, namkeen machine, pellet machine.",https://micromill.in/cdn/shop/files/micromill_header_logo_green_color.png?v=1686464827,Gujarat,Ahmedabad,eadeea.myshopify.com,INR,Shopify business address in India; prices in INR; .in domain; +91 phone number,Shopify business address,tranco
www.miduty.in,Miduty,international@miduty.in; troublehunters@miduty.in,+919267994525; +918000321372; +917652922771; +919501980115; +918699086991; +918047953608,https://instagram.com/miduty.in,https://facebook.com/midutybypalaknotes,https://x.com/miduty_in,https://linkedin.com/company/miduty,https://youtube.com/@Miduty,health & nutrition,"Discover Miduty, one of India’s best nutraceutical supplement brand offering premium supplements with clinically tested ingredients for targeted health and wellness needs.",https://www.miduty.in/cdn/shop/files/Group_bcaf177b-3d6d-4ac2-982c-1fb441e45771.png?v=1760349928,Punjab,Jalandhar,palaknots.myshopify.com,INR,Shopify business address in India; prices in INR; .in domain; Indian postal address on site; +91 phone number,Shopify business address,tranco
milabylakshmi.co.in,Mila,hello@milabylakshmi.co.in; milabylakshmi@gmail.com,+919037179421,https://instagram.com/mila_by_lakshmi,https://facebook.com/milabylakshmi,,,https://youtube.com/@MilabyLakshmi,ethnic wear,"Mila by Lakshmi offers authentic handpicked cotton sarees from South India. Discover Kalyani, Narayanpet, Kanchi cotton and silk-cotton sarees with timeless tradition. Shop online from Kerala.",https://s3.us-east-1.amazonaws.com/seolabapp/jsonld-images/3boVj9If9IG3BXB9wq6c7tbwdqjkW671vqFR4eeB.png,Kerala,Ernakulam,0659g1-is.myshopify.com,INR,Shopify business address in India; prices in INR; .in domain; Indian postal address on site; +91 phone number,Shopify business address,tranco
www.milesretail.com,Miles Retail,,,https://instagram.com/milesretail,https://facebook.com/people/Miles-Retail/100064050673640,https://twitter.com/MilesRetail,,https://youtube.com/@milesretail,sports & fitness,"Buy premium playing cards, magic tricks, and professional illusion props online in India. Trusted store for magicians, cardists, and collectors.",output/logos/milesretail.com.svg,Haryana,Gurgaon,globemappers.myshopify.com,INR,Shopify business address in India; prices in INR,Shopify business address,commoncrawl
millex.in,Millex,,+917899057015; +919035869900,https://instagram.com/millexhealth,https://facebook.com/people/Millex/61556277006003,,,https://youtube.com/@Millexoffical,food & beverages,"Buy Millex Health Mix & Instant Breakfast Mix online. Enjoy nutrient-rich, farm-fresh millets with fast delivery & great service for a healthier lifestyle!",https://millex.in/cdn/shop/files/millex.jpg?v=1765366683,Karnataka,chikkamagaluru,ece816-4.myshopify.com,INR,Shopify business address in India; prices in INR; .in domain; +91 phone number,Shopify business address,tranco
www.milton.in,Milton,,+917045552112,https://instagram.com/milton_homewares,https://facebook.com/milton.in,https://twitter.com/MiltonHomewares,,https://youtube.com/channel/UCfOPENEYyDMNd1Aqswa6zwQ,home & kitchen,"Milton offers a wide range of Homeware & Kitchenware products which includes ✓Thermosteel Water Bottles & Flasks ✓Thermoware Casseroles, Tiffin & more",https://www.milton.in/cdn/shop/files/1__1_-removebg-preview_1_a5b0b114-e4b3-4846-afe9-b88cac3a7abc.png?v=1752814136,Maharashtra,Mumbai,milton-india-store.myshopify.com,INR,Shopify business address in India; prices in INR; .in domain; Indian postal address on site; +91 phone number,Shopify business address,tranco
miniklub.in,MiniKlub.in,care@miniklub.in,+918197335641,https://instagram.com/miniklub.in,https://facebook.com/miniklub.in,,https://linkedin.com/company/fs-mini-klub,https://youtube.com/c/miniklub,kids & baby,"Miniklub: India's Top-Rated Store for Quality & Sustainable Baby & Kids' Essentials like Clothes, Footwear, Toys, & More!",https://miniklub.in/cdn/shop/files/miniklub-logo-aw24.png?v=1779083676,Karnataka,Bengaluru,miniklub-b2c.myshopify.com,INR,Shopify business address in India; prices in INR; .in domain; Indian postal address on site; +91 phone number,Shopify business address,tranco
mipatex.in,MIPATEX,support@mipatex.in; rajkumar@mipatex.in; info@mipaindustries.com; mipaindustries@gmail.com; vishal@mipaindustries.com,+919225098431; +918605512109; +919923126429; 1800-419-3193,https://instagram.com/mipaindustries,https://facebook.com/mipatex,https://twitter.com/mipaindustries,https://linkedin.com/company/mipaindustries,https://youtube.com/@mipaindustries,"bags & accessories, plants & gardening","MIPATEX products are specially designed for Advanced Farming. Free delivery on Pond Liner, Vermi Bed, Shade Net, Grow Bags and All Gardening items. High Quality, UV Stabilized products with best price available. We support organic farming and our products are nature safe.",https://mipatex.in/cdn/shop/files/MIPATEX_1000_953ff739-19ef-4db3-a10c-fc7b6ddb7886_large.png?v=1669855422,Maharashtra,Pune,mipatex.myshopify.com,INR,Shopify business address in India; prices in INR; .in domain; +91 phone number,Shopify business address,tranco
mirabellecosmetics.in,Mirabelle,customercare@mirabellecosmetics.com; business@mirabellecosmetics.com; admin@mirabellecosmetics.com,+914222314711,https://instagram.com/mirabellekorea,https://facebook.com/mirabellekorea,https://x.com/Mirabellekorea,,https://youtube.com/@MirabelleKorea,skincare,"Buy Korean skincare brand Mirabelle in India. Explore sunscreens, serums, face washes & more to hydrate, protect, and brighten your skin naturally.",https://mirabellecosmetics.in/cdn/shop/files/Screenshot_2024-08-28_101054_1.png?v=1726669235,Tamil Nadu,Coimbatore,mirabelle1.myshopify.com,INR,Shopify business address in India; prices in INR; .in domain; Indian postal address on site; +91 phone number,Shopify business address,tranco
mishq.in,Mishq,nidhi@mishq.in,+917022273732; +916287096283,https://instagram.com/mishq.lingerie,,,,,women's apparel,"Book a professional bra fitting with trained experts. Discover premium bras designed for real support, full coverage, natural lift, and all-day comfort for Indian women. Made for real bodies.",https://mishq.in/cdn/shop/files/Mishq_Logo.svg?v=1771506010,Karnataka,Bengaluru,1e8333-5.myshopify.com,INR,Shopify business address in India; prices in INR; .in domain; Indian postal address on site; +91 phone number,Shopify business address,commoncrawl
www.misri.in,Misri By Meghna Nayyar,care@misri.in; info@misri.in,+919310357425,https://instagram.com/misribymeghnanayyar,https://facebook.com/misribymeghnanayyar,,,,ethnic wear,"At Misri, we offer a curated multi-designer collection, bringing together some of the most loved styles in one place. With custom fit options, free worldwide shipping, and fast delivery available on request, we ensure a seamless shopping experience.",https://www.misri.in/cdn/shop/files/misri_logo_colour.png?v=1751022160,Delhi,New Delhi,misri-online-store.myshopify.com,INR,Shopify business address in India; prices in INR; .in domain; Indian postal address on site; +91 phone number,Shopify business address,tranco
www.missmosa.in,Miss Mosa By Akanksha,,+919756188860,https://instagram.com/missmosaofficial,https://facebook.com/missmosaofficial,,https://linkedin.com/company/miss-mosa-by-akanksha,https://youtube.com/@missmosaofficial,women's apparel,"Miss Mosa is an Indian women's fashion brand loved by 1M+ followers. Shop trendy dresses, tops, coords & resort wear with free delivery across India.",https://cdn.shopify.com/s/files/1/0250/7571/2047/files/logo_square.png?v=1658772779,Haryana,Gurugram,alamode-1.myshopify.com,INR,Shopify business address in India; prices in INR; .in domain; +91 phone number,Shopify business address,tranco
www.mivi.in,MIVI,support@mivi.in,+918099973333; +917075199451,https://instagram.com/mivi_earphones,https://facebook.com/MiviEarphones,https://twitter.com/mivi_earphones,,https://youtube.com/c/MiviIndia,electronics & gadgets,"Premium wireless earbuds, headphones and speakers. Engineered in Hyderabad. Free shipping across India.",https://www.mivi.in/assets/mivi-logo-navbar.png,Telangana,Hyderabad,mivi-website.myshopify.com,INR,Shopify business address in India; prices in INR; .in domain; GSTIN on site; Indian postal address on site; +91 phone number,Shopify business address,tranco
mizojerseyhome.in,Mizo Jersey Home,mjhcustomercare@gmail.com; mizojerseyhome@gmail.com,+917005979221,,,,,,apparel,"Shop the latest jerseys of your favourite NBA, Football, Baseball or NFL teams. Choose from the widest collection available in the country. Shop our trending sports clothing and accessories to dress in comfort and style on the field and on the street.",https://mizojerseyhome.in/cdn/shop/files/FFASF_d82801e6-8f2e-44f9-918b-2e0d97713e10.png?v=1696268173,Mizoram,Aizawl,df701b-3.myshopify.com,INR,Shopify business address in India; prices in INR; .in domain; +91 phone number,Shopify business address,tranco
mlada.in,Mlada,contact@mlada.in,+917009008772; +917009008773,https://instagram.com/mlada.in,,,,,women's apparel,"Mlada brings you comfort-driven, stylish women’s wear in inclusive sizes and 15+ colors. Enjoy Buy 3 Get 1 Free. Shop your favorites today.",https://mlada.in/cdn/shop/files/Mlada_website_header_bc256126-364e-46fe-b1d2-d8d0a2857fd6.png?v=1703325085,Punjab,Ludhiana,mlada-clothing.myshopify.com,INR,Shopify business address in India; prices in INR; .in domain; Indian postal address on site; +91 phone number,Shopify business address,tranco
www.mmwear.in,MMWEAR,contact@mmwearment.com,+916381615217; +919384702500; +917305015217,https://instagram.com/mmwear.in,,,,,kids & baby,"Discover Magizh Mangai, your go-to destination for comfortable and fashionable maternity clothing. Our thoughtfully designed pieces cater to every stage of your pregnancy, ensuring you look and feel your best.",https://www.mmwear.in/cdn/shop/files/Logo_Website.jpg?v=1777131919,Tamil Nadu,Salem,mm-wearment.myshopify.com,INR,Shopify business address in India; prices in INR; .in domain; +91 phone number,Shopify business address,tranco
mobil-fox.in,MobilFox Corporation,hello@mobil-fox.in,+919899280202; +918882431401,https://instagram.com/mobilfox_corporation,https://facebook.com/MobilFoxIndia,,,https://youtube.com/channel/UCcPUW1zsMVHgaIbiPGqYdpA,electronics & gadgets,"Mobil-fox Corporation is a leading brand in the world of mobile batteries and power banks. We are one of the number one batteries manufacturing companies present in India. Mobilfox Corporation has immense pride, working in the industry of power resources that is a basic necessity of people in today’s world. We are a leading manufacturer of mobile batteries that are reliable and resourceful. We have diverse range of mobile batteries that meet all basic requirements by an individual and this busin",https://mobil-fox.in/cdn/shop/files/logo_4.png?v=1695822110,Delhi,Delhi,my-mobil-fox.myshopify.com,INR,Shopify business address in India; prices in INR; .in domain; Indian postal address on site; +91 phone number,Shopify business address,tranco
mobilla.in,Mobilla,,+919699605595,https://instagram.com/mobillaofficial,https://facebook.com/mobillaofficial,https://x.com/Mobilla0fficial,,https://youtube.com/@mobilla0fficial,electronics & gadgets,"Explore “Mobitech Industries LLP” Mobilla's stunning range of earbuds, smartwatches, headphones, wireless speakers, power banks, and many more lifestyle products.",https://mobilla.in/cdn/shop/files/Indias-new-No1_01.webp?v=1761980705,Maharashtra,Mumbai,mobilla-mobile-accessories.myshopify.com,INR,Shopify business address in India; prices in INR; .in domain; Indian postal address on site; +91 phone number,Shopify business address,tranco
moderngifts.in,Modern Gifts,modernofficia@gmail.com,+919488178811,https://instagram.com/moderngiftsoff,,,,https://youtube.com/@moderngiftsoff,"bags & accessories, food & beverages","""ModernGifts.in – India’s go‑to destination for unique, premium personalized gifts. Celebrate birthdays, anniversaries & more with fast, pan‑India delivery.""",https://moderngifts.in/cdn/shop/files/Modern_Logo_copy.png?v=1789628090,Tamil Nadu,Tiruchengode,modernphotos.myshopify.com,INR,Shopify business address in India; prices in INR; .in domain; Indian postal address on site; +91 phone number,Shopify business address,tranco
modernseries.in,MODERN SERIES,support@modernseries.in,+919327597065,https://instagram.com/modernseriesindia,https://facebook.com/modernseriesindia,,,,jewellery,"Redefining men's fashion with bold, modern and premium stainless steel jewellery.",https://modernseries.in/cdn/shop/files/LOGO_4.png?v=1775123449,Gujarat,Surat,modernseries.myshopify.com,INR,Shopify business address in India; prices in INR; .in domain; Indian postal address on site; +91 phone number,Shopify business address,tranco
www.mojmart.co.in,Moj Mart,support@mojmart.co.in,,,,,,,electronics & gadgets,"Welcome to Moj Mart , an online shopping platform offering a wide range of everyday products for customers across India. Our goal is to make online shopping simple, affordable, and convenient by providing quality products with secure ordering and Cash on Delivery (COD) options.",https://www.mojmart.co.in/cdn/shop/files/ChatGPT_Image_Jun_17_2026_11_38_02_AM.png?v=1782210960,Uttar Pradesh,Noida,ydsiav-bm.myshopify.com,INR,Shopify business address in India; prices in INR; .in domain,Shopify business address,tranco
momperfume.in,MOM PERFUMES,momperfumes@gmail.com,+919968364820,,,,,,fragrances,Why choose Mom Perfumes ?,https://momperfume.in/cdn/shop/files/IMG_8885.png?v=1774597990,Delhi,New Delhi,aec812.myshopify.com,INR,Shopify business address in India; prices in INR; .in domain; Indian postal address on site; +91 phone number,Shopify business address,tranco
www.momshome.in,Moms Home,info@momshome.in,+919024788312; +916350676005; +919983432333,https://instagram.com/momshomeorganic,https://facebook.com/momshomeorganic,,,https://youtube.com/@momshomeorganic,kids & baby,"India's First Sustainable Baby Essentials Brand : Made by the finest of organic cotton & Bamboo. GOTS certified to meet the highest global standard . We give parents a break by delivering our premium products at surprisingly affordable prices. Wide range of Muslin Essentials, Infant clothing, Shower Gifts, Hospital Bag",https://www.momshome.in/cdn/shop/files/momshome_logo_png_copy.png,Rajasthan,Jaipur,momshome-in.myshopify.com,INR,Shopify business address in India; prices in INR; .in domain; Indian postal address on site; +91 phone number,Shopify business address,tranco
www.monri.in,monri,deliveryalert@monri.in; info@monri.in,+917003428837,,,,,,ethnic wear,"Monri works with weavers across India to create affordable women ethnic wear, such as sarees, blouses, dresses & kurtis. Shop now for latest collections online.",https://www.monri.in/cdn/shop/files/MONRI_LOGO_PNG_FORMAT.png?v=1746546023,West Bengal,South Dumdum,monridev.myshopify.com,INR,Shopify business address in India; prices in INR; .in domain; Indian postal address on site; +91 phone number,Shopify business address,tranco
www.monrow.in,Monrow Shoes,care@monrow.in,+917619233641; +919611844008,https://instagram.com/monrowworld,https://facebook.com/monrowshoes,https://twitter.com/monrowshoes,https://linkedin.com/company/monrowshoes,https://youtube.com/channel/UCyIvOzsx4T-2JEuwxl0QSYA,footwear,"Fashion ❣️ Comfort We aim to create shoes and bags that not only look stylish but also feel incredibly comfortable. Designed for the go-getters who deserve effortless elegance every step of the way! ❤️ Explore the latest trends in women’s footwear and bags online. Shop now – Flats, Sandals, Heels, Sneakers, and Bags.",https://www.monrow.in/cdn/shop/files/Monrow_Logo_1_130x_2x_d69430df-9900-4609-bcd8-05484197db51.webp?v=1755853707,Karnataka,Bengaluru,monrowshoesindia.myshopify.com,INR,Shopify business address in India; prices in INR; .in domain; +91 phone number,Shopify business address,tranco
www.montecarlo.in,Monte Carlo,info@montecarlo.in,+918288801228; 1800-180-0501; +918196922333; +911615048700,https://instagram.com/montecarlostyle,https://facebook.com/montecarlocollections,https://twitter.com/montecarlostyle,,https://youtube.com/@montecarlofashions,apparel,"Monte Carlo is an online clothing brand that offers jackets, sweaters, coats, sweatshirts, t-shirts, trousers, denim and lowers for men and women.",https://www.montecarlo.in/cdn/shop/files/logo.svg?v=1734710597,Punjab,Ludhiana,montecarlonew.myshopify.com,INR,Shopify business address in India; prices in INR; .in domain; Indian postal address on site; +91 phone number,Shopify business address,tranco
motocentral.in,Moto Central,info@motocentral.in,+919822449903,https://instagram.com/motocentralindia,https://facebook.com/motocentralindia,https://twitter.com/Moto_Central,,https://youtube.com/channel/UCpSi857NGoyD30Lnrzg6dyg,automotive,"Free Shipping All Over India, Expert Gear Advice, EMI for Riding Gear, 100% Genuine Products, Official warranty, Easy Returns, After Sales Spares & Support Shop online for Riding Gear across leading brands India's Largest Multi Brand Riding Gear Store",https://motocentral.in/cdn/shop/t/40/assets/logo.png?v=15443012148369806061659890763,Maharashtra,Pune,motocentral.myshopify.com,INR,Shopify business address in India; prices in INR; .in domain; Indian postal address on site; +91 phone number,Shopify business address,tranco
motorpartsjunction.in,Motorparts Junction,motorpartsjunction@gmail.com,+919811625599; +919958349955,,,,,,"footwear, bags & accessories","Service parts (Oil, Air, AC, Fuel, Transmission Filters), Steering Parts (Tie Rod End, Rack End), Suspension Parts (Lower Arm, Shock Absorber, Ball Joint), Water Pumps, V-Ribbed Belts, Damper Pullies, Brake Parts (Brake Pad, Disc, Brake Shoe) Lubes; Liqui Moly, Amsoil, Mobil, Castrol, Shell, Eurol, Mecedes, VW, Mannol",,Haryana,Gurugram,motorparts-junction-shop.myshopify.com,INR,Shopify business address in India; prices in INR; .in domain; +91 phone number,Shopify business address,tranco
mototorque.in,Moto Torque,info@mototorque.in,+918296441191; +919731423366; +918197232723,https://instagram.com/moto_torque,https://facebook.com/mototorqueperformance,,,,automotive,"Moto Torque crafting Premium bike accessories since 2012 like Crash Guard,Engine Guard,Saddle Stay,Performance exhaust and Riding Gear.",https://mototorque.in/cdn/shop/files/Moto_torque_logo_white.png?v=1698409139,Karnataka,Bangalore,has-yas.myshopify.com,INR,Shopify business address in India; prices in INR; .in domain; Indian postal address on site; +91 phone number,Shopify business address,tranco
moxiebeauty.in,"Moxie Beauty - Clean, high performing products for Indian hair types",support@moxiebeauty.in,+919971193530,https://instagram.com/moxiebeautyofficial,https://facebook.com/moxiebeautyofficial,,https://linkedin.com/company/moxie-beauty,https://youtube.com/@moxiebeautyofficial,haircare,"Moxie Beauty offers the best hair care products. From shampoos to styling gels, find everything you need for perfect hair. Buy online now!",https://moxiebeauty.in/cdn/shop/files/MOXIE_lOGO.svg?v=1692615362,Delhi,New Delhi,moxiebeauty-haircare.myshopify.com,INR,Shopify business address in India; prices in INR; .in domain; Indian postal address on site; +91 phone number,Shopify business address,tranco
mpfashion.in,MP Fashions,support@mpfashion.in,+918056355192,https://instagram.com/mp_fashions_2019,,,,,apparel,We're passionate about creating exceptional products that bring joy to our customers across India.,https://mpfashion.in/cdn/shop/files/310x225.png?v=1775959280,Tamil Nadu,Tiruppur,df3tn1-pb.myshopify.com,INR,Shopify business address in India; prices in INR; .in domain; +91 phone number,Shopify business address,tranco
mrbutton.in,MR BUTTON,wizards@mrbutton.in,+918810368297; +911140845242,https://instagram.com/mrbutton,https://facebook.com/MenatMrButton,,https://linkedin.com/company/mrbutton-in,,men's apparel,"Discover MR BUTTON, your one-stop destination for stylish men's fashion. Explore a wide range of shirts, blazers, and suits. Shop now for timeless elegance!",https://mrbutton.in/cdn/shop/files/header-logo.png?v=1766127849,Delhi,New Delhi,mrbuttononline.myshopify.com,INR,Shopify business address in India; prices in INR; .in domain; +91 phone number,Shopify business address,tranco
mrjewels.in,MR Jewels,info@mrjewels.in,+917042306142,https://instagram.com/mrjewels100,,,,https://youtube.com/@MRJewels100,jewellery,"Shop premium artificial jewellery — Kundan, Polki, Meenakari & American diamond sets in micron gold plating. Celebrity-worn designs. Free shipping across India.",https://cdn.shopify.com/s/files/1/0879/3820/3960/files/mrjewels-fashion-jewellery-logo.png,Karnataka,Bengaluru,cff88d-cb.myshopify.com,INR,Shopify business address in India; prices in INR; .in domain; GSTIN on site; Indian postal address on site; +91 phone number,Shopify business address,tranco
mulberrylabel.in,Mulberry Label,mulberrythelabel@gmail.com,+916381804302,https://instagram.com/the_mulberry.label,,,,,"kids & baby, ethnic wear","Explore maternity dresses, feeding maxi wear, nursing kurtis and lounge sets for pregnancy and postpartum comfort across India.",https://mulberrylabel.in/cdn/shop/files/logo.png?v=1747723819,Tamil Nadu,Erode,mulberry-label.myshopify.com,INR,Shopify business address in India; prices in INR; .in domain; +91 phone number,Shopify business address,tranco
www.mumkins.in,Mumkins,customersupport@mumkins.in,+918655881729; +917230004281,https://instagram.com/mumkins.in,https://facebook.com/themumkins,https://twitter.com/mumkins_seeds,,https://youtube.com/@mumkinskidswear,apparel,"Discover trendy party wear dresses for kids at Mumkins. Shop stylish outfits for boys and girls including gowns, suits, frocks & festive wear online.",https://www.mumkins.in/cdn/shop/files/mumkins-logo.webp?v=1669969052,Rajasthan,UDAIPUR,mumkins-kids-wear.myshopify.com,INR,Shopify business address in India; prices in INR; .in domain; Indian postal address on site; +91 phone number,Shopify business address,tranco
mumuso.co.in,Mumuso,customercare@mumuso.co.in,+03340069265; +917044042233,https://instagram.com/mumusoindia,https://facebook.com/MUMUSOIndia,https://twitter.com/MumusoIndia,https://linkedin.com/company/mumusoindia,https://youtube.com/channel/UCaiWixtQDQGjXoLYdXspgPQ,"bags & accessories, home & kitchen","Shop trendy beauty, fashion, home & lifestyle products online at MUMUSO India. Explore cute, stylish products at affordable prices. Shop online today.",https://mumuso.co.in/cdn/shop/files/Mumuso_Logo_green.png?v=1736405089,West Bengal,Kolkata,devs-b78a.myshopify.com,INR,Shopify business address in India; prices in INR; .in domain; Indian postal address on site; +91 phone number,Shopify business address,tranco
musiccircle.co.in,MusicCircle,pilakbhatt@yahoo.com,+919820365979; +918779836898,,,,,,music & instruments,"Over 36,000 Vinyl Records for Sale: Shop the best selection of new and used vinyl records at our store. Our staff can help you find the perfect addition to your record collection.",https://musiccircle.co.in/cdn/shop/files/musiccircle_new_logo_rectangle_f287b3a7-c37e-4616-87e7-b05ab54da3fd.png?v=1744228490,Maharashtra,Mumbai,musiccircle-7657.myshopify.com,INR,Shopify business address in India; prices in INR; .in domain; GSTIN on site; +91 phone number,Shopify business address,tranco
myalmari.in,MYALMARI LUXURY TRADING LLP,contact@myalmari.in,+919004435953; +919167797122,https://instagram.com/myalmari_,,,,,"bags & accessories, men's apparel","Indulge in the luxury of high-end fashion while staying green. My Almari presents a hand-picked collection of preloved designer clothing, shoes, handbags, and accessories for the discerning fashion connoisseur. Elevate your style with our exclusive range of sustainable and stylish fashion finds.",https://myalmari.in/cdn/shop/files/Almari_logo_B.png?v=1672130145,Maharashtra,Mumbai,my-almari-india.myshopify.com,INR,Shopify business address in India; prices in INR; .in domain; Indian postal address on site; +91 phone number,Shopify business address,tranco
mybombae.in,Bombae,collab@mybombae.in; hello@mybombae.in,+917419023569,https://instagram.com/mybombae__,https://facebook.com/people/Bombae-by-Bombay-Shaving-Company/100084998687661,,https://linkedin.com/company/bombaebybombayshavingcompany,https://youtube.com/c/MyBombae_,men's grooming,"Bombae provides innovative hair removal products designed for women, including trimmers, razors, creams, and more for smooth, glowing skin. Shop now!",https://mybombae.in/cdn/shop/files/logo_1_copy.png?v=1778874581,Haryana,Taoru,bsc-women.myshopify.com,INR,Shopify business address in India; prices in INR; .in domain; Indian postal address on site; +91 phone number,Shopify business address,tranco
mybudgetstore.in,MyBudgetStore.in,mybudgetstorecochin@gmail.com,+919495850040,https://instagram.com/my_budget_store,https://facebook.com/My-budget-store-446678802740874,,,https://youtube.com/channel/UCT71UbtoTihOJbwvcehrhEQ,ethnic wear,"online shopping, online shopping sites, online shopping india, india shopping, Online shopping site,Online Shopping Site for Fashion & Lifestyle in India. Buy Kurthi, Kurtha , Accessories and lifestyle products for women & men. Best Online Fashion Store * COD* Easy returns and exchanges*",https://mybudgetstore.in/cdn/shop/files/my-budget-store-Logo-3_65ec890e-8505-4e94-823b-b4aa6ee14dfd.png?v=1663640473,Kerala, Kalamassery,mybudgetstores.myshopify.com,INR,Shopify business address in India; prices in INR; .in domain; GSTIN on site; Indian postal address on site; +91 phone number,Shopify business address,tranco
mycf.in,Carbamide Forte,inquiry@novuslifesciences.com; marketing8@novuslifesciences.com; nutritionist@novuslifesciences.com,+918104878509; +919326975657,https://instagram.com/carbamideforte,https://facebook.com/CarbamideForte.mycf,,,https://youtube.com/@carbamideforte,health & nutrition,"Committed to personal and professional growth for the benefit of our customers, our company and ourselves.",https://mycf.in/cdn/shop/files/CF_Carbamide_Forte_black_Logo.png?v=1747336018,Maharashtra,Mumbai,novusvitamins-com.myshopify.com,INR,Shopify business address in India; prices in INR; .in domain; Indian postal address on site; +91 phone number,Shopify business address,tranco
mydjgane.in,Mydjgane,bollywoodstarlife2003@gmail.com,+917984158999,,,,,,"sports & fitness, ethnic wear","We‘re Passionate About Making Quality Products And Give Our Best To Give Our Customers a Satisfactory Experience, While They Are Shopping With Us. Every Day We Improve The Quality Of Our Services And Products We Make For Our Beloved Customers We Have Developed an Individual Approach For Each Customer Depending On Their Choices And Needs We Offer The Best Value For Money With Regards To Availability, Delivery Time, Fitness For Purpose, Payment Terms, Quality, And Service.",https://mydjgane.in/cdn/shop/files/MYDJGANE.png?v=1701848983,Gujarat,Surat,44ecd8.myshopify.com,INR,Shopify business address in India; prices in INR; .in domain; +91 phone number,Shopify business address,tranco
myfitness.in,MYFITNESS,care@myfitness.co.in,+917096699111,https://instagram.com/myfitness,https://facebook.com/myfitness,https://x.com/myfitness_IN,https://linkedin.com/company/myfitnessindia,https://youtube.com/@myfitness.official,health & nutrition,"India's No. 1 Peanut Butter Brand. US FDA registered, NABL lab tested. High-protein peanut butter with no added sugar or trans fat. Free delivery across India. ₹199+",https://myfitness.in/cdn/shop/files/Web_logo_-05-2.png,Dadra and Nagar Haveli and Daman and Diu,Silvassa,myfitness-official-store.myshopify.com,INR,Shopify business address in India; prices in INR; .in domain; Indian postal address on site; +91 phone number,Shopify business address,tranco
myhealinghands.in,Healing Hands,care@myhealinghands.in; info@myhealinghands.in,+919545360309,https://instagram.com/myhealinghands.in,https://facebook.com/MyHealingHands.In,,https://linkedin.com/company/healing-hands-herbs,https://youtube.com/@MyHealingHandsIn,health & nutrition,"India's 1st patented plant-based kits for Piles, Fissure & Constipation. Doctor-developed, clinically validated, and trusted by 10 Lakh+ patients. Shop now!",https://myhealinghands.in/cdn/shop/files/Fevicon.svg,Maharashtra,Pune,myhealinghands.myshopify.com,INR,Shopify business address in India; prices in INR; .in domain; Indian postal address on site; +91 phone number,Shopify business address,tranco
mymuse.in,MyMuse India - An Intimate Wellness Brand For All People,support@mymuse.in,,https://instagram.com/mymuse.in,https://facebook.com/mymuse.in,,https://linkedin.com/company/mymuse-india,https://youtube.com/channel/UCxtrJgwidF68JtEOVLvidBA,toys & games,"We create bedroom essentials and for people who love to love. Our intimacy products are thoughtfully designed to make intimacy easy, approachable, and fun for the modern Indian.",https://mymuse.in/cdn/shop/files/logo-new-dark.png?v=1648102302,Maharashtra,Thane,muse-india.myshopify.com,INR,Shopify business address in India; prices in INR; .in domain; Indian postal address on site,Shopify business address,tranco
myop.in,Make Your Own Perfume,support@myop.in,+917306900600; +917306500663,https://instagram.com/myopindia,https://facebook.com/myopindia,,,https://youtube.com/channel/UCUSHcnc8Rgl4o_2gn-1q1KA,fragrances,"Discover premium long-lasting perfumes for men & women. Buy 2 Get 1 Free with fast, free delivery across India. Personalize your signature scent today!",https://cdn.shopify.com/s/files/1/0262/8819/3614/files/logo_1_06d303db-eb38-41e6-bd23-868a8a19546d.png?v=1777898444,Kerala,Kozhikode,make-your-own-perfume.myshopify.com,INR,Shopify business address in India; prices in INR; .in domain; +91 phone number,Shopify business address,tranco
www.mypoojabox.in,mypoojabox,orders@mypoojabox.com,+918010288882,https://instagram.com/mypoojabox,https://facebook.com/MyPoojaBox,,,,home decor,"Shop beautiful home decor items online, festive gifts for Diwali, Karwa Chauth, Rakhi, Ganesh Chaturthi and weddings. MyPoojaBox is an online puja store offering puja & hawan samagri, healing crystals, salt lamps, eco friendly ganpati idols, diyas, urlis, face rollers, tealight holders and more made in India products.",https://www.mypoojabox.in/cdn/shop/files/Clip_path_group.svg?v=1776260611,Delhi,New Delhi,my-pooja-box.myshopify.com,INR,Shopify business address in India; prices in INR; .in domain; Indian postal address on site; +91 phone number,Shopify business address,tranco
myprisma.in,Prisma,onlinesupport@myprisma.in,+917530013336; +919789735649; +917530013339,https://instagram.com/brandprisma,https://facebook.com/brandprisma,,,https://youtube.com/channel/UCFpaL_3elJHIcTHLvH7gVRQ,apparel,Prisma offers wide variety of products and colours in bottomwear & innerwear for Women in India at a price that is affordable,https://myprisma.in/cdn/shop/files/Prisma_logo_250_px_w_x_80_px_h.png?v=1693653315,Tamil Nadu,TIRUPUR,prismagarments.myshopify.com,INR,Shopify business address in India; prices in INR; .in domain; +91 phone number,Shopify business address,tranco
mystar.in,Star Bazaar ,starhelp@trent-tata.com,+919029002233,https://instagram.com/starbazaarindia,https://facebook.com/starbazaarindia,https://twitter.com/starbazaarindia,,,food & beverages,"Star Bazaar is the modern retailer & one stop solution for for fresh food & groceries. Experience a wide range of daily essentials, poultry from your favorite grocery supermarket in Hyderabad, Bangalore, Mumbai, etc.",https://mystar.in/cdn/shop/files/STAR_Logo_275x70px_2.jpg?v=1716440384,Maharashtra,Mumbai,star-bazaar-india.myshopify.com,INR,Shopify business address in India; prices in INR; .in domain; +91 phone number,Shopify business address,tranco
mystella.in,Stella,yash.stella@gmail.com; info.mystella@gmail.com,+918266012412,https://instagram.com/mystella.in,,,,,women's apparel,"Buy Denim Jeans, Trouser, Pants, Work Wear For Women Online at MyStella. Explore sizes, fits & styles that blend premiumness with comfort & functionality.",https://mystella.in/cdn/shop/files/logo.png?v=1736504567,Uttar Pradesh,Ghaziabad,y01m3y-44.myshopify.com,INR,Shopify business address in India; prices in INR; .in domain; GSTIN on site; +91 phone number,Shopify business address,tranco
mywakeup.in,Wakeup India,support@mywakeup.in,+919429693838; +917082907701; +919138678570; +918059643649,https://instagram.com/mywakeup.in,https://facebook.com/mywakeup.in,https://twitter.com/my__wakeup,https://linkedin.com/company/wakeupindia,https://youtube.com/channel/UCDR1r5fGnADPp-GErqqThDA,"home & kitchen, furniture","Mattress: Wakeup India offers India's best mattress online. Buy the highest-quality mattresses, beds, pillows, and Sofa online and get a 100-night free trial for Mattress. Order online and enjoy free delivery across India.",https://mywakeup.in/cdn/shop/files/logo.png,Haryana,Gurugram,272a44-b8.myshopify.com,INR,Shopify business address in India; prices in INR; .in domain; GSTIN on site; Indian postal address on site; +91 phone number,Shopify business address,tranco
mywestern.in,MyWestern,info@mywestern.in; mywestern2024@gmail.com,+917600015547; +919724077763,https://instagram.com/mywesterns,https://facebook.com/mywesterns,https://x.com/MyWestern2024,,https://youtube.com/@mywestern,women's apparel,"Shop western dresses online for women at MyWestern. Explore party wear, cord sets, midi dresses, floral shirt dresses & trendy western wear tops.",https://mywestern.in/cdn/shop/files/Untitled-1_copy_bb71ee34-dda2-4be9-8483-714d61ca6618.png?v=1755156515,Gujarat,surat,kqd4xy-dm.myshopify.com,INR,Shopify business address in India; prices in INR; .in domain; GSTIN on site; Indian postal address on site; +91 phone number,Shopify business address,tranco
n1-racing.com,N1racing Equipment,sales@n1-racing.com; sales@n1engineering.com; info@mlperformanceusa.com,+919892280995; +919821221791; +919167877186,https://instagram.com/n1racingequipment,https://facebook.com/n1racingequipment,,,https://youtube.com/user/n1racingequipment,bags & accessories,"Automobile Workshop for Mechanical Repairs and Performance Upgrades, Diagnostic, Tuning, Suspension, Brakes, Gearbox, Engine, Rally & Track cars, Premium segment car servicing, MOTUL service center",https://n1-racing.com/cdn/shop/files/n1_racing_logo_small_logo_fe08a8a7-b13e-4dc5-8c79-7c252795c4e7.png?v=1694422064,Maharashtra,Mumbai,359ec9-2.myshopify.com,INR,Shopify business address in India; prices in INR; GSTIN on site; Indian postal address on site; +91 phone number,Shopify business address,commoncrawl
naaptol.co.in,Naaptol,support@naaptol.com,+912265867005,,,,,,"tools & hardware, electronics & gadgets",naaptol.co.in is owned and powered by Naaptol Online Shopping Private Limited,https://naaptol.co.in/cdn/shop/files/Naaptol.co.png?v=1742207718,Maharashtra,Navi Mumbai,szcrcs-uq.myshopify.com,INR,Shopify business address in India; prices in INR; .in domain; +91 phone number,Shopify business address,tranco
nageenprakashan.in,Nageen Prakashan,support@nageenprakashan.com; info@nageenprakashan.com; hr@nageenprakashan.com,+917060405190; +911212793401; +911212792600,https://instagram.com/nageen.prakashan,https://facebook.com/Nageen.prakashan.in,https://x.com/nageenprakashan,,https://youtube.com/channel/UCHrKjHLJEmwjlmuDlK-qwrQ,books & stationery,"Nageen Prakashan, founded in 1966, is a leading name in educational Books. Our study materials include textbooks, handbooks, and question banks for ICSE, ISC, CBSE and UP Boards.",https://nageenprakashan.in/cdn/shop/files/LOGO_Nageen_Prakashan_Nootan.png?v=1718740559,Uttar Pradesh,Meerut,d5797e-e6.myshopify.com,INR,Shopify business address in India; prices in INR; .in domain; +91 phone number,Shopify business address,tranco
namyaa.in,Namyaa Skincare,info@namyaa.in,+919990507902,https://instagram.com/namyaaofficial,https://facebook.com/namyaaindia,,,,skincare,"Namyaa Skincare is India’s leading brand and delivering intimate care products worldwide, Visit our website to check our complete range of intimate products.",https://namyaa.in/cdn/shop/files/logo-black_1_1.png?v=1756895929,Delhi,New Delhi,namyaa.myshopify.com,INR,Shopify business address in India; prices in INR; .in domain; +91 phone number,Shopify business address,tranco
nanaki.co.in,NANAKI,support@nanaki.co.in,+919136712798,https://instagram.com/nanaki_shop,,,,,"ethnic wear, apparel","Discover NANAKI, founded by mother–daughter duo Rita & Vidhi Pandya. Explore artisanal block prints, ethnic casual wear, and timeless Indian textiles crafted with love and tradition.",https://nanaki.co.in/cdn/shop/files/NANAKI_posts_280_x_80_px_300_x_105_px_4b94a152-f5a1-4bf1-9a13-48e1d0ba4023.png?v=1761117752,Maharashtra,Mumbai,nana-ki-store.myshopify.com,INR,Shopify business address in India; prices in INR; .in domain; +91 phone number,Shopify business address,tranco
nankatrathu.in,NANKATRATHU,nankatrathu@gmail.com,+919600725595; +918122475454,,,,,https://youtube.com/redirect,"home & kitchen, food & beverages","Nankatrathu, founded in 2020 by Vigneshwari, brings authentic Indian flavors to your kitchen with high-quality masala powders, rooted in tradition and crafted with care.",https://nankatrathu.in/cdn/shop/files/New_Project.png?v=1780727039,Tamil Nadu,Coimbatore,dfdeb2-9d.myshopify.com,INR,Shopify business address in India; prices in INR; .in domain; +91 phone number,Shopify business address,tranco
www.napstory.in,NapStory,support@napstory.in; admin@napstory.in,+917003682445; +918049368360,https://instagram.com/napstory.in,,,,,apparel,"Discover Our Trendy Collection Of cotton Nightwear and Loungewear at NapStory. Explore Fashionable Nightdresses, Comfortable Loungewear, and Sexy Nightwear Options. Add a Touch Of Style with Comfort and Elevate Your Nightwear Wardrobe. Shop Now For The Perfect Blend Of Comfort and Fashion!",https://www.napstory.in/cdn/shop/files/Logo_PNG.png?v=1766479933,West Bengal,BARASAT,napstory-5031.myshopify.com,INR,Shopify business address in India; prices in INR; .in domain; +91 phone number,Shopify business address,tranco
www.nariyal.co.in,Nari'yal Cosmetics,cc@nariyal.co.in,+918956985927,https://instagram.com/nariyalcosmetics,https://facebook.com/nariyalcosmetics,https://x.com/nariyal_india,https://linkedin.com/company/100767900,https://youtube.com/@nariyalcosmetics,"skincare, makeup","Discover Nari'yal Cosmetics India: skincare, body care, and wellness products made with pure coconut oil. Shop natural, hydrating solutions today!",https://www.nariyal.co.in/cdn/shop/files/logo_Banner_1.png?v=1786101660,Maharashtra,Pune,nariyal-cosmetics.myshopify.com,INR,Shopify business address in India; prices in INR; .in domain; +91 phone number,Shopify business address,tranco
www.naseemperfume.in,Naseem Perfume -India,enquiry@naseemperfume.in; customercare@naseemperfume.in,+917738353672,https://instagram.com/naseemperfume,https://facebook.com/naseemperfume,,,https://youtube.com/channel/UCeu4wXv6pEKannMKLI4VGRA,fragrances,Looking for non-alcoholic perfume brands? Explore Naseem Perfume's collection of non-alcoholic perfumes and choose from a wide range of unique fragrances.,https://www.naseemperfume.in/cdn/shop/files/naseem-logo-22_c5ec0859-037f-4077-8017-e43df23d55cb.png?v=1770875706,Maharashtra,Mumbai,28e429-4.myshopify.com,INR,Shopify business address in India; prices in INR; .in domain; Indian postal address on site; +91 phone number,Shopify business address,tranco
naturali.co.in,Naturali,feedback@naturali.co.in,1800-420-5525,https://instagram.com/naturali.in,https://facebook.com/Naturali.IN,,https://linkedin.com/company/rpsggroup,https://youtube.com/@naturaliselfcare,haircare,"8,50,000+ happy customers. Clinically proven shampoos. Rosemary, Onion, Climbazole Shampoos. No sulphates. No parabens. Free shipping above ₹299.",https://naturali.co.in/cdn/shop/files/naturali_logo_purple_1_1.svg?v=1747380319,West Bengal,Kolkata,naturali-care.myshopify.com,INR,Shopify business address in India; prices in INR; .in domain,Shopify business address,tranco
naturaltein.in,naturaltein,info@naturaltein.in,+918071423789,https://instagram.com/naturaltein_india,https://facebook.com/naturalteinindia,,,https://youtube.com/channel/UCtTbjMyfJO2mZOZvPIiARug,health & nutrition,"NATURALTEIN brings you whey proteins which are tested, certified, original & made with 100% natural ingredients. Shop the most trusted protein today.",https://naturaltein.in/cdn/shop/files/Naturaltein_-_H_Logo.svg?v=1743061014,Chandigarh,CHANDIGARH,naturaltein.myshopify.com,INR,Shopify business address in India; prices in INR; .in domain; Indian postal address on site; +91 phone number,Shopify business address,tranco
naturesmiracle.in,Natures Miracle,feedback@naturesmiracle.in; ekta.marwaha@naturesmiracle.in; suhail.saleem@naturesmiracle.in; anjali.jain@baba.in,1800-121-1929; +919910229392; +919958310127; +919899424234,https://instagram.com/Mynaturesmiracle,https://facebook.com/mynaturesmiracle,,,https://youtube.com/channel/UCF169_lpfIxVTUKJlkKpvZQ,"food & beverages, kids & baby","We are Nature’s Miracle, India’s first and foremost fully Hydroponic Glass Greenhouse, located in Greater Noida. Since our inception in 2016*, we have been committed to producing fruits and vegetables which match the highest standards of quality that’s prevalent in the international market. Our hydroponic vegetables are grown in a pollution free and sustainable environment. This vision inspired us to travel, research and train our team intensively with the world’s leading authority in hydroponic",https://naturesmiracle.in/cdn/shop/files/Nature_s_Miracle.jpg?v=1746613650,Uttar Pradesh,Greater Noida,mbtei8-yz.myshopify.com,INR,Shopify business address in India; prices in INR; .in domain; +91 phone number,Shopify business address,tranco
navvi.in,Navvi.in,info@navvi.in,+917003703488; +919831548840,https://instagram.com/navvi.in,https://facebook.com/navvi,https://twitter.com/in_navvi,,https://youtube.com/@navvi297,women's apparel,"Shop elegant women's dresses at Navvi. Discover the latest Indian wear dresses in modern styles, perfect for every occasion. Feel confident & stylish!",https://navvi.in/cdn/shop/t/47/assets/logo.png?v=13931,West Bengal,Kolkata,navvi-lifestyle.myshopify.com,INR,Shopify business address in India; prices in INR; .in domain; Indian postal address on site; +91 phone number,Shopify business address,tranco
www.neodrift.in,NEODRIFT,support@neodrift.in; admin@neodrift.in,+7678338373,https://instagram.com/neodrift.in,https://facebook.com/profile.php?id=100084835425746,,,https://youtube.com/@neodriftautomotiveaccessories,automotive,"Shop premium car & bike accessories at Neodrift. Discover custom covers, mats, sunshades & more. Quality gear for every ride.",https://www.neodrift.in/cdn/shop/files/neodrift_logo.png?v=1643285206,Delhi,Delhi,neodrift-india.myshopify.com,INR,Shopify business address in India; prices in INR; .in domain,Shopify business address,tranco
neown.in,Neown,contact@neown.in,+919137081640; +919324455972; +916483860525,https://instagram.com/neown.in,,https://twitter.com/home,https://linkedin.com/company/neown,https://youtube.com/@neOwn.,toys & games,"We're a kids book & toy library (0-14 years) with 75,000+ books & 1,500+ premium toys. You can select books & toys on the neOwn app & get home delivery + pick up! Rent, Read, Play, Return! Built for the child's success and the parents' convenience - all in one sustainable & affordable package.",https://neown.in/cdn/shop/files/neOwn_website_logo_4f4f6dc2-8b02-4ac7-bfda-842abc1992f8.png?v=1745232656,Maharashtra,Mumbai,5af5d7.myshopify.com,INR,Shopify business address in India; prices in INR; .in domain; Indian postal address on site; +91 phone number,Shopify business address,tranco
nestasia.in,Nestasia,info@nestasia.in,+919903504754,,,,,,"home decor, home & kitchen","Discover exquisite home decor, accessories, dining & kitchen essentials online at Nestasia. Transform your spaces into captivating havens of beauty & functionality.",https://nestasia.in/cdn/shop/files/The_logo_5_-08.svg?v=1766686018,West Bengal,Kolkata,nestasia.myshopify.com,INR,Shopify business address in India; prices in INR; .in domain; Indian postal address on site; +91 phone number,Shopify business address,tranco
neverowned.in,NeverOwned India,info@neverowned.in,+919911163300,https://instagram.com/neverowned.in,https://facebook.com/profile.php?id=100086532015234,,https://linkedin.com/company/neverowned-in,https://youtube.com/@neverownedindia,"electronics & gadgets, home & kitchen","NeverOwned India is the most loved & organised open-box electronics & lifestyle goods platform, with 10+ physical stores across 5 states. We offer verified, high-quality products at unbeatable prices. Shop smart and save more on top brands with trust & convenience. Visit our stores or shop online today!",https://neverowned.in/cdn/shop/files/logo.png?v=1662096604,Delhi,New Delhi,neverowned.myshopify.com,INR,Shopify business address in India; prices in INR; .in domain; GSTIN on site; Indian postal address on site; +91 phone number,Shopify business address,tranco
neweracap.in,New Era Cap India,customercare@neweracap.in,+917977776018,https://instagram.com/neweraindia,,https://twitter.com/NewEraCap,,https://youtube.com/@newera,sports & fitness,"Discover the latest New Era Caps in India! Shop baseball caps, snapbacks & more from the official Indian website of New Era Cap. Order now!",https://neweracap.in/cdn/shop/files/NE_Favicon_new.png?v=1768811006,Maharashtra,Mumbai,newera-india.myshopify.com,INR,Shopify business address in India; prices in INR; .in domain; +91 phone number,Shopify business address,tranco
newsarca.in,Newsarca,t@newsarca.com,+917984158999,,,,,,"sports & fitness, ethnic wear","We‘re Passionate About Making Quality Products And Give Our Best To Give Our Customers a Satisfactory Experience, While They Are Shopping With Us. Every Day We Improve The Quality Of Our Services And Products We Make For Our Beloved Customers We Have Developed an Individual Approach For Each Customer Depending On Their Choices And Needs We Offer The Best Value For Money With Regards To Availability, Delivery Time, Fitness For Purpose, Payment Terms, Quality, And Service.",https://newsarca.in/cdn/shop/files/new.png?v=1734782388,Gujarat,Surat,43ccc5-3.myshopify.com,INR,Shopify business address in India; prices in INR; .in domain; +91 phone number,Shopify business address,tranco
nextleveldecor.in,Next Level Decor Chennai,chennai.nextlevel@gmail.com,+917200853754; +919962329650,https://instagram.com/nextlevelchennai,https://facebook.com/nextlevelchennai,,,,home decor,"Shop premium laminates, veneers, louvers & plywood at Next Level Decor. 1 Lakh+ designs across 50+ brands. Visit our Choolai and OMR stores. Free samples available.",https://nextleveldecor.in/cdn/shop/files/ChatGPT_Image_May_7_2025_02_30_51_PM_1.png?v=1746642817,Tamil Nadu,Chennai,0pyqu1-jq.myshopify.com,INR,Shopify business address in India; prices in INR; .in domain; Indian postal address on site; +91 phone number,Shopify business address,tranco
nhone.in,NH ONE,info@nhone.in; support@nhone.in,+919996775500,https://instagram.com/nh_one_official,https://facebook.com/profile.php?id=61573301548156,,,https://youtube.com/@nhone-excellence,"automotive, electronics & gadgets","Elevate your drive with NHONE, India's premium store for automotive upgrades. Shop custom frames, lights & mats. Get 5-10% off prepaid orders + No Cost EMI !",https://nhone.in/cdn/shop/files/NH_ONE_page-0001.jpg?v=1741889898,Delhi,Delhi,w07tj1-h0.myshopify.com,INR,Shopify business address in India; prices in INR; .in domain; Indian postal address on site; +91 phone number,Shopify business address,tranco
nighteye.in,NightEye.in,support@nighteye.in,+918889903995,,,,,,automotive,"Buy Genuine and Original NightEye at NightEye.IN. NightEye is a company working on design and sales of the best automotive LED lighting, LED Headlight Conversion Kit, Fog Lamp, LED Work Lights, Light bar.",https://nighteye.in/cdn/shop/files/1920x1080Artboard_1NightEye.IN.webp?v=1709815193,Chhattisgarh,Bhilai,5fa91b-cf.myshopify.com,INR,Shopify business address in India; prices in INR; .in domain; Indian postal address on site; +91 phone number,Shopify business address,tranco
niharikafashion.in,Niharika Fashion,niharikafashion02@gmail.com,+917359411808,https://instagram.com/niharikafashion.in,https://facebook.com/profile.php?id=100091293040102,,,,"ethnic wear, women's apparel","Niharikafashion.in was established in 2023 as an exclusive store selling authentic and high-quality dress material for women. With our growing popularity and positive response from the customers, we started a new line of gorgeous kurtis in 2023. We have carved a unique niche for ourselves as the sellers of the highest quality dress materials and kurtis in India. Our products are being sold throughout the length and breadth of the nation and we take great pride in introducing new designs and coll",https://niharikafashion.in/cdn/shop/files/LOGO-NIHARIKAFASHION.png?v=1679779451,Gujarat,Surat,niharikafashion02.myshopify.com,INR,Shopify business address in India; prices in INR; .in domain; Indian postal address on site; +91 phone number,Shopify business address,tranco
nintarababy.in,Nintara Baby India,hello@nintarababy.in,+8422873121; +918422873121; 1800-123-222,https://instagram.com/nintarababyindia,https://facebook.com/profile.php?id=61561442655559,,,https://youtube.com/@nintarababyindia,kids & baby,"Shop for the best baby care products online in India from Nintara Baby. Get a wide range of 100% organic baby essentials for your newborn, infant or toddler. Buy Now!",https://nintarababy.in/cdn/shop/files/Logo_Desktop.svg,Maharashtra,Mumbai,d0582b-35.myshopify.com,INR,Shopify business address in India; prices in INR; .in domain; Indian postal address on site; +91 phone number,Shopify business address,tranco
www.nitori.co.in,NITORI INDIA,eccs@nitori.co.in,+919004044369,https://instagram.com/nitoriindia,https://facebook.com/nitoriindia,,,https://youtube.com/@NitoriIndiaOfficial,"home & kitchen, home decor","Shop NITORI for well-designed furniture & home decor in The India at affordable prices. We offer a range of sofa, bed, dining chair, dining table, kitchen cabinets mattresses, wardrobes, tableware and more. Visit us now!",https://www.nitori.co.in/cdn/shop/files/NITORI_LOGO_EC.png?v=1724057344,Maharashtra,Mumbai,45c3c5-0f.myshopify.com,INR,Shopify business address in India; prices in INR; .in domain; GSTIN on site; Indian postal address on site; +91 phone number,Shopify business address,tranco
nivaaya.in,Nivaaya,support@nivaaya.in,+919660833333,,,,,,health & nutrition,"We are dedicated to providing high-quality products at unbeatable prices. As a DS store ,we source a wide range of products, including fashion, health & wellness, home essentials, and lifestyle accessories, to cater to your everyday needs.",,Rajasthan,Beawar,dbprbf-wz.myshopify.com,INR,Shopify business address in India; prices in INR; .in domain; +91 phone number,Shopify business address,tranco
www.nmpc.in,NMPC INDIA,support@nmpc.in; mauryaperipherals@nmpc.in,+919769028094,https://instagram.com/nmpcindia,https://facebook.com/profile.php?id=61578067133862,https://x.com/nmpcindia,https://linkedin.com/company/nmpc-india,https://youtube.com/@nmpcindia,electronics & gadgets,"Shop premium mechanical keyboards and gaming mouse online at NMPC INDIA. Discover top-quality gaming gear, fast delivery, and trusted service.",https://www.nmpc.in/cdn/shop/files/Nmpc-India-Logo.png?v=1756822744,Maharashtra,Mumbai,gjwa0u-xu.myshopify.com,INR,Shopify business address in India; prices in INR; .in domain; +91 phone number,Shopify business address,tranco
noorchikankari.in,Noor Chikankari ,noorchikankari@gmail.com,+919664660021,https://instagram.com/noorchikankari,https://facebook.com/noorchikankari.in,,,,ethnic wear,"Feel comfortable, look stunning and be the best version of you! Shop Noor Chikankari for must-haves including Chikankari Dresses, Kurtas, Pants, Kurta & Pant sets, Chikankari Tops and more. Free shipping throughout India!",https://noorchikankari.in/cdn/shop/t/11/assets/logo.png?v=4901,Maharashtra,"Amane, Bhiwandi",noor-chikankari.myshopify.com,INR,Shopify business address in India; prices in INR; .in domain; +91 phone number,Shopify business address,tranco
nutrabox.in,Nutrabox India,admin@nutrabox.in,+916359000876; +919824000768,https://instagram.com/nutraboxindia,https://facebook.com/NutraboxIndia,,,https://youtube.com/channel/UCgCgc6ojxCrLdMwJk2ONiFA,health & nutrition,"Shop whey protein, creatine, vitamins & sports supplements online in India. Trusted for authentic nutrition, purity, performance and fast delivery.",https://nutrabox.in/cdn/shop/files/Nutrabox_emblem-01.jpg?v=1654155108,Gujarat,Ahmedabad,nutrabox-india.myshopify.com,INR,Shopify business address in India; prices in INR; .in domain; Indian postal address on site; +91 phone number,Shopify business address,tranco
nutristar.in,Nutristar,support@nutristar.in,+919899179320; +9899179320; +911141236777,https://instagram.com/nutristar,https://facebook.com/nutristarindia,,https://linkedin.com/company/nutristar,https://youtube.com/channel/UCFLy5WFkFsBiNc8uL8WVAqQ,health & nutrition,"Shop health supplements online at Nutristar.in, your reliable health supplement store online. Explore a wide range of premium vitamins, minerals, and nutritional products to support your health and wellness goals.",https://nutristar.in/cdn/shop/files/NUTRISTAR_APP_LOGO-01.svg?v=1789126001,Delhi,Delhi,7e2377-6b.myshopify.com,INR,Shopify business address in India; prices in INR; .in domain; +91 phone number,Shopify business address,tranco
nuuk.in,Nuuk,care@nuuk.in,+9821551009; +919821551009,https://instagram.com/mynuuk,,,https://linkedin.com/company/nuuklife,https://youtube.com/@mynuuk,home & kitchen,"Award-winning, design-first, high performance products built for New India. Loved by Karan Johar and 500K+ homes",https://nuuk.in/cdn/shop/files/nuuk_logo_2.png?v=1751643177,Haryana,Gurgaon,98b11b-3.myshopify.com,INR,Shopify business address in India; prices in INR; .in domain; Indian postal address on site; +91 phone number,Shopify business address,tranco
nuvanis.in,nuvanis.in,support@nuvanis.in,+916354906090,,,,,,apparel,"Ending your forever confusion of what to wear with NUVANIS (Managed By SIDDHESHWAR FASHION) From casual to formal wear - we provide stylish yet comfortable wear for all our customers. From round the clock to a 9 to 5, A one stop shop with a little something for everyone.",https://nuvanis.in/cdn/shop/files/NUVINAS_png.png?v=1657106367,Gujarat,surat,nuvaniss.myshopify.com,INR,Shopify business address in India; prices in INR; .in domain; Indian postal address on site; +91 phone number,Shopify business address,tranco
nvagencies.co.in,NV Agencies,customer.care@nvagencies.co.in,+917483436715,https://instagram.com/nvagencies,https://facebook.com/nv.agencies,,,,automotive,"Shop 6000+ OE-fit bike & scooter spares—brake pads, silencers & more. 24-hr dispatch across India, 7-day easy exchange. Ride assured with NV Genuine Parts.",https://nvagencies.co.in/cdn/shop/files/NV_LOGO-removebg-preview.png?v=1691583775,Karnataka,Bengaluru,47a2d6.myshopify.com,INR,Shopify business address in India; prices in INR; .in domain; +91 phone number,Shopify business address,tranco
nveda.in,Nveda,info@nveda.in,+918071175544; +919606896145; +918071189145,https://instagram.com/nveda.shop,https://facebook.com/nveda.shop,https://twitter.com/HealthNveda,https://linkedin.com/company/nveda,https://youtube.com/@nveda,health & nutrition,"Ayurvedic & nutritional supplements for joint health, PCOD, sugar management & energy. 100K+ ratings. Free doctor consultation. Free shipping on prepaid.",https://nveda.in/cdn/shop/files/nveda_logo.png?v=1709719037,Karnataka,Bengaluru,nveda-main.myshopify.com,INR,Shopify business address in India; prices in INR; .in domain; Indian postal address on site; +91 phone number,Shopify business address,tranco
www.obeetee.in,Obeetee Pvt. Ltd.,delhi@obeetee.com; mumbai@obeetee.com; ahmedabad@obeetee.com; hyderabad@obeetee.com; bangalore@obeetee.com; kolkata@obeetee.com,+919559140222; +919810454343; +919654352011; +917990922209; +919665023264; +919845597111,https://instagram.com/obeetee,https://facebook.com/obeeteeny,https://x.com/obeeteecarpets,https://linkedin.com/company/obeetee-carpets,https://youtube.com/@obeeteecarpetsandhome,home decor,"From handmade rugs to elegant bedding and furniture, Obeetee brings handcrafted luxury and comfort to your living space. Explore India’s finest home brand.",https://www.obeetee.in/cdn/shop/files/black_4x_30c2e895-032e-4b4d-a58d-e9b6e1e59dc2.png?v=1762013139,Uttar Pradesh,Mirzapur,obeetee-india.myshopify.com,INR,Shopify business address in India; prices in INR; .in domain; Indian postal address on site; +91 phone number,Shopify business address,tranco
octave.co.in,OCTAVE,feedback@octaveapparels.com,+919888512035,https://instagram.com/octaveapparels,https://facebook.com/octave.co.in,,,,apparel,"Discover premium clothing, accessories, fashion and lifestyle essentials at Octave Mettle. Crafted for comfort, quality, and timeless style. Shop the latest collections online across India.",https://octave.co.in/cdn/shop/files/New_Octave_Mettle_-_PNG.png?v=1781605443,Punjab,Ludhiana,octavenew.myshopify.com,INR,Shopify business address in India; prices in INR; .in domain; +91 phone number,Shopify business address,tranco
odyssia.in,Odyssia,care@odyssiagroup.com,+919778857167,https://instagram.com/odyssia_official,https://facebook.com/odyssiagroup,https://x.com/odyssiagroup,https://linkedin.com/company/odyssia-official,https://youtube.com/@odyssiaofficial7819,footwear,"""The minimalist design of TUFF sandals adds a touch of elegance to my look."" Free Shipping on Orders Above ₹500. Fast Shipping. Secure Payment.",https://odyssia.in/cdn/shop/files/logo-odyssia_1_e39a8100-530a-42db-88ce-68353bb12808.png?v=1740201842,Kerala,Kozhikode,odyssiastore.myshopify.com,INR,Shopify business address in India; prices in INR; .in domain; +91 phone number,Shopify business address,tranco
offcomfrt.in,offcomfrt,,+919992722210,https://instagram.com/offcomfrt,,,,,apparel,,https://offcomfrt.in/cdn/shop/files/logo_offc.png?v=1746359176,Haryana,Narnaul,j0yyii-uf.myshopify.com,INR,Shopify business address in India; prices in INR; .in domain; GSTIN on site; +91 phone number,Shopify business address,tranco
offduty.in,Offduty India,help@offduty.in,+917208971840; +919870353128; +918976921799,https://instagram.com/offduty.india,https://facebook.com/offduty.in,,,https://youtube.com/channel/UCyi9bK4QXU8qEglr7iD2Vtw,women's apparel,Premium Quality High Waisted Jeans in India. Specially crafted for women of all shapes and sizes. Best skin-fit pieces of denim for women. High-Quality Imported Fabric. Be ahead of the trend with OffDuty denim. Shop now!,https://offduty.in/cdn/shop/files/OFD-nw-logo-yellow-2.png?v=1771486338,Maharashtra,Mumbai,offdutystore.myshopify.com,INR,Shopify business address in India; prices in INR; .in domain; Indian postal address on site; +91 phone number,Shopify business address,tranco
offlimits.co.in,OFFLIMITS,support@offlimits.co.in,+919599297556,https://instagram.com/offlimits_tribe,https://facebook.com/profile.php?id=61580311965970,https://twitter.com/OfflimitsT,,https://youtube.com/@OFF_LIMITS_Tribe,footwear,"Shop Sports Shoes, Sneakers, Gym Footwear, and Athleisure Apparel for men & women. Discover stylish, performance-driven collections at Off Limits.",https://offlimits.co.in/cdn/shop/files/logo-red.png?v=1634801955,Haryana,Haryana,offlimits-gh.myshopify.com,INR,Shopify business address in India; prices in INR; .in domain; Indian postal address on site; +91 phone number,Shopify business address,tranco
www.ogbeauty.in,OG BEAUTY,hi@ogbeauty.in,+919512304672,https://instagram.com/ogluxuryofficial,https://facebook.com/ogluxuryofficial,,,,"health & nutrition, skincare",From iconic perfumes to effective skincare and wellness boosters—OG Luxury offers everything you need to feel and look your best.,https://www.ogbeauty.in/cdn/shop/files/OG_Luxury_White_BG_2.jpg?v=1757579538,Gujarat,Ahmedabad,renee-og-beauty.myshopify.com,INR,Shopify business address in India; prices in INR; .in domain; +91 phone number,Shopify business address,tranco
ohwomaniyaa.in,Ohwomaniyaa.in,msknvaswani1310@gmail.com,+919274902374; +916353146994,https://instagram.com/ohwomaniyaa.in,https://facebook.com/profile.php?id=61569787706430,,,,bags & accessories,Here you will find one of the best boho bag collection . You’re just a few steps away to get your Dream Boho bag !,https://ohwomaniyaa.in/cdn/shop/files/11111.1.png?v=1761987617,Gujarat,Ahmedabad,81dbf8.myshopify.com,INR,Shopify business address in India; prices in INR; .in domain; Indian postal address on site; +91 phone number,Shopify business address,tranco
oldschoolrituals.in,Old School Ritual,care@oldschoolrituals.in,+919951402666,https://instagram.com/oldschoolrituals,https://facebook.com/oldschoolrituals,https://twitter.com/Oldschrituals,,https://youtube.com/@Oldschoolrituals,skincare,Buy natural beauty care products online from Old School Rituals. Explore a wide range of best skin care products online that made with natural goodness.,https://oldschoolrituals.in/cdn/shop/files/logo-w-bg.svg?v=1702038071,Telangana,Nanakramguda,old-school-ritual.myshopify.com,INR,Shopify business address in India; prices in INR; .in domain; Indian postal address on site; +91 phone number,Shopify business address,tranco
oliveplanet.in,Olive Planet,customerservice@oliveplanet.in,+917338188233,https://instagram.com/olive_planet,https://facebook.com/OlivePlanet,https://twitter.com/oliveplanet,,https://youtube.com/channel/UCZjGxAzDOzwwdHvvapp3Tzg,"apparel, bags & accessories","Shop military uniforms, caps, t-shirts, patches, tactical gear & more at Olive Planet—India’s trusted online army store. Perfect for armed forces & enthusiasts. Fast delivery with COD available nationwide.",https://oliveplanet.in/cdn/shop/files/OP_Mini_Logo.png?v=1641296614,Karnataka,Bangalore,oliveplanet.myshopify.com,INR,Shopify business address in India; prices in INR; .in domain; Indian postal address on site; +91 phone number,Shopify business address,tranco
onesciencenutrition.in,onesciencenutrition,help@onesciencenutrition.in,+918799768366,https://instagram.com/one.science.nutrition.in,https://facebook.com/people/One-Science-Nutrition-India/100091660779663,https://x.com/osn_in,,,health & nutrition,"Shop premium whey protein, pre-workout & BCAA supplements for muscle gain, weight loss & strength. Fast Pan-India delivery in 2-3 days. Free shaker & gifts!",https://onesciencenutrition.in/cdn/shop/files/logo_2.png?v=1787253115,Delhi,New Delhi,uguf0k-86.myshopify.com,INR,Shopify business address in India; prices in INR; .in domain; Indian postal address on site; +91 phone number,Shopify business address,tranco
www.onlinemantra.in,OnlineMantra.in,onlinemantra@ateeagn.com,+917021448032,https://instagram.com/onlinemantraindia,https://facebook.com/onlinemantraretail,https://twitter.com/onlinemantrain,https://linkedin.com/company/onlinemantra,https://youtube.com/@onlinemantraindia,books & stationery,"Discover OnlineMantra.in – India’s largest online store for premium writing instruments and luxury gifts. Explore curated collections of fountain pens, rollerballs, inks, and calligraphy accessories. 100% genuine products, exclusive brands, and a seamless shopping experience await.",https://www.onlinemantra.in/cdn/shop/files/Om_Logo_New_long_8afd79e7-16e9-4804-aee5-6da8c9d8bc1c.png?v=1783426420,Maharashtra,MUMBAI,onlinemantrastore.myshopify.com,INR,Shopify business address in India; prices in INR; .in domain; +91 phone number,Shopify business address,tranco
www.only.in,Only-India,help@only.in,1800-266-0004,https://instagram.com/onlyindia,https://facebook.com/ONLYIndia,https://x.com/OnlyIndia,,https://youtube.com/@OnlyIndiaOfficial,women's apparel,"Explore stylish western wear with ONLY India. From jeans and dresses to stylish tops and skirts, we offer a huge online shopping fashion collection for women.",https://www.only.in/cdn/shop/files/only_logo.webp,Maharashtra,Mumbai,only-ind.myshopify.com,INR,Shopify business address in India; prices in INR; .in domain,Shopify business address,tranco
onlyscrews.in,OnlyScrews,support@onlyscrews.in; sales@onlyscrews.in,+918867622930; +919363234443; +918220974081,https://instagram.com/onlyscrews,https://facebook.com/profile.php?id=61559055090214,,,,"food & beverages, tools & hardware","We offer the largest collection of screws, nuts, bolts and washers with two day delivery anywhere in India. We have Allen, Phillips and Slotted screws in different heads like pan head, socket head, countersunk, button head, cheese head and many more. We cater to hardware startups, DIY enthusiasts and college students",https://onlyscrews.in/cdn/shop/files/OnlyScrews.png?v=1714046323,Tamil Nadu,Maraimalai Nagar,85bb67-8a.myshopify.com,INR,Shopify business address in India; prices in INR; .in domain; Indian postal address on site; +91 phone number,Shopify business address,tranco
onyc.in,ONYC,care@onyc.in,+918273376777,https://instagram.com/onyc.in,https://facebook.com/people/ONYC/61552598875161,,,https://youtube.com/@onyckidsfootwear,footwear,"India's No.1 Kids Footwear Brand with affordable, comfortable, and stylish footwear for your children. Explore the latest in kids fashion. Don't just take our word for it, discover the ONYC difference for yourself. Shop Now.",https://onyc.in/cdn/shop/files/Asset_3_2x_80a7549e-1938-4bfd-8e2c-aa19d2f8a848.png?v=1697722027,Haryana,Gurugram,hoppersgoonline.myshopify.com,INR,Shopify business address in India; prices in INR; .in domain; Indian postal address on site; +91 phone number,Shopify business address,tranco
www.optimumnutrition.co.in,Optimum Nutrition India,indiacustomercare@glanbia.com,+911149594959; +919201996414,https://instagram.com/optimumnutri_in,https://facebook.com/OptimumNutritionIN,https://twitter.com/optimumnutri_in,https://linkedin.com/company/glanbiaperformancenutrition,https://youtube.com/channel/UC-DOBqjjDVXvcMBBYeXCVyQ,health & nutrition,"Fuel your fitness journey with the world’s best selling whey protein. Browse our selection of Gold Standard Whey, Amino Energy, and high-performance sports supplements.",https://cdn.staticans.com/image/catalog/optimum/logo/396-2023_02_23-optimum_nutrition_logo.png,Maharashtra,MUMBAI,optimumnutritionin.myshopify.com,INR,Shopify business address in India; prices in INR; .in domain; Indian postal address on site; +91 phone number,Shopify business address,tranco
oracura.in,Oracura,support@oracura.in,+919152880236; +917738733700,https://instagram.com/oracura.in,https://facebook.com/ORACURAsolutions,https://x.com/ORACURA,https://linkedin.com/company/oracura,https://youtube.com/c/ORACURASolutions,kids & baby,Oracura is a leading developer and marketer of innovative dental healthcare products such as electric toothbrushes and cordless water jet flosser in India.,,Maharashtra,Navi Mumbai,oracura.myshopify.com,INR,Shopify business address in India; prices in INR; .in domain; Indian postal address on site; +91 phone number,Shopify business address,tranco
www.orangesugar.in,orangesugar,help@orangesugar.in,+917300006313,https://instagram.com/orangesugar.in,https://facebook.com/theorangesugar,,https://linkedin.com/company/82538921,,apparel,"Wrap your little ones in unparalleled comfort with our 100% breathable cotton baby and kids wear. Our collection, designed for newborns to 10-year-olds, combines modern design with timeless warmth. Explore our durable, hypoallergenic, & affordable essentials crafted with long-lasting Azo-free dyes.",https://www.orangesugar.in/cdn/shop/files/OS_logo_1.png?v=1743231973,Tamil Nadu,Tiruppur,orangesugar.myshopify.com,INR,Shopify business address in India; prices in INR; .in domain; +91 phone number,Shopify business address,tranco
www.orangetree.in,Orange Tree Home,care@orangetree.in; projects@orangetree.in; franchise@orangetree.in; communications@orangetree.in,+919001190790; +919654885424,https://instagram.com/orangetreehomes,https://facebook.com/OrangeTreeHomes,,https://linkedin.com/company/orangetreehomes,https://youtube.com/@orangetreehome,"furniture, home decor","Orange Tree - Biggest Online Furniture and Lighting Shop in India offering a wide range of Wooden Furniture, Home Decoration Lights & Home Decor Products. Explore 1000s of quality furniture online & home decor lights now!",https://www.orangetree.in/cdn/shop/files/Logo_2_101818e4-8ab7-4429-baaf-7c3fa8831b29.png?v=1755595373,Rajasthan,Jodhpur,orangetreehomes.myshopify.com,INR,Shopify business address in India; prices in INR; .in domain; +91 phone number,Shopify business address,tranco
www.orangevolt.in,Orangevolt,orangevolt.in@gmail.com,,https://instagram.com/orangevolt9,https://facebook.com/orangevolt5,,,,home decor,Get the best quality LED lights from Orangevolt - India's most trusted and leading wholesale supplier of Philips Lighting. Upgrade your lighting with our reliable and energy-efficient products. Trust in our reputation for providing top-notch LED solutions to meet all your lighting needs.,https://www.orangevolt.in/cdn/shop/files/orange-volt-logo.png?v=1741167053,Delhi,Delhi,37f0c8-15.myshopify.com,INR,Shopify business address in India; prices in INR; .in domain,Shopify business address,tranco
orgfarm.store,OrgFarm,support@orgfarm.store,+917200497432,,,,,,food & beverages,"OrgFarm symbolizes genuine Organic food. And Organic Food is synonymous with health and happiness. Organic food isn’t just about better flavor and nutrition, it is reducing the harm to human health and to be in harmony with nature. It is not only about good health but about contributing to a food cycle that cares for people and the environment. OrgFarm's healthy value chain from farmer to you, the consumer, is done by dedicatedly crafting an ecologically safe and secure food system.",https://orgfarm.store/cdn/shop/files/orgfarm-new-logo_d81d003b-8d53-40f7-b97a-9c5ff81d2175.png?v=1722584364,Tamil Nadu,Chennai,51eaa2-2.myshopify.com,INR,Shopify business address in India; prices in INR; +91 phone number,Shopify business address,commoncrawl
originnutrition.in,Origin Nutrition,care@originnutrition.in,+919884130101,https://instagram.com/originprotein,https://facebook.com/originprotein,,,https://youtube.com/@originnutrition3034,health & nutrition,"Experience Best Tasting Vegan Protein Powder (plant-based). Each ingredient in a pack of Origin Nutrition is 100% Natural, No Added Sugar, Dairy & Nut Free, Soy & Gluten Free. Shop online now.",https://originnutrition.in/cdn/shop/files/logo.svg?v=1738402957,Tamil Nadu,Chennai,originnutrition.myshopify.com,INR,Shopify business address in India; prices in INR; .in domain; Indian postal address on site; +91 phone number,Shopify business address,tranco
outcasts.in,OUTCAST,support@outcasts.in,+919667752922; +919217288859,https://instagram.com/outcast_india,https://facebook.com/people/Outcast-clothing/100086060782507,https://twitter.com/Outcastclothin,,,women's apparel,"Discover the latest in women’s fashion at OUTCAST! Shop stylish western dresses, bold tops, club party outfits, winter wear, and everything to stay on trend.",https://outcasts.in/cdn/shop/files/logo_outcast_1.png?v=1735300677,Uttar Pradesh,Uttar pradesh,outca-tt.myshopify.com,INR,Shopify business address in India; prices in INR; .in domain; Indian postal address on site; +91 phone number,Shopify business address,tranco
outdated.in,Outdated,outdated.in@gmail.com,,https://instagram.com/outdatedofficial,,,,,apparel,"Connect with Us: We love connecting with our community of thrifting enthusiasts. Follow us on social media to stay updated on the latest arrivals, exclusive deals, and fashion inspiration. Thank you for choosing us as your preferred thrift shopping destination. Together, let's redefine fashion, one conscious choice at a time. Happy thrifting! @outdatedofficial",https://outdated.in/cdn/shop/files/445804801_394563253575135_347793174444167601_n.png?v=1779353489,Haryana,Panipat,outdatedofficial.myshopify.com,INR,Shopify business address in India; prices in INR; .in domain,Shopify business address,tranco
ovaisabayacollection.in,Ovais Abaya Collection ,help@ovaisabayacollection.in,+918810579542; +919211389866,https://instagram.com/ovais_abaya_collections,https://facebook.com/profile.php?id=100063737725483,,,,apparel,"""We believe modest fashion is more than just clothing — it is a reflection of elegance, confidence, identity, and grace.""",https://ovaisabayacollection.in/cdn/shop/files/ovais_abaya_logo.png?v=1778329588,Delhi,Delhi,ovais-abaya-collection-store.myshopify.com,INR,Shopify business address in India; prices in INR; .in domain; +91 phone number,Shopify business address,tranco
www.ownd.in,OWND!,ownd.support@abfrl.adityabirla.com,1800-833-9688,https://instagram.com/ownd.it,https://facebook.com/ownd.vibe,,,https://youtube.com/@OWND-it,apparel,"Buy trendy clothes online in India at OWND! Find affordable Gen Z fashion. Explore cool, stylish, trendy outfits and accessories for men, women and kids.",https://www.ownd.in/cdn/shop/files/Vector.svg?v=1790241428,Maharashtra,Mumbai,styleup-store-india.myshopify.com,INR,Shopify business address in India; prices in INR; .in domain; Indian postal address on site,Shopify business address,tranco
www.oxfordstationers.in,OXFORD stationers,info@oxfordstationers.in,+15558698371; +919723174685,https://instagram.com/oxford_stationers,https://facebook.com/profile.php?id=100064602975806,,,,books & stationery,"We Understand Your Need | Your One Stop Stationery Destination, A Legacy of Excellence OXFORD stationers offers a curated selection of premium stationery, blending timeless sophistication with modern functionality.",https://www.oxfordstationers.in/cdn/shop/files/OXFORD_Logo_1200_x_400_px.png?v=1710485227,Gujarat,Gandhinagaar,49af2d.myshopify.com,INR,Shopify business address in India; prices in INR; .in domain; +91 phone number,Shopify business address,tranco
oyela.in,Oyela,support@oyela.in,+918766278296,https://instagram.com/oyela.in,https://facebook.com/oyela.in,,,,apparel,Oyela fashion,https://oyela.in/cdn/shop/files/Frame_1261157865_2x_f3488bdd-84c4-4b2a-9fb9-16088818f347.png?v=1712576863,Haryana,Gurugram,84494d-fc.myshopify.com,INR,Shopify business address in India; prices in INR; .in domain; Indian postal address on site; +91 phone number,Shopify business address,tranco
www.oziss.in,OZiSS,oziss.info@gmail.com,+919999175515; +918287262740,,,,,,apparel,"Sustainable fashion at OZiSS, India's premier online store for eco-friendly clothing. Discover climate-positive apparel collection for men and women. Embrace style with a purpose and dress sustainably at OZiSS.",https://www.oziss.in/cdn/shop/files/oziss-bkg.png?v=1615941780,Delhi,East Delhi,oziss.myshopify.com,INR,Shopify business address in India; prices in INR; .in domain; +91 phone number,Shopify business address,tranco
www.oziva.in,OZiva,,+917400492021,https://instagram.com/ozivanutrition,https://facebook.com/OzivaLife,https://twitter.com/ozivanutrition,,https://youtube.com/channel/UCO7-tvmIJbKi87Rl6w-1yAg,health & nutrition,"Buy OZiva's Clean, Plant based Products Online. Only Certified Clean Label brand in India by US CLP. Visit Now. Free Shipping.",https://cdn.shopify.com/s/files/1/2393/2199/files/ham_menu.svg?v=1782308757,Maharashtra,MUMBAI,oziva.myshopify.com,INR,Shopify business address in India; prices in INR; .in domain; Indian postal address on site; +91 phone number,Shopify business address,tranco
pachaiyappas.in,Pachaiyappas silks,support@pachaiyappas.in,+914427220742; +914427223465; +914162225055; +914427225055; +914428155455; +914175229955,https://instagram.com/pachaiyappas_silks,https://facebook.com/PachaiyappasSilks,https://x.com/pachaiyappasilk,,https://youtube.com/@pachaiyappassilks7318,ethnic wear,"Shri M.V.M Pachaiyappa Mudaliar started Pachaiyappas Silks in 1926, with a vision to enrich the people in Kanchipuram with the choicest selection of clothes.Pachaiyappas manufactured unique and exquisite collections with consistent quality, and very soon Pachaiyappas became a household name synonymous with exquisitely designed Kanchipuram Silk Sarees. Under their dynamic guidance, Pachaiyappas Silks sold superior quality weaves at unmatched competitive rates and started enjoying the patronage of",https://pachaiyappas.in/cdn/shop/files/logo.png?v=1746437093,Tamil Nadu,Kanchipuram,pachiyappassilks.myshopify.com,INR,Shopify business address in India; prices in INR; .in domain; +91 phone number,Shopify business address,tranco
paksha.in,Paksha India,care@paksha.com,+919391008804,https://instagram.com/shoppaksha,https://facebook.com/ShopPaksha,,,https://youtube.com/@shoppaksha,jewellery,"Explore pure 925 silver jewellery online – from elegant necklaces and earrings to rings, bracelets & pendants. Indian handcrafted designs. Shop now!",https://paksha.in/cdn/shop/files/logo-earth-color2_8a38e889-38df_p-4724-ba44-5192c83e4e0a_430x_28366605-96f6-4dd7-b59e-12b4968682e6.png?v=1719476401,West Bengal,Hooghly,paksha-in.myshopify.com,INR,Shopify business address in India; prices in INR; .in domain; Indian postal address on site; +91 phone number,Shopify business address,tranco
palay.in,Palay,support@palay.in,+919218021486,https://instagram.com/palayindia,https://facebook.com/palayindia,https://x.com/palayindia,,https://youtube.com/channel/UCBQuTvzKjrATQZkC4kTIHyg,bags & accessories,"Stay ahead of your day with pieces that are ready for anything. Our collection includes fashion accessories, sturdy bags, and rain gear designed for daily life. Track orders easily and count on real support whenever you need assistance.",https://palay.in/cdn/shop/files/palay-06-01.png?v=1720087739,Delhi,New Delhi,15f13d-9e.myshopify.com,INR,Shopify business address in India; prices in INR; .in domain; +91 phone number,Shopify business address,tranco
www.palget.in,Palget,supportpalget@gmail.com; shoplustreandglow@gmail.com,,,,,,,"bags & accessories, automotive",,,Tamil Nadu,Chennai,jpm3u0-jn.myshopify.com,INR,Shopify business address in India; prices in INR; .in domain,Shopify business address,tranco
pandasbox.in,Panda's Box,care@pandasbox.in,+919220722177; +918810402508,https://instagram.com/pandasbox_india,https://facebook.com/pandasbox22,,https://linkedin.com/company/panda-s-box,https://youtube.com/@PandasBox_India,toys & games,"Shop India’s first mantra chanting plush toys, musical books, storytelling & screen free gifts. The Cultural Learning Brand offers safe and non-toxic products which helps parents rooted kids in this fast paced globalized world.",https://pandasbox.in/cdn/shop/files/panda_box_logo.webp?v=1684315596,Uttar Pradesh,Ghaziabad,4cb52d.myshopify.com,INR,Shopify business address in India; prices in INR; .in domain; +91 phone number,Shopify business address,tranco
paradisejewllery.co.in,Paradise Jewllery ,paradisejewllery@gmail.com,+917591993760,,,,,,jewellery,Paradise Jewllery is an online Store having jewllery at wholesale prices,https://paradisejewllery.co.in/cdn/shop/files/IMG-20251215-WA0270_2.jpg?v=1768065678,Kerala,Ernakulam,tsjqid-u1.myshopify.com,INR,Shopify business address in India; prices in INR; .in domain; +91 phone number,Shopify business address,tranco
paragfragrances.in,Parag Fragrances official,paragfragrancesattars@gmail.com,+6264633458; +916264633458,https://instagram.com/parag_fragrances,https://facebook.com/ParagFragrances,,,https://youtube.com/channel/UC23UID5L5YYtbWsxPKCwAbw,fragrances,"Parag Fragrances is your ultimate destination for diverse collection of premium attars, perfumes, dhoop sticks, and home fragrances.",https://paragfragrances.in/cdn/shop/files/Untitled-1_2d7eb34f-a14a-4154-b656-e95061c84cbf.png?v=1730102990,Madhya Pradesh,MANDSAUR,parag-fragrances-official.myshopify.com,INR,Shopify business address in India; prices in INR; .in domain; Indian postal address on site; +91 phone number,Shopify business address,tranco
pashtush.in,Pashtush Shawl Store,wholesale@pashtush.com; care@pashtush.com,+919877792618,https://instagram.com/pashtush,https://facebook.com/pashtush,,,,"apparel, ethnic wear","Shop For Pashmina Shawls for Women. Mens Shawls. Worldwide delivery. Merino Wool-Shawls, Stoles Scarfs, Kashmiri Embroidery Shawls & Mens Lohis. Handmade Shawls & Natural Fibre.",https://pashtush.in/cdn/shop/files/pashtushlogo.png?v=1759213481,Punjab,Amritsar,pashtush-store.myshopify.com,INR,Shopify business address in India; prices in INR; .in domain; GSTIN on site; Indian postal address on site; +91 phone number,Shopify business address,tranco
www.pastmodern.in,Past Modern,,+9958098480; +919958098480,https://instagram.com/pastmodrn,,,,https://youtube.com/@PastModern,women's apparel,"Shop trendy tops, dresses, skirts & couture at Past Modern— India's western wear brand for women. Buy online & get delivery across India fast & easy!!",https://cdn.shopify.com/s/files/1/0569/6195/7997/files/image_21.webp?v=1777609819,Delhi,Delhi,532db7.myshopify.com,INR,Shopify business address in India; prices in INR; .in domain; +91 phone number,Shopify business address,tranco
www.patoys.in,PATOYS,help@patoys.in,,https://instagram.com/patoys.in,https://facebook.com/patoysindia,https://twitter.com/patoys_,https://linkedin.com/company/patoys,https://youtube.com/channel/UCF1EieIcVGAlXZyiLBp6pvw,"toys & games, kids & baby","Delivering Papa's Love since day one. Shop India's best kids ride-on cars, bikes, jeeps & spare parts at PATOYS. 2100+ reviews. Fast delivery across India.",https://www.patoys.in/cdn/shop/files/patoys-logo.png,Uttar Pradesh,Mathura,a597a1.myshopify.com,INR,Shopify business address in India; prices in INR; .in domain; GSTIN on site,Shopify business address,tranco
www.pazhassigarden.in,pazhassigarden,care@pazhassigarden.in,+919562662482,https://instagram.com/gardenpazhassi,https://facebook.com/people/Pazhassi-Garden/100087815298231,,,,plants & gardening,"Buy healthy live plants online from Pazhassi Garden. Explore indoor plants, flowering plants, rare plants, climbers, Anthuriums, Philodendrons, Alocasias and more. Safe packaging and delivery across India.",https://www.pazhassigarden.in/cdn/shop/files/Pazhassi_Garden_logo_4b6a85aa-ca20-4f25-8890-e3c5f0de05d5.png?v=1784788707,Kerala,Kannur,pazhassigarden.myshopify.com,INR,Shopify business address in India; prices in INR; .in domain; Indian postal address on site; +91 phone number,Shopify business address,tranco
peacockshop.in,peacockshop,contact@peacockshop.in,+919500246571,https://instagram.com/peacock_nighties_manufacturer,,,,,,,https://peacockshop.in/cdn/shop/files/Generated-Image-November-04-2025-8_52PM-Edited.png?v=1778817809,Tamil Nadu,Chenai,peacockshop-2.myshopify.com,INR,Shopify business address in India; prices in INR; .in domain; Indian postal address on site; +91 phone number,Shopify business address,tranco
peeperly.in,Peeperly,support@peeperly.in,,https://instagram.com/peeperlyofficial,https://facebook.com/peeperlyindia,,,https://youtube.com/@peeperlyofficial,"mobile accessories, watches","Don't settle for boring old fashioned phone cases! Design is our passion, protection is our guarantee. Shop 100+ designer cases in marble, glitter, and camo to floral and more. Check out our latest phone cases collection.",https://peeperly.in/cdn/shop/files/03_39245787-6c00-474d-bfa5-6ab6b32d5de5.png?v=1643698931,Punjab,Sahibzada Ajit Singh Nagar,pepperly-india.myshopify.com,INR,Shopify business address in India; prices in INR; .in domain; Indian postal address on site,Shopify business address,tranco
peppermint.in,Peppermint,customercare@peppermint.in,+918411002333; +917768022449; +918263873819,https://instagram.com/peppermintkids,https://facebook.com/PeppermintKids,https://twitter.com/peppermint_kids,https://linkedin.com/company/peppermint-kids,,"kids & baby, women's apparel","Shop Online Clothing for baby girls at best prices. Buy dresses for Infants, Toddlers, Kids and Youth at Peppermint. ✯ COD ✯ Fast Delivery ✯ Free Shipping.",https://peppermint.in/cdn/shop/files/Peppermint-Brand.png?v=1627303431,Maharashtra,Pune,peppermintkids.myshopify.com,INR,Shopify business address in India; prices in INR; .in domain; Indian postal address on site; +91 phone number,Shopify business address,tranco
perch.co.in,P E R C H,support@perch.co.in,+918860000169,https://instagram.com/perch.co.in,https://facebook.com/profile.php?id=61559457736488,,,https://youtube.com/channel/UCesGhLLo7GkGnURL6BXj_nQ,apparel,"Explore our excellent selection of customized shirts to discover the timeless elegance and superior craftsmanship of perch Shirt. Each shirt is made from the best materials and exudes comfort and sophistication, making it ideal for any setting.",https://perch.co.in/cdn/shop/files/PMS_Logo.png?v=1768477217,Delhi,Delhi,e05796-6c.myshopify.com,INR,Shopify business address in India; prices in INR; .in domain; Indian postal address on site; +91 phone number,Shopify business address,tranco
www.perfumenetwork.in,Perfume Network India,care@perfumenetwork.in,,https://instagram.com/perfumenetworkindia,,https://twitter.com/perfumenetworki,,https://youtube.com/channel/UC64osG3B8XviRGcgW2x2T6A,fragrances,"Shop 1,600+ original perfumes online in India — Lattafa, Rasasi, Afnan, Armaf, Versace, Davidoff and more. Free delivery on prepaid. Experience Sample Sets, try before you buy.",,Punjab,Mohali,perfume-network-india.myshopify.com,INR,Shopify business address in India; prices in INR; .in domain,Shopify business address,tranco
perfumepalace.in,Perfume Palace,info@perfumepalace.in,+917042556504; +917428703775; +919599330982; +919599330978; +918376976540,,,,,,fragrances,"Discover premium perfumes for men and women at Perfume Palace. Shop top fragrance brands, gift sets, deodorants & more. Free shipping on orders across India.",https://perfumepalace.in/cdn/shop/files/Perfume_Palace_logo_Final.png?v=1666518741,Uttar Pradesh,Ghaziabad,sm-perfume-store.myshopify.com,INR,Shopify business address in India; prices in INR; .in domain; Indian postal address on site; +91 phone number,Shopify business address,tranco
perfumesteal.in,PerfumeSteal.in,admin@perfumesteal.com,+917738672527,,,,,,fragrances,House of Inspired Perfumes and Perfume Oils of Designer and Niche Brands. We boast the largest collection of Clone Perfumes in India with more than 700+ Designer and Niche Perfumes inspired fragrances. We are the best clone house in India for Inspired Perfume. Highest rated in India with 90%+ customer Satisfaction rate,https://perfumesteal.in/cdn/shop/files/PerfumeSteal.png?v=1699353420,Maharashtra,Mumbai,perfumesteals-gmail-com.myshopify.com,INR,Shopify business address in India; prices in INR; .in domain; +91 phone number,Shopify business address,tranco
petsworld.in,Petsworld,support@petsworld.in; admin@petsworld.in,+918744012053; +918744012036; +918744012035; +911204052647,,,,,,pet supplies,"Get premium-quality pet food and accessories for dogs, cats, birds, fish, rabbits, guinea pigs, hamsters, etc. at PetsWorld, India's most sought-after online pet store.",https://petsworld.in/cdn/shop/files/pets_logo.webp?v=1724320621,Uttar Pradesh,Noida ,aa40cd-df.myshopify.com,INR,Shopify business address in India; prices in INR; .in domain; Indian postal address on site; +91 phone number,Shopify business address,tranco
phonevilla.in,Phone Villa,support@phonevilla.in,+919971010098; +919319871166,https://instagram.com/phonevilla.in,https://facebook.com/Phonevilla.in,,,,mobile accessories,"Phonevilla is a born to lead brand for High Quality, Premium & Cute Mobile Covers for more than 500+ Models with Amazing Design & Customisations. We have an excellent to support our customers and have great courier partners to deliver your product earlier than any other website in this segment!",https://phonevilla.in/cdn/shop/files/LOGO.png?v=1698573946,Delhi,South West Delhi,phonevila.myshopify.com,INR,Shopify business address in India; prices in INR; .in domain; Indian postal address on site; +91 phone number,Shopify business address,tranco
pitshirts.in,Pitshirts,customersupport@pitshirts.in,+918049367920,https://instagram.com/pitshirtss,https://facebook.com/profile.php?id=100068257743514,,,https://youtube.com/@reachdigitalmarketing4610,apparel,We Manufacture and Sell Pure Cotton Polo T Shirts with pocket of wide varieties from Plain to Stripes we have nearly 25 colors available from sizes S to 4 XL .,https://pitshirts.in/cdn/shop/files/1000095275.jpg?v=1723959120,Tamil Nadu,Tirupur,pitshirts-774.myshopify.com,INR,Shopify business address in India; prices in INR; .in domain; GSTIN on site; Indian postal address on site; +91 phone number,Shopify business address,tranco
pixies.in,Pixies.in,contact@pixies.in,+919176040360; +919176340360; +918015040360; +918494940360; +919543452444,https://instagram.com/pixiesbeautyshop,https://facebook.com/pixiesbeautyshop,https://x.com/Pixies_Chennai,,https://youtube.com/channel/UCnB-4bUumQJQNqBmYFuXnkA,skincare,"Explore top beauty, hair & skincare brands on Pixies.in. Enjoy seasonal offers, 100% genuine products & speedy delivery across India.",https://pixies.in/cdn/shop/files/Pixies_Logo_854ee792-6c6d-4329-9bfa-89046e3b61a2.png?v=1757268084,Tamil Nadu,Chennai,wkgjxb-zp.myshopify.com,INR,Shopify business address in India; prices in INR; .in domain; +91 phone number,Shopify business address,tranco
www.plantex.in,Plantex E-Commerce Private Limited,cs@plantex.in,+917567567500; +7567567500,https://instagram.com/plantexindia,https://facebook.com/PlantexIndia,,,https://youtube.com/@plantexindia,home & kitchen,"Shop top-quality home improvement, bathroom, and kitchen products online at Plantex. Discover a wide range of durable and stylish essentials to enhance your space. Fast shipping & great prices!",https://www.plantex.in/cdn/shop/files/Group_2.png?v=1774345424,Gujarat,Ahmedabad,wc-plantex-india.myshopify.com,INR,Shopify business address in India; prices in INR; .in domain; Indian postal address on site; +91 phone number,Shopify business address,tranco
pluss.in,pluss.in,pluss@pluss.in,+919818950512,,,,,,apparel,"Plus Size Fashion - Buy plus size tops, kurtis, leggings, track pants, denim jeans, suits, sweat shirt, t-shirt dresses & more. Collection of plus size clothing for men & women. From sizes S to 10XL",https://pluss.in/cdn/shop/files/pluss_black_logo_png.png?v=1756113078,Delhi,New Delhi,pluss-india.myshopify.com,INR,Shopify business address in India; prices in INR; .in domain; +91 phone number,Shopify business address,tranco
pokedex.in,Pokédex,support@pokedex.in,,https://instagram.com/driftingca,,,,https://youtube.com/c/driftingca,,Now you can buy Real Pokémon Cards in INDIA directly from our website without worrying about the Import Duty & authenticity of the products.,https://pokedex.in/cdn/shop/files/shop_logo.png?v=1710159326,Delhi,Delhi,591e17-87.myshopify.com,INR,Shopify business address in India; prices in INR; .in domain; GSTIN on site,Shopify business address,tranco
poketcg.in,PokéTCG,thepoketcgin@gmail.com,+919137576776,https://instagram.com/poketcg_in,https://facebook.com/poketcg.in,https://x.com/thepoketcgin,,https://youtube.com/@Poketcgindia,"collectibles & hobbies, books & stationery","Your ultimate destination for all things Pokémon TCG. Shop the latest booster packs, elite trainer boxes, rare singles, and Japanese imports at poketcg.in. Fast shipping and 100% authentic cards guaranteed!",https://poketcg.in/cdn/shop/files/poketcglogo.webp?v=1759479400,Maharashtra,MUMBAI,9ruyyr-0s.myshopify.com,INR,Shopify business address in India; prices in INR; .in domain; +91 phone number,Shopify business address,tranco
ponds.in,POND'S India,orders@ponds.in; lever.care@unilever.com,+917669390000; 1800-102-2221; 1800-202-4850,https://instagram.com/pondsindia,https://facebook.com/PondsIndia,,,https://youtube.com/user/PondsIndia,skincare,"Shop official POND'S skincare in India: creams, serums, cleansers, lotions & talc for glowing skin. Explore bestsellers and new launches. Shop today online.",https://ponds.in/cdn/shop/files/Pond_s_new_logo.png,Maharashtra,Mumbai,pondsindia.myshopify.com,INR,Shopify business address in India; prices in INR; .in domain; Indian postal address on site; +91 phone number,Shopify business address,tranco
www.posterized.in,Posterized,support@posterized.in,,https://instagram.com/posterized.store,,,,,art & craft supplies,"Elevate your space with personalized artistry. Browse our collection of customized and designer posters, meticulously crafted to reflect your unique style. Transform your walls into captivating canvases that inspire and enchant. Explore our wide range of customized posters and bring your vision to life.",https://www.posterized.in/cdn/shop/files/Comp_3_2dc3ebed-43f5-4713-b4f7-75e1ccd3f2e5.gif?v=1723127093,Tamil Nadu,Tiruppur,85c635.myshopify.com,INR,Shopify business address in India; prices in INR; .in domain,Shopify business address,tranco
www.potsandpans.in,PotsandPans India,care@meyerindia.in,+917838212151; +916364666660; +918639698998,https://instagram.com/potsandpans.in,https://facebook.com/potsandpans.in,https://twitter.com/potsandpansin,,https://youtube.com/channel/UCvM9jT9D1uBWXw6nPJtlSQw,home & kitchen,India's first-ever international culinary cookware store. Pots and Pans India brings a multitude of avant-garde kitchen utensils and tools that will make your culinary experience delightful and exceptional.,https://www.potsandpans.in/cdn/shop/files/Logo-2.0.png?v=1614346601,Haryana,Sonipat,meyerindia.myshopify.com,INR,Shopify business address in India; prices in INR; .in domain; Indian postal address on site; +91 phone number,Shopify business address,tranco
www.powerlook.in,Powerlook,support@powerlook.in,+919696333000; +918828102133,https://instagram.com/powerlookofficial,https://facebook.com/powerlookofficial,,,https://youtube.com/@powerlook6252,men's apparel,"Shop the latest men's fashion online at Powerlook. Discover oversized t-shirts, Linen shirts, Korean pants, denim jeans, polos, and trending styles designed for modern men.",https://www.powerlook.in/cdn/shop/files/pl-logo.png?v=1748948999,Maharashtra,Mumbai,powerlook-apparels.myshopify.com,INR,Shopify business address in India; prices in INR; .in domain; Indian postal address on site; +91 phone number,Shopify business address,tranco
powersports.in,PowerSports,contact@powersports.in,+917669966611,https://instagram.com/powersportsinternational,https://facebook.com/powersportsinternational,,,https://youtube.com/@PowerSportsInternational,automotive,"PowerSports is India’s largest retail chain of motorcycle helmets and riding gear. Buy genuine and certified motorcycle helmets, riding jackets, pants, riding gloves, boots, motorcycle luggage, helmet intercoms & other accessories. We carry the best brands and offer a true one-stop solution for every biker’s needs.",https://powersports.in/cdn/shop/files/2_copy.png?v=1656501726,Tamil Nadu,Chennai,powersports-in.myshopify.com,INR,Shopify business address in India; prices in INR; .in domain; Indian postal address on site; +91 phone number,Shopify business address,tranco
www.prdgy.in,PRDGY,support@prdgy.in,+918910040181,https://instagram.com/prdgy.in,https://facebook.com/prdgy.in,https://twitter.com/prdgyin,,https://youtube.com/@prdgyin,women's apparel,PRDGY® is a Made in India oversized streetwear brand for those prodigy minds. ✓ Free Shipping ✓ Best Offers,https://www.prdgy.in/cdn/shop/files/PRDGY.png?v=1695890071,Chhattisgarh,Raipur,prodigycart.myshopify.com,INR,Shopify business address in India; prices in INR; .in domain; Indian postal address on site; +91 phone number,Shopify business address,tranco
preethiwear.in,The Maternity Store by Preethiwear,support@preethiwear.in,+919056656698; +917418325657,https://instagram.com/preethiwear.maternitystore,,,,,"kids & baby, women's apparel","Hi there! 👋 We’re Preethiwear , a brand built with love, passion, and the goal of making women feel amazing in their own skin. What started as a dream to create stylish and comfortable clothing has grown into something truly special – a family of sub-brands designed to meet the everyday needs of modern women like you.",https://preethiwear.in/cdn/shop/files/Preethiwear_logo_Dark_1_1_-02.svg?v=1754984047,Tamil Nadu,Coimbatore,eeb865.myshopify.com,INR,Shopify business address in India; prices in INR; .in domain; +91 phone number,Shopify business address,tranco
primium.in,Primium,help@primium.in,+917568828853,,,,,,health & nutrition,"We are dedicated to providing high-quality products at unbeatable prices. We source a wide range of products, including fashion, health & wellness, home essentials, and lifestyle accessories, to cater to your everyday needs.",,Rajasthan,beawar,0xukvh-yh.myshopify.com,INR,Shopify business address in India; prices in INR; .in domain; Indian postal address on site; +91 phone number,Shopify business address,tranco
primocustoms.co.in,Primo Customs,support@primocustoms.co.in,+919082578443; +919773214070,https://instagram.com/primocustoms.co.in,https://facebook.com/primocustoms.in,,,https://youtube.com/channel/UCkqlwgxJVGXJDDlw7Qb8fBQ,automotive,"Upgrade your riding experience with Primo Customs, the leading online destination in India for premium motorcycle accessories. Explore a wide range of high-quality gear, parts, and customizations designed to enhance performance, comfort, and style. Shop now for the best in biking excellence. 🏍️",https://primocustoms.co.in/cdn/shop/files/primo_customs_26013d43-032b-4ca7-9abd-ce8b18f76465.png?v=1689438359,Maharashtra,Mumbai,3f608c.myshopify.com,INR,Shopify business address in India; prices in INR; .in domain; Indian postal address on site; +91 phone number,Shopify business address,tranco
princenprincess.in,Prince N Princess,info@princenprincess.in,+919003466189; +919789388217; +918438008217; +918807038217; +919952778217; +9952778217,https://instagram.com/princenprincess.in,,,https://linkedin.com/company/prince-n-princess-cbe,https://youtube.com/@PrinceNPrincessKidsDressStore,"kids & baby, apparel","Buy kids ethnic wear from Prince N Princess, own manufacturers of pattu pavadai, newborn traditional outfits, and festival dresses made with soft fabrics for comfort and timeless style.",https://princenprincess.in/cdn/shop/files/image_1_8_1_1.png?v=1745480430,Tamil Nadu,coimbatore,prince-n-princess-5042.myshopify.com,INR,Shopify business address in India; prices in INR; .in domain; +91 phone number,Shopify business address,tranco
printmine.in,PrintMine.in,order@printmine.in,+916262127724; +916262427271,https://instagram.com/printmineofficial,https://facebook.com/printmineofficial,https://x.com/PrintmineX,https://linkedin.com/company/printmine,https://youtube.com/@printmineofficial,apparel,"Corporate gifts and custom merchandise with your logo – T-shirts from 2 pcs, magnetic badges from 5 pcs. Made in Raipur, delivered across India.",https://printmine.in/cdn/shop/files/PRINTMINE_FINAL_LOGO_1.png?v=1678645048,Chhattisgarh,Raipur,printmine-main.myshopify.com,INR,Shopify business address in India; prices in INR; .in domain; GSTIN on site; Indian postal address on site; +91 phone number,Shopify business address,tranco
priveeparis.in,Privee Paris,contact@priveeparis.in,+916391560555,https://instagram.com/priveeparis,https://facebook.com/priveeparis,,,,men's apparel,"Designer Shirts for Men 2026 in India. Buy Exclusive Design Party Wear Shirts, Linen, Luxury Shirts Online from Privee Paris. Best Indian Designer Shirt Brand.",https://priveeparis.in/cdn/shop/files/logo.jpg?v=1676619445,Uttar Pradesh,Gorakhpur,privee-paris-india.myshopify.com,INR,Shopify business address in India; prices in INR; .in domain; +91 phone number,Shopify business address,tranco
probadminton.in,Probadminton,support@probadminton.in; pbsportscenterindia@gmail.com,+917358303027,https://instagram.com/sportscenterindia,https://facebook.com/profile.php?id=100075830949888,,,,"food & beverages, sports & fitness","Shop 100% genuine badminton rackets, shoes & accessories online in India at ProBadminton.in. Best prices, fast shipping & trusted Chennai store.",https://sb.secomapp.com/images/artwork/sb_logo_115171_1772535329.png,Tamil Nadu,Chennai,aanshghoda.myshopify.com,INR,Shopify business address in India; prices in INR; .in domain; Indian postal address on site; +91 phone number,Shopify business address,tranco
prohifi.in,ProHiFi India,support@prohifi.in,+918369124472,https://instagram.com/prohifi.in,,,https://linkedin.com/company/prohifi.in,https://youtube.com/channel/UCtF5KhOLtVg1MA412E5t-kA,electronics & gadgets,"Shop high-end home theatre and Hi-Fi audio systems in India at ProHiFi. Explore speakers, AV receivers, and custom setups with expert advice, competitive pricing, and nationwide delivery.",https://prohifi.in/ProHiFi Logo,Maharashtra,Mira Bhayandar,prohifi.myshopify.com,INR,Shopify business address in India; prices in INR; .in domain; Indian postal address on site; +91 phone number,Shopify business address,tranco
promom.in,Promom,support@promom.in,+919161277779,https://instagram.com/promom.in,,,,https://youtube.com/@promom.feeding,home & kitchen,Find the Wearable Electric Breast Pump & Bottle Sterilizer. This all-in-one solution makes breastfeeding easier while ensuring hygiene with an integrated sterilizer.,https://promom.in/cdn/shop/files/Logo_8.svg?v=1735637900,Uttar Pradesh,Lucknow,8222f9.myshopify.com,INR,Shopify business address in India; prices in INR; .in domain; Indian postal address on site; +91 phone number,Shopify business address,tranco
pronk.in,pronk.in,support@pronk.in; support@teeshut.in,+918360405145; +917743083890,https://instagram.com/pronk.official,https://facebook.com/pronk.official,,,,apparel,"Online Store for Men & Women Casual Wear. Premium collection of T-Shirts, Shirts, Joggers, Parachute Pants, Lowers, Sweatshirt & Hoodies, Shackets, Oversized Printed T-Shirts at affordable prices.",https://pronk.in/cdn/shop/files/pronk_logo_black.png?v=1751700529,West Bengal,Kolkata,teeshut-in.myshopify.com,INR,Shopify business address in India; prices in INR; .in domain; Indian postal address on site; +91 phone number,Shopify business address,tranco
www.proplusindia.in,Pro Plus | The Smarter Choice,info@proplusindia.in,+918368641183,https://instagram.com/proplusindia.in,,,https://linkedin.com/company/proplusindia,,electronics & gadgets,"Shop premium Headphones, Earbuds, Neckbands & Smart Watches at Pro Plus. Enjoy top quality, clear sound & smart features at best prices.",https://sb.secomapp.com/images/artwork/sb_logo_111598_1783102752.png,Haryana,Gurugram,eb9b2a-cw.myshopify.com,INR,Shopify business address in India; prices in INR; .in domain; Indian postal address on site; +91 phone number,Shopify business address,tranco
provilac.in,Provilac,customercare@provilac.com,+918411864646; +919145327479,https://instagram.com/provilac_dairy,https://facebook.com/provilac,https://twitter.com/ProvilacMilk,,,health & nutrition,"High Protein Milk, Cow Milk, Buffalo Milk, Dahi & Paneer delivered fresh to your doorstep. Choose Provilac for premium farm fresh dairy, free delivery, easy subscriptions, and quality you can trust every day. 25g protein milk",https://provilac.in/cdn/shop/files/logo.webp?v=1740828203,Maharashtra,Pune,qmvhhk-je.myshopify.com,INR,Shopify business address in India; prices in INR; .in domain; +91 phone number,Shopify business address,tranco
www.prowolf.in,PRO WOLF,info@prowolf.in; support@prowolf.in,+917778024333; +7778024333; +917796222050; +919890035363,https://instagram.com/prowolf.in,https://facebook.com/Prowolf.in,,,https://youtube.com/@prowolf3634,"footwear, sports & fitness",Discover the excellence with our weightlifting & powerlifting shoes and essential accessories. Achieve your fitness goals with our top-notch products. Embrace a healthier lifestyle now!,https://www.prowolf.in/cdn/shop/t/37/assets/logo.png?v=9038,Maharashtra,Ghodasgaon,446cb1.myshopify.com,INR,Shopify business address in India; prices in INR; .in domain; Indian postal address on site; +91 phone number,Shopify business address,tranco
ptal.in,P•TAL,contact@ptal.in,+919740357742; +917314620881; +917314620795; +919876118320,https://instagram.com/ptal.in,https://facebook.com/ptal.org,,,https://youtube.com/@ptal.global,home & kitchen,"Shop for handmade Copper, Kansa and Brass vessels, utensils, home décor, kitchenware, and wedding gift items. Choose from our vintage metal handicrafts.",https://ptal.in/cdn/shop/files/logo_b7b2fb7a-895b-466f-8cca-838f7e5f2c7e.png?v=1749555198,Haryana,Panchkula,p-talin.myshopify.com,INR,Shopify business address in India; prices in INR; .in domain; GSTIN on site; Indian postal address on site; +91 phone number,Shopify business address,tranco
ptron.in,pTron India,,,https://instagram.com/ptronindia,https://facebook.com/pTronOfficial,https://twitter.com/PtronGlobal,https://linkedin.com/company/ptron,https://youtube.com/channel/UCBTaZOKHo7oi2oKVnYx3XRg,electronics & gadgets,"Shop the latest and the Best Audio, Cables & Chargers, Home Appliances and Auto Accessories from pTron India - Loved by 12Million People, Proudly engineered & #MadeinIndia 🇮🇳",https://ptron.in/cdn/shop/files/pTron_Symbol_CanaryYellow_1.png?v=1651229055,Telangana,Hyderabad,ptron-india.myshopify.com,INR,Shopify business address in India; prices in INR; .in domain,Shopify business address,tranco
pureaura.in,Pure Aura,help@pureaura.in,+919599070750,https://instagram.com/pureaura.baby,https://facebook.com/profile.php?id=61573409619295,,https://linkedin.com/company/babyaura-essentials-pure-aura,,kids & baby,Finding good products for sensitive baby skin is hard. But PureAura's wipes & shampoo have been amazing so gentle and they smell so fresh.,https://pureaura.in/cdn/shop/files/Pure_aura_org_logo_png.png?v=1754636428,Haryana,Gurugram,pura-auraveda.myshopify.com,INR,Shopify business address in India; prices in INR; .in domain; +91 phone number,Shopify business address,tranco
purenutrition.in,Pure Nutrition,customercare@purenutrition.me,+918850813323; +918976020310; +919820798784; 1800-120-9882,https://instagram.com/purenutrition_in,https://facebook.com/purenutritionindia,https://x.com/PureNutritionMe,,https://youtube.com/channel/UC6J90GWNvR3DewlM0X6oAcQ,health & nutrition,"Shop for herbs product such as weight management , joint health ,immune support , fitness supplements. These products are 100% natural and cruelty free.",https://purenutrition.in/cdn/shop/files/PN_Natural_treasures_logo.webp?v=1754976988,Maharashtra,Mumbai,herbs-nutriproducts-private-limited.myshopify.com,INR,Shopify business address in India; prices in INR; .in domain; +91 phone number,Shopify business address,tranco
pureorganix.in,Pure Organix,pureorganixofficial@gmail.com,+919898673684,https://instagram.com/pureorganix.in,https://facebook.com/PureOrganix.in,,,,haircare,Hair care today feels loud. Every product promises growth. Every reel promises miracles. We built Pure Organix to bring structure back — and let results speak for themselves.,https://pureorganix.in/cdn/shop/files/Pure_Organix_Logo.png?v=1771967326,Gujarat,Gandhidham,nznrut-iz.myshopify.com,INR,Shopify business address in India; prices in INR; .in domain; GSTIN on site; +91 phone number,Shopify business address,tranco
puresourceindia.in,Pure Source India,info@puresourceindia.in,+919711239560,https://instagram.com/pure_source_india,https://facebook.com/people/Pure-Source-India/100067304953230,,,,home & kitchen,"Established in 2007 and headquartered in New Delhi, India , Pure Source India is a leading manufacturer, exporter, and supplier of premium products across the Home, Kitchen, Garden, Fragrance, Lifestyle, and Packaging categories.",https://puresourceindia.in/cdn/shop/files/New_Logo_75e08814-0229-4800-96bd-d6665def4332.jpg?v=1781264140,Delhi,New DELHI,puresourceindia.myshopify.com,INR,Shopify business address in India; prices in INR; .in domain; Indian postal address on site; +91 phone number,Shopify business address,tranco
www.pureus.in,PUREUS,info.pureusherbals@gmail.com; collab.pureusherbals@gmail.com,+919910913931,https://instagram.com/pureusofficial,https://facebook.com/pureusofficial1,,,https://youtube.com/channel/UCAUm-g_7EPXXuiNw1frOuzA,"haircare, skincare","Pureus Herbals was created with the vision of bringing people closer to nature at a time when synthetic beauty products dominated the market. These products were not only expensive but often came with side effects that harmed more than they healed. We realized there was a gap—people were searching for safe, effective, and affordable solutions that respected their health as well as nature.",https://www.pureus.in/cdn/shop/files/PUREUS_HERBALS_LOGO.png?v=1786107159,Delhi,Delhi,734be7-fa.myshopify.com,INR,Shopify business address in India; prices in INR; .in domain; GSTIN on site; Indian postal address on site; +91 phone number,Shopify business address,tranco
pushmycart.in,Pushmycart.in,sales@pushmycart.in,+916309580104; +917075521727; +917396901969; +917386901969,,,,,,food & beverages,Shop from the comfort of your home at our online store. Explore a diverse collection of products and enjoy fast and reliable delivery. Start shopping now!,https://pushmycart.in/cdn/shop/files/PMC-pushmycart-in-footer-logo1.png?v=1743781912,Telangana,Hyderabad,9f8fb4-01.myshopify.com,INR,Shopify business address in India; prices in INR; .in domain; Indian postal address on site; +91 phone number,Shopify business address,tranco
www.pyarababy.com,PyaraBaby,info@pyarababy.com,+919815914500,https://instagram.com/pyarababy.co,https://facebook.com/PyaraBaby-102886905647995,,,https://youtube.com/channel/UCyuwh5SSJUmALBg98A9hpBQ,"kids & baby, home & kitchen","Buy & sell pre-loved baby products in India. Strollers, carriers, cribs & more at great prices. Trusted by parents nationwide.",https://www.pyarababy.com/cdn/shop/files/Your_Own_Baby_Shop_1.png?v=1712659795,Haryana,Panchkula,bae-baa.myshopify.com,INR,Shopify business address in India; prices in INR; +91 phone number,Shopify business address,commoncrawl
www.qimati.in,Qimati,info@qimati.in; yashchoudhary13@outlook.com,+919057213866; +917023263310; +919799043748,,,,,,jewellery,"Wholesale anti-tarnish jewellery for resellers. Start from ₹1,000, new designs twice a week, same-day dispatch, delivery across India and worldwide.",https://www.qimati.in/cdn/shop/files/Your_paragraph_text_1.png?v=1777273513,Rajasthan,Jaipur,961b9d-2.myshopify.com,INR,Shopify business address in India; prices in INR; .in domain; GSTIN on site; Indian postal address on site; +91 phone number,Shopify business address,tranco
www.quenchlabz.com,Quenchlabz,quenchlabzfitness@gmail.com; info@fashionwomen.com; sale@fashionwomen.com; press@fashionwomen.com,+916377688830,https://instagram.com/quenchlabz,https://facebook.com/quenchlabzofficial,,,https://youtube.com/@quenchlabz,health & nutrition,"Discover high-quality Whey Protein, Whey protein isolate, Mass gainers, Lean Gainers, and fitness supplements at QuenchLabz. Support muscle growth, recovery, and performance with clean, effective, and affordable protein powder and nutrition solutions for your fitness journey.",https://www.quenchlabz.com/cdn/shop/files/logo-_Quench_Labz_1.png?v=1775046667,Rajasthan,JAIPUR,28e444-3.myshopify.com,INR,Shopify business address in India; prices in INR; +91 phone number,Shopify business address,commoncrawl
rajherbals.com,Raj Herbals,info@rajherbals.com,+917000023477; +919039039273,https://instagram.com/herbalsraj,https://facebook.com/rajherbalspvtltd,,,,health & nutrition,Pose Shopify Template with multiple layouts and styles allows you to create different structures and satisfies any specific requirements for different kinds of business.,https://rajherbals.com/cdn/shop/files/RAJ-HERBALS-logo_96b3fd8b-8dae-415c-b204-be0a2b131d3a.png?v=1734761068,Madhya Pradesh,Indore,ec97e7-51.myshopify.com,INR,Shopify business address in India; prices in INR; Indian postal address on site; +91 phone number,Shopify business address,commoncrawl
ramaiahsarees.in,Ramaiahs,harsha.ramaiahs@gmail.com,+919901761052,,,,,,ethnic wear,,,Karnataka,Bangalore,1ehuyj-ny.myshopify.com,INR,Shopify business address in India; prices in INR; .in domain; +91 phone number,Shopify business address,tranco
ramrajcotton.in, Ramraj Cotton,customercare@ramrajcotton.net; scmhead@ramrajcotton.net; franchise@ramrajcotton.net; rhladministration@ramrajcotton.net; distributor@ramrajcotton.net,+6380015147; +919842274147; +916380015147,https://instagram.com/ramrajcottonofficial,https://facebook.com/RamrajCottonofficial,https://twitter.com/Ramrajofficial,,https://youtube.com/user/ramrajcottonmedia,men's apparel,"The biggest online clothing store for men’s wear, ladies wear, kid’s wear, boy’s and girl’s wear like, Readymade Dhoti, Shirts, Men's Inner Wear, T-Shirts, Women Kerala Sarees, Women Night Wear Set, Newborn Baby Set, leggings, and more! Find the largest selection from us at the lowest prices in India.",https://ramrajcotton.in/cdn/shop/files/ramraj_logo_470c29c5-8ed8-4f78-a973-cfbefa5bf5ed.jpg?v=1694511874,Tamil Nadu,Tirupur,ramraj-online.myshopify.com,INR,Shopify business address in India; prices in INR; .in domain; +91 phone number,Shopify business address,tranco
rannagill.co.in,Ranna Gill India,care@rannagill.co.in,+918826292864; +918826292863; +919810996748; +918826292866; +919323656370; +919811020748,https://instagram.com/Rannagill,https://facebook.com/RannaGillLifestyle,,,https://youtube.com/@rannagill,women's apparel,"Explore Ranna Gill's luxury prêt collection: designer clothes for women, signature prints, handcrafted details & modern Indian design. Shop tunic sets, dresses, co-ords & more.",https://rannagill.co.in/cdn/shop/files/logo.svg,Haryana,Gurgaon,ranna-gill-offical.myshopify.com,INR,Shopify business address in India; prices in INR; .in domain; Indian postal address on site; +91 phone number,Shopify business address,tranco
rasayanam.in,Rasayanam,contact@rasayanam.in; wecare@rasayanam.in; ayush@rasayanam.in,+918882566684; +919711650949,https://instagram.com/rasayanam,https://facebook.com/Rasayanam.health,,https://linkedin.com/company/rasayanam,https://youtube.com/@Rasayanam-YT,health & nutrition,"Rasayanam offers clean vegetarian supplements with ingredients, purity tested, and free from unnecessary additives",https://rasayanam.in/cdn/shop/files/Vector_b7334b63-8c1c-4ec9-8cd2-0a1b74a51760.png?v=1768088740,Haryana,Faridabad,rasayanam.myshopify.com,INR,Shopify business address in India; prices in INR; .in domain; GSTIN on site; Indian postal address on site; +91 phone number,Shopify business address,tranco
rashyam.in,Rashyam® Premium Clothing Brand - Rashyam.in,support@rashyam.com,+916359391077,https://instagram.com/rashyam_in,https://facebook.com/RashyamIndia,,,,men's apparel,"Rashyam specializes in the design, production, and global delivery of luxurious garments. Our primary goal is to ensure that everything we create meets three essential criteria: creativity in design and manufacturing, sustainability in materials and craftsmanship, and a breathtaking appeal. We possess an in-depth understanding of fabric, from its precise cutting techniques to expert sewing methods, allowing us to enhance the inherent beauty of each fabric piece. Every product exudes a bespoke es",https://rashyam.in/cdn/shop/files/Rashyam_logo.png?v=1686834060,Gujarat,Surat,319918.myshopify.com,INR,Shopify business address in India; prices in INR; .in domain; Indian postal address on site; +91 phone number,Shopify business address,tranco
www.rayglow.in,RayGlow,contact@raybliss.com,+919448298709; +919797979246,https://instagram.com/rayglow_skin_whitening_cream,https://facebook.com/rayglow.in,,,https://youtube.com/@Rayglow-in,skincare,"7 brightening actives targeting dark spots, pigmentation & uneven tone through multiple biological pathways. Not 1 hero ingredient but 7. NABL lab tested. FDA approved. ₹2,999.",https://www.rayglow.in/cdn/shop/files/Rayglow_TM.png?v=1754482072,Karnataka,tumkur,3a11ef-3.myshopify.com,INR,Shopify business address in India; prices in INR; .in domain; GSTIN on site; +91 phone number,Shopify business address,tranco
rclub.in,Rclub,wecare@rclub.in,+919205700709,https://instagram.com/rclub_india,https://facebook.com/rclub_india,,,https://youtube.com/c/DSGroupIndia,food & beverages,"Experience a premium shopping experience at R-club, DS Group's D2C platform. Find popular brands like Rajnigandha, Pulse, Catch, and many others.",https://rclub.in/cdn/shop/files/Rclub-Logo_-_Revised.png?v=1724131983,Uttar Pradesh,Noida,rclubstore.myshopify.com,INR,Shopify business address in India; prices in INR; .in domain; Indian postal address on site; +91 phone number,Shopify business address,tranco
rdoverseas.in,RD Overseas,,+919310044000,https://instagram.com/rdoverseas,https://facebook.com/rdoverseas,https://x.com/rdoverseas,https://linkedin.com/company/rd-overseas,https://youtube.com/channel/UCnEjMwv6naG03zwYkeMtXZg,automotive,Enhance your ride with high-quality interior and exterior car accessories. Shop now at RD Overseas and give your car the upgrade it deserves.,https://rdoverseas.in/cdn/shop/files/RD_Logo_a1f35f35-d62c-4ca0-ae50-cc5bcafbc609_2.png?v=1734693356,Uttarakhand,Haridwar,rd-overseas.myshopify.com,INR,Shopify business address in India; prices in INR; .in domain; +91 phone number,Shopify business address,tranco
redchief.in,Redchief,customercare@redchief.co.in,1800-120-0141; +919794352683,https://instagram.com/redchiefofficial,https://facebook.com/redchiefofficial,,,https://youtube.com/@REDCHIEFOFFICIAL,footwear,"Shop Red Chief for 100% genuine leather footwear. A trusted brand since 1995, offering Branded premium formals, sneakers, and casuals shoes. Made in India | Enjoy Free Shipping",https://redchief.in/cdn/shop/files/Logo.png?v=1758126959,Uttar Pradesh,Kanpur Nagar,redchief-ind.myshopify.com,INR,Shopify business address in India; prices in INR; .in domain; +91 phone number,Shopify business address,tranco
www.redragon.in,Redragon India,service@originmarketing.in; online@originmarketing.in,+919870294946; +919920127749,https://instagram.com/redragon_india,https://facebook.com/Redragon.India,,,https://youtube.com/channel/UCPVyzKQY1X-V9Tc8VpMFdyg,electronics & gadgets,"Explore Redragon India’s official store for top-tier gaming keyboards, mice, headsets, and accessories. Premium quality, RGB lighting, and pro-level performance – built for gamers. Shop now with fast delivery across India.",https://www.redragon.in/cdn/shop/files/Redragon_Logo_512.png?v=1748584927,Maharashtra,Mumbai,redragon-india.myshopify.com,INR,Shopify business address in India; prices in INR; .in domain; +91 phone number,Shopify business address,tranco
refitglobal.com,ReFit Global,support@refitglobal.com; sales@refitglobal.com,+919901088786; +919125717269; +919304334934; +919355177599; +917026267043; +919355533853,https://instagram.com/refitglobal,https://facebook.com/ReFitglobal,https://x.com/ReFitGlobal,https://linkedin.com/company/refit-global,https://youtube.com/@ReFitGlobal,electronics & gadgets,"Buy refurbished phones, second-hand mobiles & pre-owned devices with 47 checkpoints, up to 12 months warranty, No Cost EMI & free shipping across India.",https://cdn.shopify.com/s/files/1/0874/4068/7387/files/Logo-a668e71027ad5db488a7c8f1cb514dea.png?v=1715177065,Uttar Pradesh,Noida,b5f862-47.myshopify.com,INR,Shopify business address in India; prices in INR; +91 phone number,Shopify business address,commoncrawl
www.regalshoes.in,Regal Shoes,orders@regalshoes.co.in,+919819939302,https://instagram.com/regalshoes.in,https://facebook.com/regalshoes.in,,https://linkedin.com/company/regal-shoes,https://youtube.com/channel/UC9qfrQ59rAQhUul-1mz4kZA,footwear,"Shop premium & branded footwear at Regal Shoes. Discover branded shoes for men & women and premium branded bags crafted with 70 years of trusted craftsmanship, delivered across India with hassle-free shipping.",https://www.regalshoes.in/cdn/shop/files/401-2021_11_15-RegalSHoes_Logo.webp?v=1741766668,Maharashtra,Mumbai,regalshoes-ecom.myshopify.com,INR,Shopify business address in India; prices in INR; .in domain; +91 phone number,Shopify business address,tranco
reidandtaylor.in,Reid & Taylor,support@rtil.in,+8655976770; 1800-203-0571,https://instagram.com/reidandtaylorapparel,https://facebook.com/reidandtaylorapparel,,https://linkedin.com/company/reidandtaylorapparel,https://youtube.com/@reidandtaylorapparel,men's apparel,"Explore Reid & Taylor’s premium men's formal wear. Enjoy a heritage of craftsmanship across our shirts, trousers, chinos & blazers. Free shipping. Shop now!",https://reidandtaylor.in/cdn/shop/files/1024x512_Logo.svg?v=1729157904,Maharashtra,Mumbai,reidntaylor.myshopify.com,INR,Shopify business address in India; prices in INR; .in domain; Indian postal address on site,Shopify business address,tranco
www.reneecosmetics.in,Renee Cosmetics,hi@reneecosmetics.in,1800-103-8909; +917211108630,https://instagram.com/reneeofficial,https://facebook.com/ReneeCosmetics,https://twitter.com/renee_cosmetics,,https://youtube.com/@reneecosmeticsofficial,makeup,"RENEE Cosmetics is an Indian makeup brand that's redefining beauty with its range of high quality, cruelty-free and FDA-approved innovative products.",https://cdn.shopify.com/s/files/1/0597/9422/7350/files/fav-logo.png?v=1705571603,Gujarat,Ahmedabad,reneeofficial.myshopify.com,INR,Shopify business address in India; prices in INR; .in domain; Indian postal address on site; +91 phone number,Shopify business address,tranco
www.rescript.in,Rescript,care@rescript.in,+919880922399,https://instagram.com/rescript.in,,,,,books & stationery,"Notebooks, journals and copier paper made for everyday use. 100% recycled, no chlorine bleach, natural shade that’s easy on the eyes.",https://www.rescript.in/cdn/shop/files/rescript_logo.svg?v=1748076459,Karnataka,BANGALORE,rescript1.myshopify.com,INR,Shopify business address in India; prices in INR; .in domain; Indian postal address on site; +91 phone number,Shopify business address,tranco
revlon.co.in,Revlon India,customercell@modibeautyproducts.com,1800-121-7585,https://instagram.com/revlon_india,https://facebook.com/RevlonIndia,https://twitter.com/RevlonIndia,,https://youtube.com/user/RevlonIndia,makeup,"Discover a wide range of makeup, skincare, hair care, beauty, Cosmetics and personal care products online from Revlon India. Shop now for top brands and great deals!",https://revlon.co.in/cdn/shop/files/Revlon_Logo.png?v=1711018938,Delhi,New Delhi,revlon-co-in.myshopify.com,INR,Shopify business address in India; prices in INR; .in domain; Indian postal address on site,Shopify business address,tranco
rideadventure.in,Ride Adventure,info@rideadventure.in; rideadventurebangalore@gmail.com,+917022132365; +7022703365; +917795732365; +7022132365,https://instagram.com/ride_adventure_,https://facebook.com/people/Ride-Adventure/61560276895780,,,https://youtube.com/@ride_adventure_,automotive,"""Welcome to Ride Adventure Bike Accessories Retail Store, your ultimate destination for top-quality bike accessories and gear! Founded in 2019, we are conveniently located in the vibrant neighborhood of Vijayanagar, Bangalore. Over the years, we have established ourselves as a trusted name among biking enthusiasts.",https://rideadventure.in/cdn/shop/files/Final_logo_ride_adventure.png?v=1701698170,Karnataka,Bangalore,rideadventure.myshopify.com,INR,Shopify business address in India; prices in INR; .in domain; Indian postal address on site; +91 phone number,Shopify business address,tranco
rimli.in,Rimli Boutique,support@rimli.co.in,+919841640771,https://instagram.com/rimliboutique,https://facebook.com/Rimli.boutique,,,https://youtube.com/@rimliboutique717,jewellery,"Shop at Rimli for unique Handcrafted Earrings, 925 Silver Necklaces, and Bangles starting @ ₹250. Specializing in Kundan Polki and Antique designs. Worldwide shipping.",https://rimli.in/cdn/shop/files/Rimli_logo_black.png?v=1701681285,Tamil Nadu,Chennai,pixaflorimli.myshopify.com,INR,Shopify business address in India; prices in INR; .in domain; +91 phone number,Shopify business address,tranco
ringke.co.in,Ringke India,,+918291604064,https://instagram.com/ringke_india,https://facebook.com/ringkeindia,https://twitter.com/ringkeindia,,https://youtube.com/channel/UCeuXnbpF-Hv6ZSl6aNHcYDQ,"mobile accessories, electronics & gadgets","Ringke is company established in 2003. Ringke was started on the idea of trying to help users eliminate their everyday problems with their smartphones, notebooks, and other IT products. Our goal is to recognise and find a solution to our customer's needs.",https://cdn.shopify.com/s/files/1/0037/7798/6630/files/loogo_Ringke_jpg.jpg?v=1786611609,Tamil Nadu,CHENNAI,ringke-india.myshopify.com,INR,Shopify business address in India; prices in INR; .in domain; +91 phone number,Shopify business address,tranco
rishiboutique.in,Rishi Boutique,rishicouture@gmail.com,+917338703285,https://instagram.com/rishi_boutique2023,,,,https://youtube.com/@Rishiboutique2023,ethnic wear,"All kinds of Traditional, Casual, Designer, Trendy Sarees and Kurtis.",,Tamil Nadu,Coimbatore,704bcf.myshopify.com,INR,Shopify business address in India; prices in INR; .in domain; Indian postal address on site; +91 phone number,Shopify business address,tranco
rjexpress.in,R J Express,care@rjexpress.in,+919654848038,,,,,https://youtube.com/channel/UC2XdBvCX8wxKOni5VeRar4A,automotive,"RJ Express is the online shopping store for Motorbike Accessories - Headlights, Headlight Grills, Motorcycle Antenna, Leg Guard, Hand Guard, Indicator Light and more. To shop visit www.rjexpress.in",https://rjexpress.in/cdn/shop/files/logo-white.png,Delhi,Delhi,rjexpress.myshopify.com,INR,Shopify business address in India; prices in INR; .in domain; +91 phone number,Shopify business address,tranco
www.rkumar.in,R. Kumar Opticians,customercare@rkumar.in,+919687807999; +9687807999,https://instagram.com/rkumaropticians,https://facebook.com/Rkumaropticians,,https://linkedin.com/company/rkopticians,,bags & accessories,Buy 100% authentic luxury eyewear. Shop premium sunglasses & eyeglasses from trusted designer brands. Free shipping available.,https://www.rkumar.in/cdn/shop/files/Rkumar_Logo.png,Gujarat,Ahmedabad,rkumar-in.myshopify.com,INR,Shopify business address in India; prices in INR; .in domain; Indian postal address on site; +91 phone number,Shopify business address,tranco
www.rootandsoil.in,ROOT and SOIL ®,care@rootandsoil.in; collaboration@rootandsoil.in,+917448779379,https://instagram.com/rootandsoil.in,https://facebook.com/rootandsoil,,https://linkedin.com/company/root-and-soil,https://youtube.com/@Littlelifestoriesbypriya,kids & baby,"Born from a mom’s journey. ROOT and SOIL offers gentle, safe baby care made with time-tested wisdom, certified expertise, and heartfelt support for new parents.",https://www.rootandsoil.in/cdn/shop/files/Untitled_design_7.gif?v=1748417137,Tamil Nadu,Coimbatore,root-soil.myshopify.com,INR,Shopify business address in India; prices in INR; .in domain; +91 phone number,Shopify business address,tranco
roshcookwares.in,Rosh Cookwares,support@roshcookwares.in; roshcookware@gmail.com,+918189929432,https://instagram.com/roshcookware,https://facebook.com/Rosh-Cookwares-105753401250748,,,https://youtube.com/@roshcookwares,home & kitchen,From our tradition to your kitchen – quality cookware for generations.,https://roshcookwares.in/cdn/shop/files/Rosh_logo-01_1.png?v=1758787040,Tamil Nadu,"Perungudi, Chennai",roshcookwares2.myshopify.com,INR,Shopify business address in India; prices in INR; .in domain; Indian postal address on site; +91 phone number,Shopify business address,tranco
www.routeofdreams.in,Route Of Dreams,officialrouteofdreams@gmail.com,+916377653434; +918492843434,https://instagram.com/route_of_dreams,https://facebook.com/iqbal.singh.79219,,,https://youtube.com/@RouteOfDreams,automotive,"Shop premium motorcycle accessories at Route of Dreams. Find crash guards, backrests, luggage carriers, windshields, fog lights, top boxes, riding gear, and touring accessories for Royal Enfield, Harley X440, Honda Highness, Himalayan, Classic 350, Meteor 350, Super Meteor 650, Hunter 350 & more. Fast shipping across",https://www.routeofdreams.in/cdn/shop/files/Frame_1_3.png?v=1750382405,Jammu and Kashmir,jammu,hqu0ty-2u.myshopify.com,INR,Shopify business address in India; prices in INR; .in domain; +91 phone number,Shopify business address,tranco
rubans.in,Rubans,help@rubans.com,+918050556004,https://instagram.com/rubans.in,https://facebook.com/Rubansaccessories,,https://linkedin.com/company/rubans-accessories,https://youtube.com/channel/UCgrmhqmSt25K0fswOZyWNLQ,jewellery,Experience the epitome of style with designer fashion and gold plated jewellery. Explore a stunning collection that complements your personality.,https://rubans.in/cdn/shop/files/Picture_1.png?v=1738755735,Karnataka,Bangalore,rubansaccessories.myshopify.com,INR,Shopify business address in India; prices in INR; .in domain; Indian postal address on site; +91 phone number,Shopify business address,tranco
rubysorganics.in,Ruby's Organics,hello@rubysorganics.in; marketing@rubysorganics.in,+918879633063; +919892406564,https://instagram.com/rubys.organics,https://facebook.com/rubysorganicscosmetics,,,https://youtube.com/channel/UCxpVIbsMCAZQbcpNJrROHAw,makeup,"India's first certified organic makeup brand. Chemical-free lipsticks, kohls & foundations formulated for Indian skin. Free shipping.",https://rubysorganics.in/cdn/shop/files/Logo-_White_on_transparent.png?v=1645180651,Maharashtra,Mumbai,rubysorganics.myshopify.com,INR,Shopify business address in India; prices in INR; .in domain; Indian postal address on site; +91 phone number,Shopify business address,tranco
www.rusticart.in,Rustic Art,hello@rusticart.in,+918308456956,https://instagram.com/rusticart,https://facebook.com/RusticArt,https://twitter.com/Rustic_Art,https://linkedin.com/company/rustic-art,https://youtube.com/rusticartindia,skincare,"Sustainable beauty, personal care & home care for safe and toxin free living. All our products are vegan & cruelty free. We are a women led, women majority brand that takes care of our beautiful planet while taking care of your and your family's health by making safe & toxin free products for everyday use.",https://www.rusticart.in/cdn/shop/files/logo_dark.png?v=1713615375,Maharashtra,Satara,rusticartstore.myshopify.com,INR,Shopify business address in India; prices in INR; .in domain; Indian postal address on site; +91 phone number,Shopify business address,tranco
www.rydersarena.in,Ryders Arena,rydersarena@gmail.com,+919632944017,https://instagram.com/rydersarena.in,https://facebook.com/Rydersarena.in,,,https://youtube.com/@rydersarena,"automotive, apparel",Website is under maintenance,https://www.rydersarena.in/cdn/shop/files/Ryders_Arena_Logo_3069ed1a-7fec-40a5-8ea0-a2b0bc7f5425.png?v=1740390472,Karnataka,Bengaluru,8cbfb1-7e.myshopify.com,INR,Shopify business address in India; prices in INR; .in domain; Indian postal address on site; +91 phone number,Shopify business address,tranco
saadaa.in, सादा / SAADAA,support@saadaa.in,+919251998279; +917023960992; +9251998279,https://instagram.com/saadaadesigns,https://facebook.com/saadaadesigns,https://x.com/saadaajeevan,https://linkedin.com/company/saadaa,,apparel,"SAADAA | सादा | Timeless Everyday Clothing for Men & Women – Discover simple, honest, and thoughtfully designed apparel rooted in comfort and clarity. Made in India. Made for better living.",https://saadaa.in/cdn/shop/files/SAADAA_LOGO_96_x_17.png?v=1747048556,Rajasthan,Jaipur,saadaa-design.myshopify.com,INR,Shopify business address in India; prices in INR; .in domain; Indian postal address on site; +91 phone number,Shopify business address,tranco
safaribags.com,Safari Bags ,customercare@safari.in,,https://instagram.com/safaribags,https://facebook.com/SafariBagsIndia,,https://linkedin.com/company/safari-industries-india-ltd.,https://youtube.com/@safaribags8508,bags & accessories,"Explore our wide collection of Luggage, Trolley Bags, Suitcases, Backpacks, Travel Bags and Accessories. Shop Online to Bag the best deals, with free shipping on all orders and 5 year warranty.",https://safaribags.com/cdn/shop/files/safari_logo.png?v=1701758679,Maharashtra,Mumbai,safari-bags.myshopify.com,INR,Shopify business address in India; prices in INR,Shopify business address,tranco
saffrron.in,Saffrron,saffrron0633@gmail.com,+7025351502; +917025351502,https://instagram.com/saff_rron,https://facebook.com/people/Saffrron/61585733285457,,,,"women's apparel, ethnic wear","Shop trending women’s salwar sets, abayas, long gowns, short gowns and tops at Saffrron",https://saffrron.in/cdn/shop/files/Saffrron_Logo.png?v=1770788772,Kerala,Kizhakkancherry,hautehub-mayday.myshopify.com,INR,Shopify business address in India; prices in INR; .in domain; +91 phone number,Shopify business address,tranco
sagansinghmakeup.in,Sagansinghmakeup,sagansinghmakeup@gmail.com,+919211276737; +917065056103; +917065056193; +918882341234,,,,,,"makeup, skincare","We offer premium beauty and makeup products at competitive wholesale prices for salons, makeup artists, and retailers. Our wholesale range includes skincare, cosmetics, nail kits, and professional tools. Quality-tested products, bulk discounts, and reliable supply help grow your beauty business.",https://sagansinghmakeup.in/cdn/shop/files/300-x-200-logo-png_320x_d7c87e73-9900-41fb-8b99-0b6ebb5ebfdc.webp?v=1773433572,Delhi,Delhi,15bf6d-6c.myshopify.com,INR,Shopify business address in India; prices in INR; .in domain; Indian postal address on site; +91 phone number,Shopify business address,tranco
www.sahibacar.in,Sahiba Car,thesahibainternational@gmail.com; thesahibainternational1@gmail.com,+918810680695,https://instagram.com/sahibacar4,,,,https://youtube.com/@sahibacarrr,electronics & gadgets,"Sahiba Car is an authorized dealer of Onkyo, Pioneer, JBL, Harman Kardon, Blaupunkt, Nakamichi, MOCO, Nippon, Infinity and other leading brands, offering car stereos, Android systems, speakers, amplifiers, woofers, LED lights, dashcams and height adjustment seats . Shop genuine car accessories online across India. Sahiba Car",https://store.gptlabapp.com/storage/json-ld/logos/487/URbq5TJQBbcAyac3V2FW9RiiB1NMFxFXJZBWZnlb.jpg,Delhi,New Delhi,gwjkrb-ck.myshopify.com,INR,Shopify business address in India; prices in INR; .in domain; GSTIN on site; Indian postal address on site; +91 phone number,Shopify business address,tranco
www.saintg.in,SaintG India,info@saintg.in; support@saintgshoes.com,,https://instagram.com/saintgworld,https://facebook.com/saintgworld,,,,footwear,Buy Designer Shoes Online In India. Check Our Wide Collection Of Premium Leather Shoes ✯ Buy Shoes Online For Women & Men ✯ Leather Handcrafted ✯ Designed in Milan,https://www.saintg.in/cdn/shop/files/NEWYORK-LOGO---Kim.png?v=1727093336,Haryana,Gurugram,saintgshoes.myshopify.com,INR,Shopify business address in India; prices in INR; .in domain,Shopify business address,tranco
salty.co.in,Salty Accessories,queries@salty.co.in,+919289547575; +919220427575; +9220427575,https://instagram.com/salty.co.in,https://facebook.com/saltycoin,https://x.com/SaltyWorld,https://linkedin.com/company/saltystore,https://youtube.com/@saltyaccesories,jewellery,"Buy Fashion Accessories & Jewellery online for Women & Men. Explore trendy collection of Sunglasses, Watches, Earrings, Necklaces, Bracelets, Rings",https://cdn.shopify.com/s/files/1/0644/2457/5191/files/170970328765e800778a0e06726.jpg?v=1717148060,Delhi,New Delhi,saltyjewels.myshopify.com,INR,Shopify business address in India; prices in INR; .in domain; Indian postal address on site; +91 phone number,Shopify business address,tranco
samgarage.in,Sam Garage,support@samgarge.in,+919871756323,https://instagram.com/sam_garagedelhi,,,,https://youtube.com/@samgaragedelhi,automotive,"At Sam Garage, we are your one-stop shop for high-quality automotive accessories for both cars and bikes. Whether you're looking to upgrade your headlights, add fog lights, or enhance your vehicle with the latest gear, we have everything you need. Our mission is simple: to provide you with durable, reliable, and stylish products that enhance the safety, performance, and appearance of your vehicle.",https://samgarage.in/cdn/shop/files/Final_Logo_Sam_b3b98a7a-0041-4693-a0af-b8ceae09387f.svg?v=1728978923,Delhi,New Delhi,41220c-04.myshopify.com,INR,Shopify business address in India; prices in INR; .in domain; Indian postal address on site; +91 phone number,Shopify business address,tranco
samstoy.in,Sam's Toy World ,support@samstoy.in; sam_shukla2525@yahoo.co.in,+919664998614,https://instagram.com/sams.toy.amdavad,https://facebook.com/samstoyamdavad,https://twitter.com/@samstoyworld,,https://youtube.com/channel/UCs4EbVeMNwg6N8lzilnAeyA,toys & games,Sam's Toy World | Buy Toys | Ride on bike | Games | Sport | Gift | Battery Operated Car Bike | Decoration Items | Stores at Bodakdev | Gurukul Road | South Bopal | SG Highway | satellite | Rannapark | Ghatlodia | sam Near me | Ahmedabad | Gujarat | India | Best Price Shops | All Brands | Offer Sale Rate | Home Delivery,https://samstoy.in/cdn/shop/files/Logo_8518a722-51ab-44d4-bcab-644c95327aca.png?v=1724223078,Gujarat,Ahmedabad,samstoy-in.myshopify.com,INR,Shopify business address in India; prices in INR; .in domain; GSTIN on site; Indian postal address on site; +91 phone number,Shopify business address,tranco
sanfe.in,Sanfe,care@sanfe.in; bulkquery@sanfe.in,+919643064522,https://instagram.com/sanfeindia,https://facebook.com/profile.php?id=100086588636997,https://x.com/sanfe_india,https://linkedin.com/company/sanfeofficial,https://youtube.com/channel/UCO6msHL6wSfYUNX1Ug7bx-g,skincare,"Discover Sanfe’s range of women’s wellness and intimate care products designed to keep you fresh, confident, and comfortable every day.",https://sanfe.in/cdn/shop/files/sanfe_logo_1_1.png?v=1641456006,Delhi,Delhi,sanfeshop.myshopify.com,INR,Shopify business address in India; prices in INR; .in domain; Indian postal address on site; +91 phone number,Shopify business address,tranco
www.sanskrutihomes.in,SanskrutiHomes.in,support@sanskrutihomes.in,+917426946465,https://instagram.com/sanskrutihomes,https://facebook.com/Sanskrutihomes11,,,https://youtube.com/@sanskrutihomesofficial,women's apparel,"⚡️Shop our Trendy Cotton Night Suits, Co-ord Sets, Kurta, Dresses, Handbags for Ladies & Home Decor Products. Buy @ Lowest Price ✓Free Shipping ✓Best Offers.",https://www.sanskrutihomes.in/cdn/shop/files/sanskruti-homes-logo-180.jpg?v=1782301983,Rajasthan,Jaipur,sanskriti-homes-store.myshopify.com,INR,Shopify business address in India; prices in INR; .in domain; Indian postal address on site; +91 phone number,Shopify business address,tranco
sarafabazar.in,HM Sarafa Bazar India Pvt Ltd,contact@sarafabazar.in,+917668377540; +919266622221,https://instagram.com/sarafabazar.in,https://facebook.com/sarafabazarindia,,https://linkedin.com/company/sarafabazar,https://youtube.com/channel/UC03Lc9INLfY4DqeaxOwvxig,jewellery,Sarafa Bazar India online B2B Jewelley platform. Find leading jewellery manufactures & wholesalers. Promote jewellery manufacturing & wholesaling business.,https://sarafabazar.in/cdn/shop/files/LOGO_WHITE.png?v=1626352796,Uttar Pradesh,Saharanpur,sarafa-bazaar.myshopify.com,INR,Shopify business address in India; prices in INR; .in domain; Indian postal address on site; +91 phone number,Shopify business address,tranco
www.sarashape.in,Sarashape,sarashapee@gmail.com,+8220933310; +918220933310,https://instagram.com/sara.shapewear.in,https://facebook.com/sara.shapewear,,,https://youtube.com/@sarashape,"apparel, ethnic wear",a clothing store with a mission to empower people of all shapes and sizes. We believe that everybody is beautiful and that everyone should be able to find stylish and flattering clothing.,https://www.sarashape.in/cdn/shop/files/3_1.gif?v=1782738575,Tamil Nadu,Coimbatore,sarashape-3.myshopify.com,INR,Shopify business address in India; prices in INR; .in domain; +91 phone number,Shopify business address,tranco
sassafras.in,SASSAFRAS,support@sassafras.in; bulk@sassafras.in; franchise@sassafras.in; marketing@sassafras.in,,https://instagram.com/sassafrasindia,https://facebook.com/sassafrasindia,,https://linkedin.com/company/sassafrasfashion,https://youtube.com/@sassafrasindia,apparel,"Online shopping for women fashion in India. Buy trendy jeans, tops, dresses, jeggings, shorts, skirts, and more. Affordable styles, fast delivery, free shipping, COD, and easy returns across India.",https://sassafras.in/cdn/shop/files/Sassafras_Text_Logo_ORIGINAL_2015_380x_e40aa4ec-4ceb-4174-874d-2cfd02b83114-removebg-preview_1.png?v=1685112210,Haryana,Gurugram,sassafras-fashion.myshopify.com,INR,Shopify business address in India; prices in INR; .in domain; Indian postal address on site,Shopify business address,tranco
www.satratraders.co.in, Satra Fashion Jewellery & Accessories Pvt. Ltd.,support@satratraders.co.in,+919372756432,https://instagram.com/satra.traders,https://facebook.com/satra.traders,,,https://youtube.com/channel/UC1UJM2ZqoTXm0YrOYaN5R9Q,jewellery,"Find high-quality jewelry making supplies at wholesale prices at Satra Traders. We offer a wide variety of beads, charms, findings, and more. Fast shipping & excellent customer service.",https://www.satratraders.co.in/cdn/shop/files/logo.webp?v=1744447855,Maharashtra,Mumbai,satratraders-marketing.myshopify.com,INR,Shopify business address in India; prices in INR; .in domain; Indian postal address on site; +91 phone number,Shopify business address,tranco
www.satvikstore.in,satvikstore.in,support@satvikstore.in,+919861743000,https://instagram.com/satvikstore.in,https://facebook.com/satvikstore.in,,,https://youtube.com/@satvikspirituals,"home decor, apparel","Buy Puja Items & Pooja Samagri Online at best price. Explore Brass Deepak, Kerala Diya, Shankh, Ghee Diya Jyoti, Brass Idols, Rakhi online for brother, Eco Friendly Ganesha. No 1 and Best Place to Buy 100% Original and Authentic Nepali Rudraksha. Original Karungali mala, Tulsi Mala, Sandalwood Chandan Mala online.",https://www.satvikstore.in/cdn/shop/files/satvik-logo-only-p.png,Delhi,Delhi,satvikstore-in.myshopify.com,INR,Shopify business address in India; prices in INR; .in domain; Indian postal address on site; +91 phone number,Shopify business address,tranco
satyamkraft.in,Satyam Kraft,sales.satyamkraft@gmail.com,+919512173077,https://instagram.com/satyam_kraft_official,https://facebook.com/satyamkraft,,,,home decor,Today’s Deals - Folding Boxes,https://satyamkraft.in/cdn/shop/files/satyam-carft-logo-registered.jpg?v=1614298017,Gujarat,Surat,satyamkraft.myshopify.com,INR,Shopify business address in India; prices in INR; .in domain; Indian postal address on site; +91 phone number,Shopify business address,tranco
saubhagyavati.in,Saubhagyavati Jewellery,hello@saubhagyavati.in,+917620979798,https://instagram.com/saubhagyavati.in,https://facebook.com/saubhagyavati.in,https://twitter.com/saubhagyavatiin,,https://youtube.com/@Saubhagyavati,jewellery,"Handcrafted Masterpieces where tradition and beauty intertwine. Discover exquisite flower jewelry and handmade items for Haldi, Mehndi, and Baby Showers. Unleash the timeless elegance of floral adornments. Shop now",https://saubhagyavati.in/cdn/shop/files/Saubhagyavati_pink_logo_svg.svg?v=1725940471,Maharashtra,Chhatrapati Sambhajinagar,saubhagyavati.myshopify.com,INR,Shopify business address in India; prices in INR; .in domain; Indian postal address on site; +91 phone number,Shopify business address,tranco
saudewala.in,Saudewala,support@saudewala.in,+919211594201,https://instagram.com/saudewalaindia,,,,https://youtube.com/@saudewalaind,electronics & gadgets,"Buy certified refurbished laptops, servers, workstations, SSDs, and graphic cards in India. Saudewala offers tested products from HP, Dell & Lenovo with warranty, high performance, and affordable pricing for business and personal use.",https://saudewala.in/cdn/shop/files/Untitled_design_9.png?v=1689144427,Uttar Pradesh,Ghaziabad,saudewala.myshopify.com,INR,Shopify business address in India; prices in INR; .in domain; Indian postal address on site; +91 phone number,Shopify business address,tranco
sayy.in,Sayy,care@sayy.in,+919660070761; +918094049755; +917737309710,https://instagram.com/sayy_hair,,,,,"haircare, health & nutrition","At SAYY, we combine the purity of nature with the power of Ayurveda to bring you products that genuinely care for you.",https://sayy.in/cdn/shop/files/sayy-header-logo.png?v=1785659089,Rajasthan,Jaipur,sayyweb.myshopify.com,INR,Shopify business address in India; prices in INR; .in domain; Indian postal address on site; +91 phone number,Shopify business address,tranco
sbcollection.co.in,SB COLLECTION,sbcollectiontgode@gmail.com,+7904951150; +916379606068,https://instagram.com/sbcollection_tiruchengode,,,,https://youtube.com/@sbcollectiontiruchengode,"ethnic wear, women's apparel","Shop the latest women’s fashion at SB Collection. Discover trendy dresses, ethnic wear, and stylish outfits at affordable prices with fast delivery across India.",https://sbcollection.co.in/cdn/shop/files/photo_2026-02-09_16-44-13-removebg-preview.png?v=1770636059,Tamil Nadu,Tiruchengode,sbcollectionclothing.myshopify.com,INR,Shopify business address in India; prices in INR; .in domain; +91 phone number,Shopify business address,tranco
sbwatches.in,SB WATCHES,sbwatches8@gmail.com,+919209555471,https://instagram.com/sb_new_nagpur,,,,,watches,"At SB WATCHES, we believe a watch is more than something that tells time. It is an expression of personality, confidence, and individual style. Our aim is to bring you stylish and eye-catching timepieces that help you make a statement without compromising on value.",https://sbwatches.in/cdn/shop/files/logo_sb_watches.jpg?v=1765363218,Maharashtra,Nagpur,pr0ffr-dk.myshopify.com,INR,Shopify business address in India; prices in INR; .in domain; Indian postal address on site; +91 phone number,Shopify business address,tranco
scalearts.in,Scale Arts India,info@scaleartsin.com; scaleartsindia@gmail.com,+918237018707,https://instagram.com/scaleartsindia,https://facebook.com/ScaleArtsInwebshop,,,https://youtube.com/@ScaleArtsIndia,collectibles & hobbies,"Scale Arts In. We offer various brands like Solido, Kyosho, Norev, Maisto, Bburago, GT Spirit, Schuco, Stance hunters, Tarmac, TimeMicro & Many more diecast and resin scale models. Scale Arts India",https://sb.secomapp.com/images/artwork/sb_logo_5956_1783439748.png,Maharashtra,Pune,scale-arts-india.myshopify.com,INR,Shopify business address in India; prices in INR; .in domain; Indian postal address on site; +91 phone number,Shopify business address,tranco
www.scentari.in,Scentari,info@scentari.in,,https://instagram.com/thescentari,,,,,fragrances,"Experience handcrafted perfumes that blend creativity, luxury, and lasting impressions for true connoisseurs.",https://www.scentari.in/cdn/shop/files/logo-png.png?v=1744222100,Madhya Pradesh,Indore,scentariin.myshopify.com,INR,Shopify business address in India; prices in INR; .in domain,Shopify business address,tranco
scentira.in,Scentira,support@scentira.in,+916280078966,,,,,,fragrances,"Buy best luxury perfumes & decants online for men & women at best price in India. Explore Scentira's range of long lasting perfumes, colognes & fragrances samples.",https://scentira.in/cdn/shop/files/2ea36ce172bf7b28187f759290353e040d1ca39b.png?v=1750331993,Punjab,Zirakpur,scentira.myshopify.com,INR,Shopify business address in India; prices in INR; .in domain; +91 phone number,Shopify business address,tranco
scentoria.co.in,Scentoria,info@scentoria.co.in,+919522828952,https://instagram.com/scentoria_,https://facebook.com/profile.php?id=100064060112708,,,,fragrances,Welcome to India's leading destination for niche fragrances.,https://scentoria.co.in/cdn/shop/files/Scentoria_Header.png?v=1773858413,Maharashtra,Thane,scentoria-india.myshopify.com,INR,Shopify business address in India; prices in INR; .in domain; Indian postal address on site; +91 phone number,Shopify business address,tranco
scooboo.in,SCOOBOO ,support@scooboo.in,+919875923993,https://instagram.com/scooboo.in,https://facebook.com/Scooboo.in,https://twitter.com/ScoobooIn,,https://youtube.com/channel/UCuGR5Zk7v4zKDHeHh8wsV8Q,books & stationery,"Are you looking to buy stationery online in India? Visit Scooboo (art and craft shop near you) and buy the latest stationery, art supplies, craft material, and desk tools at reasonable prices. Scooboo is India’s largest one stop store for art and craft supplies.",https://scooboo.in/cdn/shop/files/SCOOBOO_LOGO.png?v=1614307628,Chandigarh,CHANDIGARH,scooboo-in.myshopify.com,INR,Shopify business address in India; prices in INR; .in domain; +91 phone number,Shopify business address,tranco
scrubsy.co.in,Scrubsy,cs@scrubsy.co.in,,https://instagram.com/scrubsy.official,https://facebook.com/scrubsy.official,,,,"footwear, home & kitchen",A brand by BoldChem Science Pvt Ltd · Founded 2025 · Made in India,https://scrubsy.co.in/cdn/shop/files/12_65d1b992-7c74-48fc-89c8-e2c7dbec82b0.png?v=1743251480,Delhi,Delhi,id974k-11.myshopify.com,INR,Shopify business address in India; prices in INR; .in domain; GSTIN on site; Indian postal address on site,Shopify business address,tranco
scssports.in,SCS Sports,support@scssports.in,+917021668726,https://instagram.com/scssports.in,https://facebook.com/SelectionCentreSports,,,,sports & fitness,"Shop all your sports accessories and gear at SCS Selection Centre Sports, India’s leading e-commerce store. we offer a wide range of sports accessories and equipment to help you perform at your best.",https://scssports.in/cdn/shop/files/scs_logo_open_icon_only_300x300_2x_e0ce2643-9da5-4d52-bea7-74caf175f344.webp?v=1763546203,Maharashtra,Mumbai,scs-sports-bb.myshopify.com,INR,Shopify business address in India; prices in INR; .in domain; Indian postal address on site; +91 phone number,Shopify business address,tranco
www.securement.in,Securement Packaging Private Limited,care@securement.in,+919429567700,https://instagram.com/securementpackaging,https://facebook.com/Securement,https://twitter.com/i,,https://youtube.com/@SECUREMENT-eCommercePackaging,bags & accessories,"Buy tamper-proof courier bags, poly mailers and e-commerce packaging material online in India. Free shipping, GST invoice, bulk pricing available.",https://www.securement.in/cdn/shop/files/SECUREMENT_PACKAGING_LOGO_200_px.jpg?v=1696496779,Gujarat,Ahmedabad,securement-packaging-private-limited.myshopify.com,INR,Shopify business address in India; prices in INR; .in domain; Indian postal address on site; +91 phone number,Shopify business address,tranco
seeaash.in,Seeaash,info@seeaash.in,+919266404590; +917982945488,https://instagram.com/seeaash.in,https://facebook.com/seeaash.label,,https://linkedin.com/company/seeaash,https://youtube.com/@seeaash,ethnic wear,"Immaculate tailoring and attention to handcrafted details, our garments speak of subtle elegance. Traditional Indian silhouettes meet contemporary design details in a mix of a wide range of options from tunics, dresses, kurta sets, sarees and lehengas.",https://seeaash.in/cdn/shop/files/Seeaash_Horizontal_logo.png?v=1720005290,Haryana,Gurugram,seeaash.myshopify.com,INR,Shopify business address in India; prices in INR; .in domain; Indian postal address on site; +91 phone number,Shopify business address,tranco
seikowatches.co.in,SEIKO WATCHES INDIA,,,https://instagram.com/seikoindia,https://facebook.com/seiko.in,https://x.com/SeikoIndia,https://linkedin.com/company/seiko-india,https://youtube.com/@SeikoIndiaOfficial,watches,"Buy Seiko Watches in India. Over 130 years of craftsmanship, that make each of these watches incredibly reliable, available now at official online India store.",https://seikowatches.co.in/cdn/shop/files/Seiko-01_logo_91421694-d456-4cd4-b610-9b4c5f231260.png?v=1680781852,Maharashtra,Mumbai,seikoshopin.myshopify.com,INR,Shopify business address in India; prices in INR; .in domain,Shopify business address,tranco
www.selectedhomme.in,Selected-India,help@selectedhomme.in,1800-266-0003,https://instagram.com/selectedindia,https://facebook.com/SELECTEDIndia,https://x.com/SelectedIndia,,https://youtube.com/@selectedindia8028,men's apparel,"Explore premium men’s clothing crafted from quality fabrics and modern designs. Elevate your wardrobe with timeless, contemporary style.",https://www.selectedhomme.in/cdn/shop/files/MAIN_LOGO.svg?v=1753949140,Maharashtra,Mumbai,selected-homme.myshopify.com,INR,Shopify business address in India; prices in INR; .in domain,Shopify business address,tranco
selectwear.in,SELECT WEAR,,,,,,,,"electronics & gadgets, watches",,https://cdn.shopify.com/s/files/1/0833/8712/1912/files/Your_paragraph_text_12.png?v=1787349011,Uttar Pradesh,Lucknow,6z1ht7-d7.myshopify.com,INR,Shopify business address in India; prices in INR; .in domain,Shopify business address,tranco
sensesindia.in,Senses ,info@sensesindia.in; bulk@sensesindia.in; info@sesnsesindia.in,+919987943968; +917304943517,https://instagram.com/senses.India,,,https://linkedin.com/company/sensesindia,,apparel,"Epitome of Quiet Luxury , Senses makes the worlds best fitted polos and crews using the most unique fabrics.",https://sensesindia.in/cdn/shop/files/image_2.png?v=1760689455,Maharashtra,Mumbai,senses-india.myshopify.com,INR,Shopify business address in India; prices in INR; .in domain; +91 phone number,Shopify business address,tranco
seoulskin.in,SEOULSKIN,support@seoulskin.in; business@urbangabru.in,+917397810382,https://instagram.com/seoulskin.in,,,,https://youtube.com/@seoulskin,skincare,,https://seoulskin.in/cdn/shop/files/COLLAGEN_GLASS_SKIN-06.png?v=1734063768,Delhi,Delhi,617e0u-f4.myshopify.com,INR,Shopify business address in India; prices in INR; .in domain; +91 phone number,Shopify business address,tranco
seventen.in,seventen.in,support@7-10.in,+917204239677,https://instagram.com/svnten.in,,,,,"footwear, apparel","Shop 7-10 - Premium high-top, low-top & chunky sneakers, clothing and accessories for men and women. India's top design house | Free shipping and Easy returns nationwide.",https://seventen.in/cdn/shop/files/svn_ten_logo.png?v=1768224366,Karnataka,Bangalore ,7-10-in.myshopify.com,INR,Shopify business address in India; prices in INR; .in domain; Indian postal address on site; +91 phone number,Shopify business address,tranco
sgboutique.in,sgboutique.in,vimalaguhan1986@gmail.com,+919176082645,https://instagram.com/sg_boutique28,https://facebook.com/sgboutique,,,https://youtube.com/@SGBoutique,ethnic wear,"At SG BOUTIQUE, founded by S. Vimala, we believe fashion is more than just clothing - it is a reflection of your personality, confidence, and elegance. Our journey began with a passion for bringing together timeless tradition and modern style. Each saree and outfit in our collection is carefully sourced from skilled artisans and trusted suppliers, ensuring authenticity, quality, and beautiful craftsmanship.",https://sgboutique.in/files/SG_boutique_1_30d56422-e97e-4c0d-8cae-d5b41e7469fb.png,Tamil Nadu,Chennai,sgboutique-in.myshopify.com,INR,Shopify business address in India; prices in INR; .in domain; +91 phone number,Shopify business address,tranco
shahnaz.in,shahnaz.in,support@shahnaz.in,+911149000999; 1800-313-1477,https://instagram.com/shahnazhusain_official,https://facebook.com/ShahnazHusainOfficial,,,https://youtube.com/channel/UCJ5ocFq9mzns1-XPolHKLWA,skincare,"Discover Shahnaz Husain's premium Ayurvedic skincare, hair care & beauty kits. Natural formulas trusted for 50+ years. Shop luxury herbal beauty made in India.",https://shahnaz.in/cdn/shop/files/logo_a1a3217f-f63e-4032-840b-932a45a330d2.png?v=1734088264,Delhi,New Delhi,shahnaz-in.myshopify.com,INR,Shopify business address in India; prices in INR; .in domain; Indian postal address on site; +91 phone number,Shopify business address,tranco
shakehands.co.in,ShakeHands,contact@shakehands.co.in,+919321963738,https://instagram.com/shakehandsindia,https://facebook.com/Shakehands,https://twitter.com/shakehandsindia,,,pet supplies,"Best online pet store for all your pet supplies and pet products. Buy pet essentials online at Shakehands. Shop For Dog Food, Cat Food, dog treats, dog toys, cat toys & Much more.",https://shakehands.co.in/cdn/shop/files/black.png?v=1657213215,Maharashtra,Mumbai,shake-hands-f51f.myshopify.com,INR,Shopify business address in India; prices in INR; .in domain; GSTIN on site; Indian postal address on site; +91 phone number,Shopify business address,tranco
shapermen.in,shapermen ,support@arsellerecomindia.com,+918046809617,https://instagram.com/shapermen,,,,,,"At ShaperMen , we believe confidence isn’t just about what you wear — it’s about how you feel in your own skin. We’re India’s first dedicated men’s shapewear brand , built for men who want to look sharp, feel powerful, and carry themselves with effortless confidence.",https://shapermen.in/cdn/shop/files/Shaperpeach.png?v=1756383487,Delhi,Delhi,gqusci-it.myshopify.com,INR,Shopify business address in India; prices in INR; .in domain; GSTIN on site; Indian postal address on site; +91 phone number,Shopify business address,tranco
shaperpeach.in,Shaper Peach,support@shaperpeach.in,+918046810804,https://instagram.com/shaperpeachofficial,https://facebook.com/shaperpeachofficial,,,,apparel,"PeachFix Body Glue – Sweat-Proof, No-Slip Hold",https://shaperpeach.in/cdn/shop/files/TEXT-SHORTS-BLACK-1.png?v=1757483721,Delhi,New Delhi,2a008c-3.myshopify.com,INR,Shopify business address in India; prices in INR; .in domain; GSTIN on site; Indian postal address on site; +91 phone number,Shopify business address,tranco
shapingindia.in,Shaping India,shapeuindia@gmail.com,+919007480722,,,,,,apparel,"At Shape U , we believe that every woman deserves to feel confident, elegant, and empowered in her own body. We are India’s premium shapewear brand, dedicated to designing shapewear that not only enhances your natural curves but also provides unmatched comfort for all-day wear.",https://shapingindia.in/cdn/shop/files/original_color_shaping_india.png?v=1762541052,West Bengal,South Dumdum,jvafvv-n0.myshopify.com,INR,Shopify business address in India; prices in INR; .in domain; +91 phone number,Shopify business address,tranco
sharkninja.in,SharkNinja,customerservice@sharkninja.in,1800-296-0076,https://instagram.com/sharkhome.india,https://facebook.com/profile.php?id=61578699968363,,,,home & kitchen,"Shop SharkNinja for vacuums, floor cleaners, kitchen appliances, Beauty and more innovative products designed to make everyday life easier.",https://cdn.shopify.com/s/files/1/0693/6503/9243/files/shark-ninja-logo_1.svg?v=1790319500,Gujarat,Ahmedabad,sharkninja-india.myshopify.com,INR,Shopify business address in India; prices in INR; .in domain,Shopify business address,tranco
sharkperfume.in,shark perfume,contact@sharkperfume.in,+919082294161,https://instagram.com/sharkperfume.in,,,,,fragrances,Welcome to SharkPerfume – where every bottle tells a story and each fragrance is crafted with love.,https://sharkperfume.in/cdn/shop/files/SHARKPERFUME_TRANSPARENT_LOGO_6e7b9aab-aa75-4f5b-9c3a-340bb0b08447.png?v=1748003821,Maharashtra,mumbai,wzvyqw-dq.myshopify.com,INR,Shopify business address in India; prices in INR; .in domain; Indian postal address on site; +91 phone number,Shopify business address,tranco
shockware.in,Shockware.in,,,,,,,,electronics & gadgets,High Quality Mobile Spare Parts,https://shockware.in/cdn/shop/files/Logo_87cc0f69-44ad-4c8e-80dd-d29c67380a62.png?v=1734277592,Telangana,Hyderabad,mobilesparepart.myshopify.com,INR,Shopify business address in India; prices in INR; .in domain,Shopify business address,tranco
shoekeens.in,Shoekeens,shoekeensofficial@gmail.com,+918800749688,,,,,,footwear,,https://shoekeens.in/cdn/shop/files/Untitled_design_83.png?v=1768297647,Haryana,faridabad,v1isan-0n.myshopify.com,INR,Shopify business address in India; prices in INR; .in domain; +91 phone number,Shopify business address,tranco
shoeshock.in,Shoe Shock,shoeshock.in@gmail.com,+918437601202; +918054726474,,,,,,footwear,D-Low Ghost of Akina AE86,https://shoeshock.in/cdn/shop/files/Vj53pOu2_3859662c-d3fc-4421-a3de-cf9b3694ab84.png?v=1769168087,Punjab,Jalandhar,am3q0v-3t.myshopify.com,INR,Shopify business address in India; prices in INR; .in domain; Indian postal address on site; +91 phone number,Shopify business address,tranco
shop.appuseries.com,Appu Store,info@appuseries.com,+918022254850; +918041125594,https://instagram.com/appuseries,https://facebook.com/AppuTheYogicElephant,,,https://youtube.com/user/APPUSERIES,"toys & games, kids & baby","Appu Series has the perfect collection of gifts for kids ranging from Appu toys, T-Shirts crafts and games. Head to the Appu store for a variety of exciting kids products.",https://shop.appuseries.com/cdn/shop/files/image_177.png?v=1761646536,Karnataka,Bengaluru,appu-series.myshopify.com,INR,Shopify business address in India; prices in INR; Indian postal address on site; +91 phone number,Shopify business address,commoncrawl
shop.teamsg.in,TeamSG,support@sgretail.in; operations@teamsg.in,+919068898450,https://instagram.com/sgcricketofficial,https://facebook.com/sgcricket,https://x.com/sgcrickett,,https://youtube.com/c/SGCricketOfficial,"apparel, sports & fitness",,https://shop.teamsg.in/cdn/shop/files/NEW_LOGO_SG_BLACK-20-01.png?v=1768920009,Uttar Pradesh,Meerut,teamsg.myshopify.com,INR,Shopify business address in India; prices in INR; .in domain; +91 phone number,Shopify business address,tranco
shopdop.in,shopdop.in,shopdop.in@gmail.com,+917289918991; +919599838935; +917289898787,https://instagram.com/shopdop.in,https://facebook.com/shopdop.in,,,https://youtube.com/@ShopDop,tobacco & smoking,"Get home delivery of wide range of premium hookah products online at shopdop.in. We deal in thousands of shisha model variants, good brands of molasses / flavors, accessories, chillums, charcoal etc. Cash on delivery is also available. Trust #shopdop",https://shopdop.in/cdn/shop/files/Al_Fakher_Logo_png.jpg?v=1689668705,Delhi,Noida,shopdopin.myshopify.com,INR,Shopify business address in India; prices in INR; .in domain; +91 phone number,Shopify business address,tranco
shopdori.in,My Store,help@shopdori.com,+919315098575,https://instagram.com/shopdori,,,,,ethnic wear,"Explore trendy and modern short kurtis for women and girls, perfect for pairing with jeans. Discover stylish short kurti designs to elevate your everyday look.",https://shopdori.in/cdn/shop/files/logo.jpg?v=1728828841,Uttar Pradesh,GHAZIABAD,0a53d2-4d.myshopify.com,INR,Shopify business address in India; prices in INR; .in domain; +91 phone number,Shopify business address,tranco
shopfootball.in,Shop Football,support@shopfootball.in,,https://instagram.com/shopfootball.in,,https://twitter.com/shopfutball,,,"sports & fitness, women's apparel","We at Shop Football are fans of the beautiful game just like you! Encapsulating the plethora of emotions from the realms of football and combining them with fashion trends in our designs, materialising them for you to wear in.",https://shopfootball.in/cdn/shop/files/Final-Logo-2_02111441-91be-40a0-89ed-a831e32b3124.webp?v=1706552876,Maharashtra,Mumbai,3b0520-2.myshopify.com,INR,Shopify business address in India; prices in INR; .in domain; Indian postal address on site,Shopify business address,tranco
www.shopmurphy.in,Murphy Lightings,care@murphylightings.com; sales@murphylightings.com; mktg@murphylightings.com,+919680912290,https://instagram.com/murphylightings,https://facebook.com/MurphyLightings,https://x.com/lightingmurphy,https://linkedin.com/company/murphy-lightings-1972,,home decor,"Murphy Light – India’s trusted lighting brand offering premium LED lights, stylish light fixtures, and exquisite decorative lighting. Explore energy-efficient, modern designs for homes & offices.",https://www.shopmurphy.in/cdn/shop/files/LOGO_COLOR_1.png?v=1752708048,Rajasthan,Jaipur,murphy-lightings.myshopify.com,INR,Shopify business address in India; prices in INR; .in domain; GSTIN on site; Indian postal address on site; +91 phone number,Shopify business address,tranco
shopsbuy.in,shopsbuy.in,helpcenter48h@gmail.com,,,,,,,,,https://shopsbuy.in/cdn/shop/files/image.png?v=1781094063,Rajasthan,CHURU,qc0eue-5x.myshopify.com,INR,Shopify business address in India; prices in INR; .in domain,Shopify business address,tranco
www.shoptupperware.in,Tupperware India Pvt Ltd, ShopTupp@tupperware.com; customercareindia@tupperware.com,+9818090371; 1800-103-6678,https://instagram.com/tupperware_india,https://facebook.com/TupperwareIndia,https://x.com/tupperwarein,https://linkedin.com/company/tupperware-india,https://youtube.com/@TupperwareIndiaOfficial,home & kitchen,"Shop genuine Tupperware products & explore business opportunities. Discover top-quality storage, lunch solutions & more. Join as a consultant today!",https://cdn.shopify.com/s/files/1/0692/5185/8648/files/Tupperware.png?v=1729152088,Haryana,Gurugram,apac-india-dev.myshopify.com,INR,Shopify business address in India; prices in INR; .in domain; Indian postal address on site,Shopify business address,tranco
shozon.in,Shozon,support@shozon.in,+918826125323,,,,,,footwear,"At Shozon , we believe shoes are more than just a necessity – they are a reflection of comfort, style, and performance. That’s why we are committed to bringing you a wide selection of high-quality footwear designed to match your lifestyle, whether you’re hitting the track, stepping into the gym, styling your everyday look, or making a bold fashion statement.",https://shozon.in/cdn/shop/files/Shozon_Logo_T.svg?v=1776369009,Delhi,New Delhi,20968z-6y.myshopify.com,INR,Shopify business address in India; prices in INR; .in domain; Indian postal address on site; +91 phone number,Shopify business address,tranco
shreejifoods.in,Shreeji Foods,sales@shreejifoods.in,+917045620827; +919321204290,https://instagram.com/shreejifooods,https://facebook.com/ShreejiDryFoods,,,,food & beverages,"Buy premium quality dry fruits online from Shreeji Foods and get them delivered anywhere in Mumbai, India. Explore a wide range of almonds, cashews, raisins, salted pistachios, figs, Kaju Katli, dried kiwi, and more. Enjoy unbeatable freshness, rich flavors, and the best quality for all your snacking and gifting needs.",https://shreejifoods.in/cdn/shop/files/SF-logo-without-tag.png?v=1615323956,Maharashtra,Mumbai,shreji-foods.myshopify.com,INR,Shopify business address in India; prices in INR; .in domain; +91 phone number,Shopify business address,tranco
shriposhak.in,Shriposhak.in,shriposhak3090@gmail.com,+917417122836; +915653554030,https://instagram.com/shri_poshak,https://facebook.com/shri.poshak.666,https://twitter.com/ShriPoshak,,https://youtube.com/@shriposhak1703,apparel,"Our products include a wide range of Deity products like Deity Dress (Designer LadooGopal / LadduGopal Dresses & Poshaks, Radha Krishna Designer Dress, LehengaPatka), Deity Ornaments (Kalgi, Bansuri, Mukut Mala Set, Pagdi, Bindi , Kundal) and many more.",https://cdn.shopify.com/s/files/1/0711/8546/5634/files/desktop_header.png?v=1786188783,Uttar Pradesh,MATHURA,shriposhak-in.myshopify.com,INR,Shopify business address in India; prices in INR; .in domain; Indian postal address on site; +91 phone number,Shopify business address,tranco
www.shrishtijewels.in,Shrishti Jewels,shrishtijewelsonline@gmail.com,+917306617582; +917907891968,https://instagram.com/shrishti__jewels,https://facebook.com/profile.php?id=61550599574360,,,https://youtube.com/@shrishti___,jewellery,"Shrishti Jewels is an online jewellery store offering a captivating collection of premium quality, unique designs at affordable prices.",https://www.shrishtijewels.in/cdn/shop/files/WhatsApp_Image_2023-12-07_at_12.17_2_e2fed50e-a920-49a0-ab00-7f672fcf9c42.png?v=1733453096,Kerala,Palakkad,15c825-3.myshopify.com,INR,Shopify business address in India; prices in INR; .in domain; +91 phone number,Shopify business address,tranco
www.shyle.in,shyle,support@shyle.in,+918384069624,https://instagram.com/shylebyastha,https://facebook.com/shylebyastha,,,,jewellery,"Shop 92.5 silver jewellery handcrafted in Jaipur — earrings, necklaces, bangles, kadas & anklets. Cash on delivery, free shipping across India & worldwide.",https://cdn.shopify.com/s/files/1/0693/3934/9222/files/shyle_logo.png_1.webp?v=1715685888,Rajasthan,Jaipur,shylenew.myshopify.com,INR,Shopify business address in India; prices in INR; .in domain; Indian postal address on site; +91 phone number,Shopify business address,tranco
www.sicsense.in,Sicsense,support@sicsense.in,+919167120360,https://instagram.com/sicsense.in,,,,,jewellery,Accessories That Make Sense ~ NECKCHAINS PENDANTS EARRINGS BRACELETS RINGS PEARLS CHAINS,https://www.sicsense.in/cdn/shop/files/logo.png?v=1770888804,Rajasthan,Kota,0srnet-ks.myshopify.com,INR,Shopify business address in India; prices in INR; .in domain; Indian postal address on site; +91 phone number,Shopify business address,tranco
www.sillageperfumes.in,Sillage Perfumes,support@sillageperfumes.in; praveen.rajesh@gmail.com,+918904620890,https://instagram.com/sillageperfumesindia,https://facebook.com/profile.php?id=61574830988287,,,https://youtube.com/@sillageperfumes,fragrances,Shop best-selling luxury perfume brands at Sillage Perfumes. Explore niche fragrances and affordable decants for men and women at the best prices.,https://www.sillageperfumes.in/cdn/shop/files/logo-color_fc297ded-d204-409c-8755-aaca9d8700f0.png?v=1742212603,Karnataka,Bengaluru,fq76dj-9i.myshopify.com,INR,Shopify business address in India; prices in INR; .in domain; Indian postal address on site; +91 phone number,Shopify business address,tranco
www.silverfied.in,Silverfied,support@silverfied.in,+919811945925,https://instagram.com/silverfied,https://facebook.com/silverfied,,,https://youtube.com/@Silverfied,jewellery,"925 Silver jewelery for your piercings. Earrings for all the piercings, easy to wear, skin friendly, fairly priced and anti tarnish. Hypoallergenic and skin friendly for Helix, conch, lobe, Tragus and other piercings.",https://www.silverfied.in/cdn/shop/files/main-logo.svg?v=1749719008,Delhi,New Delhi,silverfied925shop.myshopify.com,INR,Shopify business address in India; prices in INR; .in domain; Indian postal address on site; +91 phone number,Shopify business address,tranco
silverora.in,My Store,support.silverora@gmail.com,,,,,,,jewellery,,,Uttar Pradesh,Greater noida,wcdvfi-st.myshopify.com,INR,Shopify business address in India; prices in INR; .in domain,Shopify business address,tranco
www.simpleskincare.in,Simple Skincare,support@simpleskincare.in; lever.care@unilever.com; grievance.officer-privacy@unilever.com,+917669300374; 1800-102-2221,https://instagram.com/simpleskincareindia,https://facebook.com/simpleskincareindia,,,https://youtube.com/channel/UCzJfJLTsmRFcAwy7bk4o6pw,skincare,Simple Skincare excludes more than 2000+ harsh chemicals and has no artificial fragrance or colour. Shop for Simple Skincare online and get up to 30% OFF.,https://www.simpleskincare.in/cdn/shop/files/Simple_Logo_400x160_f1ca9ee2-b98c-484f-ae93-15897ffabcc0.png?v=1700634463,Maharashtra,Mumbai,simpleskincareindia.myshopify.com,INR,Shopify business address in India; prices in INR; .in domain; Indian postal address on site; +91 phone number,Shopify business address,tranco
www.simplyshopping.in,simplyshopping.in,info@simplyshopping.in; cs@simplyshopping.in,+918554997994,https://instagram.com/simplyshopping.india,https://facebook.com/simplyshopping.in,https://twitter.com/SimplyShopping4,,,electronics & gadgets,"Shop 100+ Electronic Products, Free Shipping on all orders. Happy Shopping.",https://www.simplyshopping.in/cdn/shop/files/imgonline-com-ua-ReplaceColor-sFF3Ike00e-removebg-preview.png?v=1619609827,Maharashtra,Nagpur,bathija-web-services.myshopify.com,INR,Shopify business address in India; prices in INR; .in domain; Indian postal address on site; +91 phone number,Shopify business address,tranco
sinderella.in,Sinderella,sales@sinderella.in,+919082301197,,,,,,apparel,"Shop lingerie, babydolls, swimwear & intimate wear online at Sinderella India. 500+ styles from Rs 399. COD available with 100% discreet packaging.",https://sinderella.in/cdn/shop/files/sinderella-original-wordmark-transparent.png?v=1789392185,Maharashtra,Mumbai,sinderella-in.myshopify.com,INR,Shopify business address in India; prices in INR; .in domain; GSTIN on site; Indian postal address on site; +91 phone number,Shopify business address,tranco
www.singhanias.in,Singhania's,designer@singhanias.in,+919281022700; +919912233310; +919505533310,https://instagram.com/singhanias_official,https://facebook.com/SinghaniasHyderabadOfficial,,,https://youtube.com/@Singhanias1881,ethnic wear,"Discover the epitome of luxury at Singhania's. Explore our premium and authentic saree collection, showcasing timeless craftsmanship. Enjoy Free Shipping!!",https://www.singhanias.in/cdn/shop/files/singhanias_logo_1.webp?v=1747823005,Telangana,Hyderabad,singhaniasstage.myshopify.com,INR,Shopify business address in India; prices in INR; .in domain; +91 phone number,Shopify business address,tranco
six5six.in,SIX5SIX,customercare@six5six.in; business@six5six.in,,https://instagram.com/dopamean.in,https://facebook.com/six5sixsport,https://twitter.com/six5sixsport,,https://youtube.com/c/SIX5SIX,apparel,SIX5SIX Sport | Team India Football Jersey | Team India Official Merchandise Store | Customize your Own Kit | Activewear,https://six5six.in/cdn/shop/files/IOA_-_Institutional_Logo_PNG.png?v=1783859765,Uttar Pradesh,Noida,six5six-sport.myshopify.com,INR,Shopify business address in India; prices in INR; .in domain; Indian postal address on site,Shopify business address,tranco
www.skillmatics.in,Skillmatics India,%20help@skillmatics.in; help@skillmatics.in; help@skillmaticsworld.com,+918422822545,https://instagram.com/skillmaticsindia,https://facebook.com/Skillmaticsindia,https://x.com/i,,https://youtube.com/@skillmatics8251,toys & games,"Skillmatics India brings you educational toys & games online. Enjoy fun learning with 100% safe, screen-free educational games that promote your child.",https://www.skillmatics.in/cdn/shop/files/Skillmatics_Logo_RGB_Skillmatics_Logo_Horizontal_NewBlue_1d81c4_1.webp?v=1690276402,Maharashtra,Mumbai,skillmaticsindia.myshopify.com,INR,Shopify business address in India; prices in INR; .in domain; +91 phone number,Shopify business address,tranco
www.skinbae.in,Skin Bae,support@skinbae.in,,https://instagram.com/skinbae.in,https://facebook.com/skinbae.in,,,https://youtube.com/c/SkinbaeIndia,skincare,Buy Korean skincare products online in India at SkinBae. All our products are 100% original. Explore and experience skincare secrets from all over the world.,https://www.skinbae.in/cdn/shop/files/SkinBae_Logo_black.png?v=1787552748,Telangana,Hyderabad,skinbae-in.myshopify.com,INR,Shopify business address in India; prices in INR; .in domain,Shopify business address,tranco
skininspired.in,SkinInspired,care@skininspired.in; contact@skininspired.in,+918905225598,https://instagram.com/skininspired.in,https://facebook.com/skininspired.in,,https://linkedin.com/company/skininspired,https://youtube.com/@skininspired,skincare,"SkinInspired provides a high-performance skincare range carefully designed for Indian skin. Achieve radiant, healthy skin with our expert dermat formulations.",https://skininspired.in/cdn/shop/files/Asset_1.png?v=1683054697,Rajasthan,Udaipur,skin-inspired.myshopify.com,INR,Shopify business address in India; prices in INR; .in domain; Indian postal address on site; +91 phone number,Shopify business address,tranco
sleepycat.in,Sleepycat India,info@sleepycat.in,+918588052247,https://instagram.com/sleepycat.in,https://facebook.com/sleepycat.in,https://x.com/SleepyCat_India,,https://youtube.com/channel/UCAyZiLLNy-f6oGl4J6uQrWQ,home & kitchen,"Mattress: SleepyCat offers India's best mattress online. Buy the highest-quality mattresses, beds, pillows, and mattress protectors online and get a 100-night free trial for Mattress. Order online and enjoy free delivery across India.",https://sleepycat.in/cdn/shop/files/website-logo.png?v=1741179018,Rajasthan,Alwar,sleepycat-india.myshopify.com,INR,Shopify business address in India; prices in INR; .in domain; GSTIN on site; +91 phone number,Shopify business address,tranco
www.slvsales.in,SLVSALES,info@slvsales.in,+919888824825,https://instagram.com/slvindia,https://facebook.com/slvindia,,,https://youtube.com/slvindia,electronics & gadgets,"Your search for professional DJ equipment ends here. Shop high-quality mixers, amplifiers, microphones, processors, and spare parts at SLVSALES. Perfect for your all kind of events.",https://www.slvsales.in/cdn/shop/files/SLV_LOGO_GOLD.png?v=1774007734,Punjab,Sahibzada Ajit Singh Nagar,x7kany-zz.myshopify.com,INR,Shopify business address in India; prices in INR; .in domain; Indian postal address on site; +91 phone number,Shopify business address,tranco
smokekart.in,SmokeKart,support@smokekart.in,,,,,,,tobacco & smoking,"India's premium smoking products online at SmokeKart. Explore a wide range of rolling tobaccos, cigarettes, pan masala & more at best price with free delivery.",https://smokekart.in/cdn/shop/files/smokekart-logo-short-s.png?v=1771977922,Maharashtra,Junnar,duumus-zf.myshopify.com,INR,Shopify business address in India; prices in INR; .in domain,Shopify business address,tranco
smoor.in,SMOOR,,+918822201202,https://instagram.com/smoorchocolates,,,https://linkedin.com/company/smoorchocolates,,food & beverages,"Discover premium gift hampers from SMOOR featuring luxury chocolates, gourmet treats, cookies, and festive gifts. Perfect for birthdays, anniversaries, etc",https://smoor.in/cdn/shop/files/SMOOR_New_logo.png?v=1787563450,Karnataka,Bengaluru,smoor-choco.myshopify.com,INR,Shopify business address in India; prices in INR; .in domain; +91 phone number,Shopify business address,tranco
snowra.in,Snowra Shop,contact@snowra.in,+919990099212,https://instagram.com/snowra.shop,,,,,women's apparel,"Snowra is made for couples, for bold souls, and for anyone who wears confidence like a second skin. We design lingerie for those who lead with desire, move with intention, and aren’t afraid to be seen exactly as they are.",https://snowra.in/cdn/shop/files/WhatsApp_Image_2026-08-26_at_2.11.40_PM.jpg?v=1787835348,Delhi,Delhi,znencr-qs.myshopify.com,INR,Shopify business address in India; prices in INR; .in domain; +91 phone number,Shopify business address,tranco
sockscarving.in,Sockscarving®,support@sockscarving.in; sockscarving.chiefgrievance@gmail.com; nodalofficer.sockscarving@gmail.com,+919723902649,https://instagram.com/sockscarving.in,https://facebook.com/sockscarving.001,https://twitter.com/sockscarving,https://linkedin.com/company/thesockscarving,,sports & fitness,"Sockscarving® offers premium quality cotton, bamboo & wool socks for men & women at affordable prices. Your one-stop shop for gym, office & daily wear socks.",https://sockscarving.in/cdn/shopifycloud/storefront/assets/no-image-2048-a2addb12.gif,Gujarat,Ahmedabad,f60f9f.myshopify.com,INR,Shopify business address in India; prices in INR; .in domain; Indian postal address on site; +91 phone number,Shopify business address,tranco
soie.in,SOIE Woman,customercare@soie.in,+919320092200,https://instagram.com/soiewoman,https://facebook.com/SoieWoman,https://twitter.com/SoieWoman,https://linkedin.com/company/soiewoman,https://youtube.com/@soiewoman,women's apparel,"Shop from our wide range of premium lingerie, activewear, and nightwear. SOIE offers high quality and affordable range of bras, panties, sportswear, cycling shorts, camisoles, shapewear, nightwear, and much more. Shop now and get the best deals and offers.",https://soie.in/cdn/shop/files/Untitled_design_3_f8c6ca56-5417-4f57-a316-a94c30b52510.png?v=1748347766,Gujarat,Surat,soie-apparels.myshopify.com,INR,Shopify business address in India; prices in INR; .in domain; +91 phone number,Shopify business address,tranco
www.solara.in,Solara Home,support@solara.in,+919676332222; +917989934526,https://instagram.com/solaraindia,https://facebook.com/solaraindia,https://twitter.com/solaraindia,,https://youtube.com/c/solarahome,home & kitchen,"Shop SOLARA air fryer ovens, pre-seasoned cast iron, triply cookware & cold press juicers. Free delivery across India, COD, EMI & 1-year warranty.",https://www.solara.in/cdn/shop/files/HW_6bf6d8e4-5007-4bcc-aa92-0008f7d91bf2.png?v=1665408329,Telangana,Hyderabad,dev-solara.myshopify.com,INR,Shopify business address in India; prices in INR; .in domain; +91 phone number,Shopify business address,tranco
solavea.in,SOLAVEA,,+919311302568,,,,,,fragrances,"At SOLAVEA , we believe fragrance is more than a scent—it's an expression of personality, confidence, and timeless elegance. Inspired by the rich heritage of traditional Indian attars and crafted for the modern fragrance lover, we create premium alcohol-free perfume oils that leave a lasting impression.",https://solavea.in/cdn/shop/files/Untitled_design_53.png?v=1782329692,Delhi,Delhi,u4ja11-fq.myshopify.com,INR,Shopify business address in India; prices in INR; .in domain; Indian postal address on site; +91 phone number,Shopify business address,tranco
www.sotrue.in,Sotrue,info@sotrue.in,+918800190489,https://instagram.com/sotrue.beauty,https://facebook.com/sotrue.in,,https://linkedin.com/company/sotrue,https://youtube.com/@Sotrue_in,"skincare, haircare","Sotrue - India’s first glow-first beauty brand. Discover strobe creams, body shimmers & multi-tasking glow essentials made for every Indian skin tone. Shop now & glow every day!",https://www.sotrue.in/cdn/shop/files/WHITE_SOTRUE_TEXT_1_1.png?v=1783331848,Uttar Pradesh,Noida,sotrue-store.myshopify.com,INR,Shopify business address in India; prices in INR; .in domain; Indian postal address on site; +91 phone number,Shopify business address,tranco
www.soulflower.in,Soulflower.in,cs@soulflower.in,+918080356666,https://instagram.com/soulflowerindia,https://facebook.com/besoulflowerindia,https://twitter.com/besoulflower,https://linkedin.com/company/soulflowerindia,https://youtube.com/@besoulflower,"haircare, skincare","Soulflower offers 100% pure, natural Rosemary Oil Certified Organic, handmade skin care, hair care, and body care products with scientific actives for all your needs. Visit our online store to experience Clean Science India's 1st Preservative-free & Clinically proven Beauty Brand.",https://www.soulflower.in/cdn/shop/files/Soulflower-Logo_1_1.jpg?v=1787655914,Maharashtra,Mumbai,soulflower-bc21.myshopify.com,INR,Shopify business address in India; prices in INR; .in domain; Indian postal address on site; +91 phone number,Shopify business address,tranco
soultheory.in,Soultheory,support@soultheory.in; support@japam.in,,https://instagram.com/soultheory.in,https://facebook.com/soultheory,,,https://youtube.com/@soultheory,jewellery,"Shop certified original Vedic Energy Gemstones, Rudraksha (1-21 mukhi) & sacred accessories at Soultheory. Lab-tested authenticity, India-wide shipping.",https://soultheory.in/cdn/shop/files/soultheory-logo-static-2026-09.png,Karnataka,Nelamangala Town,517ecf-2.myshopify.com,INR,Shopify business address in India; prices in INR; .in domain,Shopify business address,tranco
spacelifestore.in,Space Life Store,support@spacelifestore.in,+919279958064,,,,,,home decor,"Space Life Store is your one-stop destination for all things space-themed! From home decor and accessories to clothing and toys, we have everything you need to add a touch of the cosmos to your life. Explore our collection and bring the wonder of space into your home and wardrobe.",https://spacelifestore.in/cdn/shop/files/Space_bg_remove.png?v=1677077066,Jharkhand,Ranchi,thesportsapperal.myshopify.com,INR,Shopify business address in India; prices in INR; .in domain; +91 phone number,Shopify business address,tranco
spaces.in,Spaces India,care@spaces.in,1800-123-6408,https://instagram.com/spaces_india,https://facebook.com/SpacesInd,,,https://youtube.com/@SPACESIndia,home & kitchen,"Buy stylish bed linen, bath accessories, rugs & mattresses at SPACES. Enjoy 60% off on bed sheets, Towels, carpets, cushions & pillow covers.",https://www.spaces.in/cdn/shop/files/SPACES_Fabric-of-Happy-Home.png?v=1672213470,Maharashtra,Mumbai,spaces-india.myshopify.com,INR,Shopify business address in India; prices in INR; .in domain,Shopify business address,tranco
sparkleandglow.co.in,Sparkle and Glow,support@sparkleandglow.co.in,+919900359707; +919036033744,https://instagram.com/sparklesbyarchana,https://facebook.com/sparkleandglowbyarchana,,,https://youtube.com/channel/UCozVjVsu1zSTV0_bnwCsYkQ,jewellery,"Shop exquisite artificial jewellery at Sparkle and Glow. From bridal sets to daily wear, find timeless designs with free shipping across India.",https://cdn.shopify.com/s/files/1/0906/0309/4331/files/logo-square.png?v=1743238755,Karnataka,Kundapura,shopsparkleandglow.myshopify.com,INR,Shopify business address in India; prices in INR; .in domain; Indian postal address on site; +91 phone number,Shopify business address,tranco
sparkyjeans.in,Sparkyjeans,contact@sparkyjeans.in,+919310685211,https://instagram.com/sparkyjeans,https://facebook.com/sparkyjeansindia,,https://linkedin.com/company/spakry,https://youtube.com/@sparkyjeans4247,apparel,"Discover Sparky Jeans, your destination for stylish fashion for men, women and kids. Shop trendy apparel, jeans, footwear and accessories designed for every style and occasion.",https://sparkyjeans.in/cdn/shop/files/SPARKY-LOGO.png?v=1781782222,Uttar Pradesh,Noida,sparkyjeans.myshopify.com,INR,Shopify business address in India; prices in INR; .in domain; Indian postal address on site; +91 phone number,Shopify business address,tranco
specialyou.in,Special You,support@specialyou.in,+919818842563,https://instagram.com/specialyou.in,https://facebook.com/specialyou.in,,https://linkedin.com/company/special-you2021,https://youtube.com/@Special_You,kids & baby,"Special You – trusted party decorators Delhi NCR for birthdays, anniversaries, proposals, bachelorette parties & baby showers. Personalized balloon setups & surprise experiences.",https://specialyou.in/cdn/shop/files/new_logo_f07bf17b-4bcd-4970-a7af-ec5f19cc74cb.png?v=1764073396,Haryana,Faridabad,b4ff03-2.myshopify.com,INR,Shopify business address in India; prices in INR; .in domain; +91 phone number,Shopify business address,tranco
www.specsmakers.in,Specsmakers | Frame your World,care@specsmakers.in,+919791597915,https://instagram.com/specsmakersofficial,https://facebook.com/Specsmakersopticiansindia,,https://linkedin.com/company/specsmakersofficial,https://youtube.com/@specsmakersofficial,bags & accessories,"Buy Eyeglasses, Sunglasses & Contact Lens online at Specsmakers. Explore stylish frames, UV-protected shades, and premium lenses designed for comfort & clarity.",https://www.specsmakers.in/cdn/shop/files/SM_New_logo.svg?v=1762949067,Tamil Nadu,Chennai,specsmakerspartner.myshopify.com,INR,Shopify business address in India; prices in INR; .in domain; +91 phone number,Shopify business address,tranco
www.speedo.in,Speedo India,care@speedo.in; franchisee@speedo.in; nodal.officer@jockeyindia.com,1800-890-1298,https://instagram.com/speedoindia,https://facebook.com/SpeedoIndia,https://twitter.com/SpeedoIndia,,,kids & baby,Discover the latest trends in speedo swimwear & swimming accessories for men and women. Buy stylish and comfortable swimwear from Speedo India.,https://www.speedo.in/cdn/shop/files/Speedo_Primary_Logo_Horizontal_RGB_Primary_Logo_Horizontal_Speedo_Red.png?v=1777364278,Karnataka,Bengaluru,speedo-in.myshopify.com,INR,Shopify business address in India; prices in INR; .in domain; Indian postal address on site,Shopify business address,tranco
www.spiffers.in,Spiffers,support@spiffers.in,+919876515500,https://instagram.com/spiffers.in,https://facebook.com/worldofspiffers,,,https://youtube.com/@spiffersbrand,footwear,"India's homegrown Footwear brand. Delivering best selling designs year after year. One of the first modern sneaker brands to start in India. All the Products are made with premium materials uppers, all-day comfortable soles at a very pocket friendly price.",https://www.spiffers.in/cdn/shop/files/Asset_2_2x_2e81deb6-8b00-4218-bf9d-7e705e883855.png?v=1780991478,Punjab,jalandhar,spiffers-in.myshopify.com,INR,Shopify business address in India; prices in INR; .in domain; Indian postal address on site; +91 phone number,Shopify business address,tranco
spigen.in,Spigen India,spigenindiacs@spigen.com; spigen.in@spigen.com,,https://instagram.com/spigen,https://facebook.com/SpigenWorld,https://x.com/Spigen,,https://youtube.com/@Spigen,"watches, electronics & gadgets","At Spigen, we are built on creating protective phone cases and accessories that push the boundaries of design, technology, and availability.",https://spigen.in/cdn/shop/files/Spigen_logo_B_W.png?v=1732878166,Uttar Pradesh,Greater Noida,starke-admin.myshopify.com,INR,Shopify business address in India; prices in INR; .in domain; Indian postal address on site,Shopify business address,tranco
spinbot.co.in,SpinBot,,,https://instagram.com/spinbotworldz,https://facebook.com/spinbotworld,,,https://youtube.com/c/SpinBot-1,electronics & gadgets,"India's No.1 Mobile Gaming Accessories Brand. Shop Now for Best Gaming Triggers, Finger Sleeves, Mobile Cooler, Gaming Mousepads, Gaming Audio etc. #GoGaming",https://spinbot.co.in/cdn/shop/files/Logo_200x600_704dda72-ce49-4cb9-8579-a2c9ae17fc56.png?v=1628090157,Uttar Pradesh,Greater Noida,spinbot.myshopify.com,INR,Shopify business address in India; prices in INR; .in domain,Shopify business address,tranco
spinecure.co.in,SpinecureMattress,support@spinecure.co.in,+917066565755; +917020114836,,,,,,home & kitchen,Engineered for Your Spine. Designed for Your Dreams,https://spinecure.co.in/cdn/shop/files/Original_1_-e1614807572912_2a9d4d5e-c4a9-46a4-93bc-b620bcffc7cf.png?v=1752175089,Maharashtra,Nashik,spinecuremattress.myshopify.com,INR,Shopify business address in India; prices in INR; .in domain; Indian postal address on site; +91 phone number,Shopify business address,tranco
sportsun.in,sportsun.in,support@sportsun.in,+917428778005,https://instagram.com/sportsunindia,https://facebook.com/Sportsunsportswear,https://twitter.com/sportsunindia,,,men's apparel,"Discover Sportsun – your destination for high-quality sportswear, tracksuits, jackets, and athleisure apparel. Designed for comfort, performance, and style. Shop now and elevate your workout wardrobe.",https://sportsun.in/cdn/shop/files/search_lOGO.jpg?v=1781161983,Delhi,New Delhi,sportssun-in.myshopify.com,INR,Shopify business address in India; prices in INR; .in domain; Indian postal address on site; +91 phone number,Shopify business address,tranco
www.sportswing.in,Sportswing.in,support@sportswing.in,+918073192800; +917338224174,https://instagram.com/sportswing.in_sportswing.co,https://facebook.com/sportswing.in,https://twitter.com/sportswing5,https://linkedin.com/in/sports-wing-0771b11b4,https://youtube.com/channel/UCAgzt-oE4Pkvkn8hv_mgTrA,sports & fitness,"Sports Wing is a company that markets a wide range of sports and fitness equipment's. Sports Wing provides all your Cricket, Volleyball, football, Basketball, Tennis, Squash, Badminton, skating and swimming needs etc..",https://www.sportswing.in/cdn/shop/files/NEWLOGOV1.png?v=1773511153,Karnataka,Mysuru,a49c65-5.myshopify.com,INR,Shopify business address in India; prices in INR; .in domain; Indian postal address on site; +91 phone number,Shopify business address,tranco
springtek.in,Springtek,support@springtek.in; returns@ashokafoam.com,+919536900301; +918006002485,https://instagram.com/springtekmattress,https://facebook.com/springtekM,,,https://youtube.com/@springtekmattress7525,home & kitchen,"Discover Springtek’s range of premium mattresses and sleep accessories. From supportive mattresses to pillows, protectors, and bedding, we create complete sleep solutions for restful nights and fresh mornings.",https://springtek.in/cdn/shop/files/logo_file_for_namit_si.webp?v=1789734290,Uttar Pradesh,Bareilly,springtek-in.myshopify.com,INR,Shopify business address in India; prices in INR; .in domain; Indian postal address on site; +91 phone number,Shopify business address,tranco
sprinklez.in,Sprinklez Boutique,support@sprinklez.in,+919738612222,https://instagram.com/sprinklez_boutique741,https://facebook.com/sprinklez.in,,,https://youtube.com/@sprinklezboutique741,"women's apparel, ethnic wear","Shop good quality women’s clothing in India at affordable price. Buy kurtas, ethnic wear, salwar, co-ord sets, maternity & nightwear online at latest styles.",https://sprinklez.in/cdn/shop/files/logo.png?v=1740031114,Tamil Nadu,Rajapalayam,sprinklez-boutique-in.myshopify.com,INR,Shopify business address in India; prices in INR; .in domain; GSTIN on site; Indian postal address on site; +91 phone number,Shopify business address,tranco
srstore.in,SR Store,hello@srstore.in,+912248905455; +917700950192,https://instagram.com/srstore09,https://facebook.com/srstore9,,,,women's apparel,"SR Store the only online fashion store in India to shop latest, trendy, Stylish women clothes at affordable prices, 24 Hours Express Shipping across India",https://cdn.shopify.com/s/files/1/0752/8399/t/22/assets/logo.png,Maharashtra,Mumbai,srstore09.myshopify.com,INR,Shopify business address in India; prices in INR; .in domain; Indian postal address on site; +91 phone number,Shopify business address,tranco
stanford.in,Stanford,info@stanford.in,+911212960015,https://instagram.com/sf_stanford,https://facebook.com/sfstanford,https://twitter.com/SF_Stanford,,,sports & fitness,"Buy premium cricket equipment from SF Stanford Cricket Industries. Shop cricket bats, balls, gloves, protective gear, kit bags, and accessories.",https://stanford.in/cdn/shop/files/sanford_logo_w.png?v=1781101547,Uttar Pradesh,Meerut,1ib7n0-zw.myshopify.com,INR,Shopify business address in India; prices in INR; .in domain; +91 phone number,Shopify business address,tranco
stanwellskids.in,Stanwells Kids,info@stanwellskids.in,+919846256563; +919539996641,https://instagram.com/stanwellskids,https://facebook.com/StanwellsKidsGarments,https://twitter.com/StanwellsKids,,https://youtube.com/@stanwellskids,"women's apparel, kids & baby","Shop baby girl lehenga & birthday dresses online in India. Stylish ethnic wear, party frocks & gowns for kids. Premium quality & fast shipping.",https://stanwellskids.in/cdn/shop/files/logo_copy.png,Kerala,Kayamkulam,stanwellskids.myshopify.com,INR,Shopify business address in India; prices in INR; .in domain; GSTIN on site; +91 phone number,Shopify business address,tranco
staycase.in,StayCase ,visancreations@gmail.com,+919159559273,https://instagram.com/visancreations,,,,,mobile accessories,"Welcome to StayCase where protection meets personality! 📱✨ We don’t just sell phone cases we spread happiness, color, and inspiration through every design. Every piece in our collection is created to help you protect what matters most while expressing your unique style and vibe. Whether you love bold art, aesthetic trends, or custom creations, we’ve got something to make you smile every time you pick up your phone.",https://cdn.shopify.com/s/files/1/0753/2167/1737/files/Logo.jpg?v=1762355322,Tamil Nadu,VELLORE,mvd0g7-tw.myshopify.com,INR,Shopify business address in India; prices in INR; .in domain; GSTIN on site; Indian postal address on site; +91 phone number,Shopify business address,tranco
stayclassy.in,Stayclassy,contact@stayclassy.in,,https://instagram.com/stayclassy.india,https://facebook.com/Stayclassy.in,,,https://youtube.com/@stayclassy.official,mobile accessories,"Shop premium tempered glass phone cases for iPhone, Samsung, OnePlus & 760+ models. Stunning prints, scratch-proof finish. COD available across India. Free shipping on all orders.",https://stayclassy.in/cdn/shop/files/StayclassyLogoAnimation_1-ezgif.com-video-to-gif-converter_1.gif?v=1784543287,Gujarat,Ahmedabad,ph6ipv-zs.myshopify.com,INR,Shopify business address in India; prices in INR; .in domain; Indian postal address on site,Shopify business address,tranco
steadfastnutrition.in,Steadfast Nutrition,info@steadfastnutrition.in; procurement@steadfast.co.in,+917428007230; +918826393544,https://instagram.com/steadfastnutrition,https://facebook.com/steadfastnutrition,https://twitter.com/sn_premium,https://linkedin.com/company/steadfastnutrition,https://youtube.com/c/SteadfastNutrition,health & nutrition,"Fuel your performance with Steadfast Nutrition. Discover lab-tested, organ-friendly wellness & sports supplements, and single-serve protein sachets built for elite athletes & fitness enthusiasts.",https://www.steadfastnutrition.in/cdn/shop/files/Logo1.jpg?v=1716271115,Uttar Pradesh,Noida,steadfastnutrition.myshopify.com,INR,Shopify business address in India; prices in INR; .in domain; Indian postal address on site; +91 phone number,Shopify business address,tranco
stooky.in,STOOKY,info@stooky.in,+919752468848,,,,,,apparel,For the star in you. Official store of Stooky India.,https://stooky.in/cdn/shop/files/Type_logo.png?v=1753168629,Madhya Pradesh,Indore,2b6bd9-4.myshopify.com,INR,Shopify business address in India; prices in INR; .in domain; Indian postal address on site; +91 phone number,Shopify business address,tranco
store.ashleyfurniture.in,Ashley Homestore Furniture - India,hlip@hauslife.com.my; info@dashsquare.com,+918722002222; +919886066609,https://instagram.com/ashleyfurniturehomestoreindia,https://facebook.com/ashleyfurniturehomestoreindia,https://x.com/AshleyF20876658,,https://youtube.com/channel/UCpfXC8Bts-F4f10WDKq0hug,furniture,"Discover premium sofas, beds, and furniture at Ashley Furniture India. Shop stylish home decor and elevate your living spaces with timeless elegance and comfort.Shop now",https://store.ashleyfurniture.in/cdn/shop/files/Ashley-Logo-New-01.png?v=1761328009,Karnataka,Bengaluru,ef3b05.myshopify.com,INR,Shopify business address in India; prices in INR; .in domain; Indian postal address on site; +91 phone number,Shopify business address,commoncrawl
store1914.in,Store 1914,1914store@gmail.com,+919645921914,,,,,,kids & baby,,https://store1914.in/cdn/shop/files/store_logo_1.png?v=1755430043,Kerala,Kannur,1914-jersey.myshopify.com,INR,Shopify business address in India; prices in INR; .in domain; Indian postal address on site; +91 phone number,Shopify business address,tranco
storegrandeur.com,GRANDEUR,excel.retail2010@gmail.com,+919649446092,https://instagram.com/grandeur_careindia,https://facebook.com/Grandeur2018,,,,health & nutrition,"Beautiful Is Not A Word, It’s A Praise.",https://storegrandeur.com/cdn/shop/files/logo_4c0c418c-d297-460c-bd53-42756ce48dc4.png?v=1638443586,Rajasthan,Sri Ganganagar,excel-group-store.myshopify.com,INR,Shopify business address in India; prices in INR; +91 phone number,Shopify business address,commoncrawl
strongsoul.in,Strong Soul,care@strongsoul.in,+918882192674; +919625467345,,,,,,apparel,"Strong Soul was created in 2019 with the aim to give a voice to people who have been fighters. These winners have carved a niche for themselves by rising above all odds. Each of us has a fight that we need to face and win. The fighters we showcase have a distinctive story to tell, one that talks about their pain and victory.",https://strongsoul.in/cdn/shop/files/Strong_soul_transparent_black_1024x1024_11870a9a-a2ed-4221-998a-a7d8cca8ef72.png?v=1627989963,Uttar Pradesh,Noida,strong-soul-pvt-ltd.myshopify.com,INR,Shopify business address in India; prices in INR; .in domain; Indian postal address on site; +91 phone number,Shopify business address,tranco
stylesurat.in,Stylesurat,care@stylesurat.in; stylesuratofficial@gmail.com,+918072983876,,,,,,ethnic wear,"Stylesurat is your best online shopping site for Indian ethnic dress for women. Shop traditional clothing such as Lehenga, Saree, Salwar Kameez, Kurtis.",https://stylesurat.in/cdn/shop/files/S_6.png?v=1735910319,Gujarat,surat,x6bz8g-gd.myshopify.com,INR,Shopify business address in India; prices in INR; .in domain; GSTIN on site; Indian postal address on site; +91 phone number,Shopify business address,tranco
styleunion.in,Style Union,sharewithus@styleunion.in,+917304053032,https://instagram.com/styleunion.in,https://facebook.com/Styleunion.in,https://x.com/styleunion_in,,https://youtube.com/@styleunion_in,apparel,"Explore a variety of fashion wear for men, women, & kids online. Shop your favorite and trendiest designs at best prices only on Style Union.",https://styleunion.in/cdn/shop/files/style_union_logo_d67a9003-5dd4-40cd-b8ef-4ff71db2bba0.svg?v=1754924140,Maharashtra,Mumbai,styleunionindia.myshopify.com,INR,Shopify business address in India; prices in INR; .in domain; Indian postal address on site; +91 phone number,Shopify business address,tranco
subhvastra.in,subhvastra,subhvastra@gmail.com,+918866224933; +918671992569,https://instagram.com/subhvastra_official,https://facebook.com/61559793850803,,,,ethnic wear,"Subhvastra - Buy Designer Ethnic Wear for Women Online in India. Explore the latest Anarkali Suit Set, Sharara & Palazzo Suit, Gown from our designs and look go, Each Product With Video | Cash On Delivery | Quality Products. Video Shopping | Free Cash On Delivery | 7 Days Exchange. Secure payments. Low price guarantee.",https://subhvastra.in/cdn/shop/files/subhvastra_logo_--removebg-preview.png,Gujarat,Surat,subhvastra.myshopify.com,INR,Shopify business address in India; prices in INR; .in domain; Indian postal address on site; +91 phone number,Shopify business address,tranco
sumeetcookware.in,Sumeet Cookware,info@sumeetcookware.in,+918976047019,https://instagram.com/sumeetcookware,https://facebook.com/Sumeetfuelsavercookware,,,https://youtube.com/@sumeetcookware2704,home & kitchen,"Buy eco friendly Fuel and water saver cookware sets from Made in India brand Sumeet Cookware. Free Shipping, COD available, 12 months Warranty and Free Return.",https://sumeetcookware.in/cdn/shop/files/image_5_092c96b8-e61c-406a-b10b-68f4c44a0d62.png?v=1740051306,Maharashtra,MUMBAI,sumeetcookware.myshopify.com,INR,Shopify business address in India; prices in INR; .in domain; +91 phone number,Shopify business address,tranco
sumiivastra.in,Sumi Vastra,sumithevyaapari@gmail.com,+919281466544; +918125566899,https://instagram.com/sumii_vastra,,,,https://youtube.com/@sumii_vastra,ethnic wear,,https://sumiivastra.in/cdn/shop/files/unnamed_1.png?v=1766233939,Andhra Pradesh,Rajahmundry,fcu0yz-cm.myshopify.com,INR,Shopify business address in India; prices in INR; .in domain; +91 phone number,Shopify business address,tranco
superfan.in,Superfan,superfan@superfan.in,+919489078737; +919498078606; +919498057700; +919498078601; +919498078608; +919498058800,https://instagram.com/superfan_ceiling_fan,https://facebook.com/superfanceilingfan,https://twitter.com/Superfan4u,,https://youtube.com/@SuperfanCeilingFan,"home & kitchen, kids & baby",Beat the heat with our energy-efficient BLDC Fans range. Experience powerful airflow and ultimate comfort with our advanced BLDC Ceiling Fan Superfan collection.,https://superfan.in/cdn/shop/files/superfan-logo-white.png?v=1708642362,Tamil Nadu,Coimbatore,4015bb-4.myshopify.com,INR,Shopify business address in India; prices in INR; .in domain; Indian postal address on site; +91 phone number,Shopify business address,tranco
www.superkicks.in,Superkicks,care@superkicks.in; info@superkicks.in,+8619056043; +918619056043; +918655954342; +918655954779; +918655954341; +919987843520,https://instagram.com/superkicksindia,https://facebook.com/SuperkicksIndia,,,,"apparel, footwear","Discover the trendiest collection of branded shoes, sneakers, apparel, and accessories online in India for men and women at Superkicks. Shop now and step up your style game!",https://www.superkicks.in/cdn/shop/files/Superkicks-Formal-Logo.png?v=1760429951,Rajasthan,Jaipur,superkicks-store-in.myshopify.com,INR,Shopify business address in India; prices in INR; .in domain; Indian postal address on site; +91 phone number,Shopify business address,tranco
superyou.in,SuperYou,hypedesk@superyou.in; marketing@superyou.in; palak.maheshwari@superyou.in,,https://instagram.com/be.superyou,https://facebook.com/profile.php?id=61566379874453,,https://linkedin.com/company/besuperyou,https://youtube.com/@be.superyou,health & nutrition,"Craving for a healthy snack? Superyou by Ranveer Singh brings you protein-packed wafers with high protein, fiber, and zero added sugar. Savor delicious flavors like chocolate and peanut butter. Try them today!",https://superyou.in/cdn/shop/files/SVG_Logo.svg?v=1741324883,Maharashtra,Mumbai,867a08-5f.myshopify.com,INR,Shopify business address in India; prices in INR; .in domain,Shopify business address,tranco
supremefurniture.co.in,Supreme Furniture,csfurniture@supremefurniture.co.in,,https://instagram.com/supremefurnitureofficial,https://facebook.com/supremefurnitureofficial,,https://linkedin.com/company/supreme-furniture-official,,furniture,"Stylish, functional furniture, designed to enhance your lifestyle.",https://supremefurniture.co.in/cdn/shop/files/supreme-furniture-Logo-R-mark.png?v=1635319962,Punjab,SAS Nagar,supreme-ting.myshopify.com,INR,Shopify business address in India; prices in INR; .in domain; Indian postal address on site,Shopify business address,tranco
suprememobiles.in,Supreme Mobiles,online@supremeparadise.in,+919858798587,https://instagram.com/suprememobiles,https://facebook.com/SupremeMobiles,https://twitter.com/SupremeMobiles,https://linkedin.com/company/suprememobiles,https://youtube.com/c/SupremeMobiles,electronics & gadgets,"Buy Mobiles Phone at Best Offer in Online | Lowest Price | Mobile Phone at Offers | Budget Mobiles, Laptop, Smart Tv | Get Best Offers & Deals in your Purchase at Supreme Mobiles | Free Door Delivery | Best Online Shopping | Latest Models | Smart Watches | Ear Buds | Neckband | Bluetooth Speaker | Charger | Earphones",https://suprememobiles.in/cdn/shop/files/LOGO_2_636dae5e-9b0d-4dcb-985f-3102e7f6fffe.png?v=1734347086,Tamil Nadu,Tirupur,supreme-mobiles.myshopify.com,INR,Shopify business address in India; prices in INR; .in domain; +91 phone number,Shopify business address,tranco
surma.in,Surma,hello@surma.in,+919871681656,https://instagram.com/livinginsurma,,,,,women's apparel,"Step out in style with our Co-Ord Sets for women. Our collection offers chic designs to comfortable fits, find ladies co-ord sets perfect for every occasion.",https://surma.in/cdn/shop/files/surma-logo-header_35d9bee8-8380-4b47-acee-24f32f03bbe0.svg?v=1763029506,Haryana,Gurugram ,344a51-89.myshopify.com,INR,Shopify business address in India; prices in INR; .in domain; +91 phone number,Shopify business address,tranco
sushain.in,Sushain,care@sushainclinic.com,+916389307581; +918052011911,https://instagram.com/sushainclinic,https://facebook.com/sushainclinic,,,https://youtube.com/channel/UC3IN5zZstUXOfEge3-8J5eQ,health & nutrition,"India's most trusted ayurvedic products. Sushain offers a range of Ayurvedic medicines online for various health conditions such as sexual, cough, fever, digestive, skin, and more.",https://sushain.in/cdn/shop/files/4e3f070189fc5b74eb3ee0c0332c6b21_bfd8f2ea-ddda-47ed-8866-4ede95900c46.png?v=1741673001,Uttar Pradesh,Lucknow,gggzi3-qd.myshopify.com,INR,Shopify business address in India; prices in INR; .in domain; GSTIN on site; +91 phone number,Shopify business address,tranco
suspire.in,Suspire,support@suspire.in,+917738893655,https://instagram.com/suspire.in,https://facebook.com/suspireindia,https://twitter.com/suspireindia,https://linkedin.com/company/suspireindia,https://youtube.com/channel/UC4k9imQm5korYVRPEEduCVg,"food & beverages, apparel","Suspire is the home of 400+ sustainable and curated brands. Get eco-friendly, vegan and cruelty-free fashion, cosmetics, home decor, food & beverages, skincare and a lot more!",https://cdn.shopify.com/s/files/1/0641/9893/4752/files/suspirelogo.jpg?v=1657355365,Maharashtra,Mumbai,suspire-in.myshopify.com,INR,Shopify business address in India; prices in INR; .in domain; Indian postal address on site; +91 phone number,Shopify business address,tranco
suta.in,Suta,info@suta.in; marketing@suta.in,+8291579185,,,,,,ethnic wear,"Suta works with weavers across India to create affordable ethnic wear, such as handloom designer lehengas, sarees and blouses with back designs. Shop now for Suta's latest collections online and enjoy the best deals.",https://suta.in/cdn/shop/files/Suta_final_logo_7413d7f5-1ef5-4049-ac55-e6e6d32ddf29.png?v=1778065148,Maharashtra,Mumbai,suta-in.myshopify.com,INR,Shopify business address in India; prices in INR; .in domain,Shopify business address,tranco
suvasa.in,Suvasa,customercare@suvasa.in,+919358800640; +917073591114; +919251916096; +916364698891; +919056737683; +911725003103,https://instagram.com/suvasa.india,https://facebook.com/suvasa.jaipur,https://x.com/Suvasaindia,https://linkedin.com/company/suvasa-apparel-furnishing-pvt-ltd,https://youtube.com/@Suvasaindia,home & kitchen,,https://suvasa.in/cdn/shop/files/Suvasa_Horizontal_red_logo_1.svg?v=1732812731,Rajasthan,Jaipur,the-suvasa.myshopify.com,INR,Shopify business address in India; prices in INR; .in domain; Indian postal address on site; +91 phone number,Shopify business address,tranco
svastika.in,Svastika,contact@svastika.in,+919987902263; +919429690080,https://instagram.com/svastika.in,https://facebook.com/Svastikaco,https://x.com/svastika_in,https://linkedin.com/showcase/svastika,,home decor,"Explore exquisite festival gifts, divine pooja essentials, and meaningful home decor items. Uncover the perfect corporate gifts and bring prosperity to your life with our stunning crystal creations.",https://svastika.in/cdn/shop/files/Final_Logo-03.svg?v=1730617838,Maharashtra,Mumbai,029c8c-4.myshopify.com,INR,Shopify business address in India; prices in INR; .in domain; Indian postal address on site; +91 phone number,Shopify business address,tranco
www.sweetdreams.in,Sweet Dreams,care@sweetdreamsindia.com,+919327957803,https://instagram.com/sweetdreams.zzz,https://facebook.com/Sweetdreamsindia,https://twitter.com/SD_Retails,https://linkedin.com/company/sweet-dreams-india,https://youtube.com/@sweetdreamsindia,apparel,"Shop the largest variety of pyjama sets, nighties, and coord-sets for Women and Men. Find thoughtfully designed sleepwear and loungewear from Sweet Dreams with fabrics engineered for deep rest. Experience the difference in your sleep today.",https://www.sweetdreams.in/cdn/shop/files/WHITE-LOGO_5188b332-e1f3-45dd-8b1c-257a7288df19.png?v=1771420646,Gujarat,Ahmedabad,sweetdreams-in.myshopify.com,INR,Shopify business address in India; prices in INR; .in domain; +91 phone number,Shopify business address,tranco
sweetkaramcoffee.in,Sweet Karam Coffee,care@sweetkaramcoffee.in; sanjith@sweetkaramcoffee.in,+917358068806,https://instagram.com/sweetkaramcoffee_india,https://facebook.com/SweetKaramCoffee,,https://linkedin.com/company/sweetkaramcoffee,https://youtube.com/c/SweetkaramcoffeeIn,food & beverages,India's Only Snacking Brand Delivering 100+ Delicacies without Palm Oil or Preservatives or Maida across the Globe. Join the Good Food Revolution! ❤️,https://sweetkaramcoffee.in/cdn/shop/files/Logo_changes_6.gif?v=1773838112,Tamil Nadu,Chennai,sweet-karam-coffeee.myshopify.com,INR,Shopify business address in India; prices in INR; .in domain; Indian postal address on site; +91 phone number,Shopify business address,tranco
swissbeauty.in,Swiss Beauty,,+918826904888; +918044318965,https://instagram.com/officialswissbeauty,https://facebook.com/swissbeautycosmetics,https://twitter.com/SwissBeauty_IN,https://linkedin.com/company/swiss-beauty,https://youtube.com/channel/UCWBOF1mxr6YXphO0vXAUa1Q,makeup,Buy 4 products for just ₹999 | Use Code : BUY4 at Checkout. Don't miss out!,https://cdn.shopify.com/s/files/1/0595/6691/5779/files/image_2.png,Haryana,Gurugram,swiss-beauty-dev.myshopify.com,INR,Shopify business address in India; prices in INR; .in domain; +91 phone number,Shopify business address,tranco
swisse.co.in,Swisse India,info@vidyanutracommodities.com,1800-203-6643,https://instagram.com/swissein,https://facebook.com/Swissein,https://twitter.com/SwisseIndia,,https://youtube.com/channel/UCwnTr62c46jeCaK7Z-Tn6Lw,health & nutrition,"Swisse, Australia's No.1 Multivitamin Brand. Shop Premium Quality Multivitamins, Skincare, Beauty, and Health Supplements.",https://cdn.shopify.com/s/files/1/0556/6264/1337/files/Main-logo.png?v=1616583051,Karnataka,BENGALURU,swissein.myshopify.com,INR,Shopify business address in India; prices in INR; .in domain; Indian postal address on site,Shopify business address,tranco
swissparadise.in,Swiss Paradise,enquiry@swissparadise.in,+917506935215,https://instagram.com/swissparadiseindia,https://facebook.com/swissparadiseindia,,,,watches,"Shop authentic luxury Swiss watches at Swiss Paradise. Shop iconic brands like Rolex, Breitling, Omega, Hublot, Chopard, Tudor, Rado, & more at 23+ stores across India.",https://swissparadise.in/cdn/shop/files/IMG-20240904-WA0020_1-removebg-preview.png?v=1725454894,Maharashtra,,677630-4d.myshopify.com,INR,Shopify business address in India; prices in INR; .in domain; Indian postal address on site; +91 phone number,Shopify business address,tranco
sylvi.in,Sylvi,customercare@sylvi.in,+919687660234,https://instagram.com/sylvi.in,https://facebook.com/sylvi.in,https://twitter.com/Sylvi_in,https://linkedin.com/company/sylvi,https://youtube.com/@sylvi-watch,watches,"Buy best watches for men and watches for women online at Sylvi Official Site. Shop premium timepieces crafted with precision, elegant design, and style.",https://sylvi.in/cdn/shop/files/Sylvi_Logo_Horizontal_b98e1642-a658-4df5-9ace-cd987eba372f.png,Gujarat,Surat,sylvi-race-with-time.myshopify.com,INR,Shopify business address in India; prices in INR; .in domain; Indian postal address on site; +91 phone number,Shopify business address,tranco
taghouse.in,Taghouse,help.taghouse@gmail.com,+919213613059,https://instagram.com/taghouse_india,https://facebook.com/profile.php?id=61556952603220,,,,men's apparel,"Taghouse is a premium men’s formalwear brand offering elegant shirts and t-shirts crafted with superior fabrics, sharp fits, and timeless style. Shop now to elevate your everyday look.",https://taghouse.in/cdn/shop/files/Copy_of_eagle_logo_hawk_logo_wings_logo_design_76ed22c6-8f1b-44b7-99b3-fa16736190da.png?v=1767101618,Gujarat,surat,montabe.myshopify.com,INR,Shopify business address in India; prices in INR; .in domain; Indian postal address on site; +91 phone number,Shopify business address,tranco
www.tanchui.co.in,tanchui,tanchui.info@gmail.com,+917891111221; +918107077892,https://instagram.com/invites,https://facebook.com/TanchuiFebrics,,,,ethnic wear,Tanchui Present Popular Ethnic Wear For Women: Get Block Printed Cotton Dress Material/Salwar Suit At Discounted Price Online| COD Available| Free Shipping,https://www.tanchui.co.in/cdn/shop/files/FB_IMG_1668493901127.jpg?v=1671020963,Rajasthan,Jaipur,tanchui-8556.myshopify.com,INR,Shopify business address in India; prices in INR; .in domain; Indian postal address on site; +91 phone number,Shopify business address,tranco
tarangg.in,tarangg.in,tarangg.in@gmail.com,+917396978275; +919989471057,https://instagram.com/tarangg.in,,,,https://youtube.com/@tarangg.in_youtube,ethnic wear,"At Tarangg Suits & Materials, we believe fashion is more than just clothing—it’s an expression of tradition, elegance, and individuality. Our journey began with the vision of bringing together the richness of Indian ethnic wear and the ease of modern shopping.",https://tarangg.in/cdn/shop/files/tarangg_1aca8845-6c36-4d8b-866e-71b3956c1d2a.png?v=1669979402,Telangana,Hyderabad,taranggdesigner.myshopify.com,INR,Shopify business address in India; prices in INR; .in domain; +91 phone number,Shopify business address,tranco
taruni.in,Taruni Clothing,eshop@taruni.in,+918977528118,https://instagram.com/taruni.official,https://facebook.com/taruni.in,https://twitter.com/TaruniOfficial,,https://youtube.com/channel/UCecFAgCOVpGA5g0ZnlJvvvQ,ethnic wear,Discover exquisite traditional & ethnic dresses for women & kids in the India. Explore cultural styles & timeless elegance. Shop now!,https://taruni.in/cdn/shop/files/Logo_3.png?v=1707816295,Telangana,Secunderabad,taruni-clothing.myshopify.com,INR,Shopify business address in India; prices in INR; .in domain; +91 phone number,Shopify business address,tranco
www.tastynibbles.in,Tasty Nibbles,customercare@tastynibbles.in,+919207700018,https://instagram.com/tastynibblesfoods,https://facebook.com/TastyNibblesOfficial,,,https://youtube.com/channel/UCrkD-XhulAyGsyrd4gYhXxQ,food & beverages,"Fresh, quality food is at the heart of what we do. We are supporting responsible sourcing and treating people fairly. This is the Tasty Nibbles Way. Rich, traditional recipes are perfected by our Master Chefs, combining a passionate eye for detail. With fresh packs, we ensure an instant culinary experience for all your loved ones.",https://www.tastynibbles.in/cdn/shop/files/Tasty_Nibbles_Logo.png?v=1652340733,Kerala,ALAPPUZHA ,tastynibbles.myshopify.com,INR,Shopify business address in India; prices in INR; .in domain; Indian postal address on site; +91 phone number,Shopify business address,tranco
www.tberry.in,T.Berry ,atelier@tberry.in,,https://instagram.com/tberry.atelier,https://facebook.com/tberry.atelier,,,,"health & nutrition, apparel","Sustainable and luxurious apparel and accessories based on circularity, fair-trade, inclusivity and co-creation that illuminates the lives of the makers, wearers as well as our shared blue planet.",https://www.tberry.in/cdn/shop/files/BROWN_LOGO_WITH_FLOWERS_c29f4d63-13af-4bee-bb41-3bba994577eb.png?v=1614960694,Delhi,New Delhi,t-berry-atelier.myshopify.com,INR,Shopify business address in India; prices in INR; .in domain,Shopify business address,tranco
techcommerce.in,Techcommerce.in,support@techcommerce.in,+919311737848,https://instagram.com/techcommerce.in,https://facebook.com/Techcommerce.in,https://x.com/Techcommerce2,https://linkedin.com/company/75487657,https://youtube.com/@techcommerce1,electronics & gadgets,"Purchase electronics online in India with top brands, quick shipping, and fantastic discounts. Get the newest devices, accessories, and tech necessities at unbeatable prices with dependable delivery throughout India.",https://techcommerce.in/cdn/shop/files/techcommerce-removebg-preview.png?v=1766651033,Delhi,New Delhi,kv1tf0-8v.myshopify.com,INR,Shopify business address in India; prices in INR; .in domain; Indian postal address on site; +91 phone number,Shopify business address,tranco
techiestore.in,Techie,support@techieindia.in; sales@techieindia.in; account@techieindia.in; mudit@techieindia.in,+919818477627; +918088242424,,,,,,electronics & gadgets,"Shop Techie for laptop batteries, chargers, adapters, cables, converters, SSD enclosures, cooling stands, and more. Reliable tech accessories across India.",https://techiestore.in/cdn/shop/files/Techie_Black_logo_-_W_-_512.png?v=1785305717,Delhi,New Delhi,techie-store-6719.myshopify.com,INR,Shopify business address in India; prices in INR; .in domain; +91 phone number,Shopify business address,tranco
terractive.in,Terractive,hello@terractive.in,+917977178420; +918850993929,,,,,,apparel,"Terractive. Step up your activewear collection. Long lasting pieces & comfort that's out of this world. Men's & Womens shorts, tees, leggings and more. Shop Terractive. Free Exchanges & Easy Returns. Cash on Delivery. Free Shipping.",https://terractive.in/cdn/shop/files/may_2026_launch_5324e9cc-d3fe-4c0e-8cec-d0017d9fe253.png?v=1787204779,Maharashtra,Mumbai,terractive-4794.myshopify.com,INR,Shopify business address in India; prices in INR; .in domain; Indian postal address on site; +91 phone number,Shopify business address,tranco
www.terrana.in,Terrana,ask.terrana@gmail.com,,,,,,,jewellery,"Our collection features waterproof and tarnish-resistant 18k gold plated jewellery, designed to withstand the test of time while ensuring you shine effortlessly.",https://www.terrana.in/cdn/shop/files/Untitled_design_copy_afca4055-5f83-44c7-8adc-53db20be233e.png?v=1712492961,Uttarakhand,Roorkee,df40ba-60.myshopify.com,INR,Shopify business address in India; prices in INR; .in domain,Shopify business address,tranco
tetro.in,Tetro,hello@tetro.in,+919980539540; +919071002121,https://instagram.com/buytetro,,,https://linkedin.com/company/tetro-in,,,"Buy premium pre-loved iPhones with a 1-year warranty from Tetro. No repair history, 50-point quality check, verified Apple report, and fast 4-day delivery across India. Open-box delivery option in Bengaluru.",https://tetro.in/cdn/shop/files/344cd065-b98e-4685-9729-4fa5a17f4b42-removebg-preview.png?v=1721974160,Karnataka,Bangalore,e4e84d-7b.myshopify.com,INR,Shopify business address in India; prices in INR; .in domain; GSTIN on site; Indian postal address on site; +91 phone number,Shopify business address,tranco
tezzo.in,TEZZO,hello@tezzo.in,,https://instagram.com/tezzo.move,https://facebook.com/tezzo.move.co,,,,footwear,Discover Tezzo’s premium sandals collection – where comfort meets craftsmanship. Experience elevated style and lasting comfort with every step.,https://tezzo.in/cdn/shop/files/NEW-WORDMARK-TEZZO-W.svg?v=1750356090,Kerala,Kozhikode,071066-bd.myshopify.com,INR,Shopify business address in India; prices in INR; .in domain; Indian postal address on site,Shopify business address,tranco
www.thayyilsports.in,Thayyil Sports,thayyilsports@gmail.com,+918129048048,https://instagram.com/thayyilsports_in,,,,,"sports & fitness, apparel",Affordable top quality jerseys,https://www.thayyilsports.in/cdn/shop/files/thayyilsports_logo_blk.svg?v=1765996954,Kerala,Tirur,4hngm1-gq.myshopify.com,INR,Shopify business address in India; prices in INR; .in domain; Indian postal address on site; +91 phone number,Shopify business address,tranco
thearttherapy.in,Art Therapy,customersupport@thearttherapy.in,+918767829993,https://instagram.com/art_therapyofficial_,https://facebook.com/profile.php?id=61571111616943,,,,,"Art Therapy invites you to embark on a creative journey with our Easy Paint By Numbers kits. Our kits provide everything you need to decorate your walls with personalized art, give a thoughtful present, or engage in a soothing pastime.",https://thearttherapy.in/cdn/shop/files/H_Orange.png?v=1763143616,Maharashtra,Pune,uwbzap-2t.myshopify.com,INR,Shopify business address in India; prices in INR; .in domain; GSTIN on site; Indian postal address on site; +91 phone number,Shopify business address,tranco
www.theaudiostore.in,The Audio Store,hello@theaudiostore.in,+919356523240,https://instagram.com/theaudiostoreofficial,https://facebook.com/TheAudioStoreOfficial,,https://linkedin.com/company/theaudiostore-in,https://youtube.com/channel/UCbUkg6xY8cQLwUlc-XcavTg,electronics & gadgets,"Shop IEMs, earphones, headphones, DACs, DAPs, amplifiers, speakers and audiophile gear in India. Expert-curated products, genuine products, fast shipping & best customer support.",https://www.theaudiostore.in/cdn/shop/files/The_Audio_Store_India_Logo.svg?v=1752832509,Maharashtra,Pune,theaudiostore-in.myshopify.com,INR,Shopify business address in India; prices in INR; .in domain; +91 phone number,Shopify business address,tranco
theblac.in,the blac,,,,,,,,jewellery,"The Blac - Shop rare and affordable men's accessories including chains, pendants, bracelets and more. Minimal design, premium quality, made to stand out",https://theblac.in/cdn/shop/files/the_bla_2.png?v=1743887021,Kerala,Angadipuram,1g58zv-7n.myshopify.com,INR,Shopify business address in India; prices in INR; .in domain,Shopify business address,tranco
www.thecasecompany.in,The Case Company,info@thecasecompany.in,,https://instagram.com/thecasecompany.in,,https://x.com/casecompanyin,,https://youtube.com/@thecasecompanydotin,mobile accessories,"Discover the latest and most stylist range of phone covers online in India, right here at The Case Company. Perfectly designed to fit & protect your phone from all damages!",https://www.thecasecompany.in/cdn/shop/files/logo_bfbbf89b-0fda-4e44-adbf-522b29492a81.png?v=1654927194,Delhi,New Delhi,the-case-company-06b2.myshopify.com,INR,Shopify business address in India; prices in INR; .in domain,Shopify business address,tranco
thecraze.in,CRAZE,,,https://instagram.com/craze_lifestyle,https://facebook.com/crazeglobalshop,https://twitter.com/craze_lifestyle,,,"apparel, bags & accessories","Shop online in India at Craze for exclusive, trendy everyday finds across bags, home essentials, toys, kitchen tools, beauty accessories, travel items, organisers, gifts and more. Discover stylish, useful products you won’t easily find elsewhere, with exciting deals, free delivery and everyday value across India.",https://thecraze.in/cdn/shop/files/Big_Logo_Black_89e6dca8-b57d-455d-82e4-8e1cf604fe4b.jpg?v=1727503368,Tamil Nadu,Chennai,craze-india.myshopify.com,INR,Shopify business address in India; prices in INR; .in domain; Indian postal address on site,Shopify business address,tranco
thedapperman.in,The Dapper Man,info@thedapperman.in,+919990995764,https://instagram.com/thedapperman.in,https://facebook.com/TheDapperManIN,,,,footwear,"The Dapper Man is a lifestyle and menswear brand India providing handcrafted luxury shoes, men's accessories, neck ties, bow ties, lapel flower pin, pocket squares Best quality men's shoes in India, Handcrafted leather shoes India, Best men's accessories India, men's tie India, Men's neck tie India",https://thedapperman.in/cdn/shop/t/61/assets/logo.png?v=6198,Haryana,Gurgaon,the-dapper-man.myshopify.com,INR,Shopify business address in India; prices in INR; .in domain; Indian postal address on site; +91 phone number,Shopify business address,tranco
thedeconstruct.in,thedeconstruct,%20wecare@thedeconstruct.in; wecare@thedeconstruct.in,+918047105772; +919398249040,https://instagram.com/deconstruct_skincare,https://facebook.com/deconstructhq,,https://linkedin.com/company/the-deconstruct,https://youtube.com/channel/UCPBXXrn7tw20A6JldPuXEUg,skincare,"Explore Deconstruct – science-backed skincare for all skin types. Gentle, effective formulas that support healthy, balanced skin.",https://thedeconstruct.in/cdn/shop/files/header-logo.webp?v=1682503114,Karnataka,Bangalore,thedeconstruct.myshopify.com,INR,Shopify business address in India; prices in INR; .in domain; GSTIN on site; Indian postal address on site; +91 phone number,Shopify business address,tranco
www.theengineerstore.in,The Engineer Store,contact@theengineerstore.in,+919035270350; +919380404520,https://instagram.com/theengineerstore,https://facebook.com/TheEngineerStore,,https://linkedin.com/company/the-engineer-store,,electronics & gadgets,"Welcome to India's No.1 Online Electronics Store: Arduino, Raspberry Pi, ESP32, Robotics and Drones - the largest collection of Electronic Components, DC motors, Drone Parts, Sensors, Development boards and 3D printers in Bangalore. Ships fast from Bengaluru. Expert wholesale and B2B orders in Bengaluru India.",https://www.theengineerstore.in/cdn/shop/files/the-engineer-store-v2.png?v=1699351042,Karnataka,Bengaluru,02052f-4.myshopify.com,INR,Shopify business address in India; prices in INR; .in domain; Indian postal address on site; +91 phone number,Shopify business address,tranco
thefaceshop.in,The Face Shop,care@thefaceshop.in,+918879705706,https://instagram.com/thefaceshopindia_official,https://facebook.com/ThefaceshopINDIA,,,https://youtube.com/@thefaceshopindiaofficial,skincare,"The No.1 Korean beauty global brand’s official India website for best prices, wide range of products, exclusive promotions & the Skintastic Loyalty Program.",https://thefaceshop.in/cdn/shop/files/TFS_LOGO_1000_x_200.png?v=1688378164,Maharashtra,Mumbai,thefaceshopin.myshopify.com,INR,Shopify business address in India; prices in INR; .in domain; Indian postal address on site; +91 phone number,Shopify business address,tranco
thefashioncapital.in,Fashion Capital,fcsupport@thefashioncapital.in,+918302232207,https://instagram.com/fashioncapital.in_,https://facebook.com/people/Fashion-Capital/61569748335126,,,https://youtube.com/@fashioncapitalindia,ethnic wear,"Fashion Capital is a Jaipur-based fusion wear brand blending Indian elegance with modern silhouettes. Explore designer kurtis, Pakistani styles, and effortless everyday wear — made from premium fabrics and crafted for comfort, confidence, and charm.",https://thefashioncapital.in/cdn/shop/files/logo.png?v=1762701748,Rajasthan,Jaipur,y1g7nt-gz.myshopify.com,INR,Shopify business address in India; prices in INR; .in domain; +91 phone number,Shopify business address,tranco
thefootsteps.in,Foot Steps,naveenbanggar@gmail.com,,,,,,,footwear,"Shop Dunk-style & Jordan-style sneakers online in India. Premium look, affordable price from Rs.1,299. All India COD, 3-day easy replacement. Order now!",https://thefootsteps.in/cdn/shop/files/IMG-20260108-WA0010.png?v=1767843231,Punjab,Jalandhar,xs0ttc-cq.myshopify.com,INR,Shopify business address in India; prices in INR; .in domain; Indian postal address on site,Shopify business address,tranco
theformalclub.in,The Formal Club,care@theformalclub.com,+918288899720; +918071423797,https://instagram.com/theformalclubofficial,https://facebook.com/theformalclubofficial,https://x.com/TheFormalClub,https://linkedin.com/company/theformalclubofficial,https://youtube.com/@TheFormalClub,men's apparel,"Buy Best premium formal shirts for men at The Formal Club. Solid, Checks, Stripes, Giza & more. Buy 3 Get 1 Free, Free Shipping & COD. Made in India.",https://theformalclub.in/cdn/shop/files/TheFormalClub-512.png?v=1778217933,Chandigarh,Chandigarh,theformalclub.myshopify.com,INR,Shopify business address in India; prices in INR; .in domain; +91 phone number,Shopify business address,tranco
thehamptons.in,Hamptons,customerexperience@thehamptons.in,+919374864148; +918735864148,https://instagram.com/hamptons.official,https://facebook.com/profile.php?id=61555253518703,,,,men's apparel,"Shop premium shirts for men at Hamptons. Explore stylish, tailored, and comfortable shirts crafted for modern elegance and everyday wear.",https://thehamptons.in/cdn/shop/files/hamptons_1.png?v=1703731379,Gujarat,Surat,thehamptons-in.myshopify.com,INR,Shopify business address in India; prices in INR; .in domain; Indian postal address on site; +91 phone number,Shopify business address,tranco
www.theindianbookstore.in,The Indian Book Store,theindianbookstore2@gmail.com,+919910673993,https://instagram.com/theindianbookstore.inn,https://facebook.com/TheIndianbookstoree,,,https://youtube.com/@TheIndianBookStore,books & stationery,You're are one step away to make a good habit,https://www.theindianbookstore.in/cdn/shop/files/de6a6c4d97664a1dee7bbdd8567264fe.png?v=1711118434,Delhi,Delhi,theindianbookstore.myshopify.com,INR,Shopify business address in India; prices in INR; .in domain; +91 phone number,Shopify business address,tranco
www.theindusvalley.in,The Indus Valley,help@theindusvalley.in,+919566014446; +919940163963,https://instagram.com/theindusvalley,https://facebook.com/official.indusvalley,,https://linkedin.com/company/theindusvalley,https://youtube.com/c/TheIndusValleyNaturalCookware,home & kitchen,"The Indus Valley Kitchenware. 100% Toxin-free. Made only from healthy materials. Find best cooking utensils for health all in one place. Wide range of kitchen essentials like cast iron cookware, iron cookware, pressure cooker, triply stainless steel cookware, copper bottle & more. Buy best cookware for health here.",https://www.theindusvalley.in/cdn/shop/files/theindusvalley-svg-logo.svg?v=1725258822,Tamil Nadu,Chennai,good-roots-kitchenware-private-limited.myshopify.com,INR,Shopify business address in India; prices in INR; .in domain; Indian postal address on site; +91 phone number,Shopify business address,tranco
thejas.co.in,Thejas,,+919865376767,https://instagram.com/thejaserode,,,,,ethnic wear,"Shop premium sarees, kurtis, salwar materials and nightwear online at Thejas. Discover traditional styles, new arrivals and exclusive offers.",https://thejas.co.in/cdn/shop/files/Thejas_Logo.png?v=1778893729,Tamil Nadu,Erode,thejas-2.myshopify.com,INR,Shopify business address in India; prices in INR; .in domain; Indian postal address on site; +91 phone number,Shopify business address,tranco
thejerseynation.in,Jersey Nation,support@thejerseynation.in; jerseyynationn@gmail.com,+919653684966,https://instagram.com/jersey.nation2022,https://facebook.com/profile.php?id=61550743628251,,,https://youtube.com/@jerseynation10295,apparel,"Shop premium football jerseys in India – latest, retro & special edition kits. High quality fabric, custom prints & fast delivery. Jersey Nation.",https://thejerseynation.in/cdn/shopifycloud/storefront/assets/no-image-50-e6fb86f4.gif,Maharashtra,Mumbai,5d31b7-2.myshopify.com,INR,Shopify business address in India; prices in INR; .in domain; Indian postal address on site; +91 phone number,Shopify business address,tranco
thelotusfab.in,thelotusfab,support@thelotusfab.in,+919023419934,https://instagram.com/thelotusfabhub,https://facebook.com/thelotusfab1,https://x.com/thelotusfab,,https://youtube.com/@lotusfab,ethnic wear,"Discover stylish ready to wear, silk, cotton, printed & designer sarees at Lotusfab. Premium Indian sarees crafted for comfort, elegance & modern fashion",https://thelotusfab.in/cdn/shop/files/Lotusfab.webp?v=1785563790,Gujarat,Surat,thelotusfab.myshopify.com,INR,Shopify business address in India; prices in INR; .in domain; +91 phone number,Shopify business address,tranco
themasterperfumer.in,The Master Perfumer,eraluxuryperfumes@gmail.com,+917400215808,https://instagram.com/desiperfumer,,,,https://youtube.com/@desiperfumer,fragrances,The Master Perfumer - Whats your signature?,https://themasterperfumer.in/cdn/shop/files/silver_logo.png?v=1784205206,Maharashtra,Navi Mumbai,ag8cie-f6.myshopify.com,INR,Shopify business address in India; prices in INR; .in domain; +91 phone number,Shopify business address,tranco
www.themessycorner.in,The Messy Corner,support@themessycorner.com,+918879680635,,,,,,bags & accessories,"Buy personalised gifts at The Messy Corner. Choose from our range of customizable products made from high quality vegan leather, Unique and best idea for gifting. Free Shipping.",https://www.themessycorner.in/cdn/shop/files/Logo_1200_X_1200_2_32c843e4-6cfb-4fad-934b-e087f5e9f1d1.png?v=1666849336,Maharashtra,Mumbai,themessycorner.myshopify.com,INR,Shopify business address in India; prices in INR; .in domain; Indian postal address on site; +91 phone number,Shopify business address,tranco
themomstore.in,The Mom Store,contactus@themomstore.in,+917259422526; +919606208886,https://instagram.com/the_mom_store,https://facebook.com/AtTheMomStore,https://twitter.com/the_mom_store,,https://youtube.com/@the_mom_store,kids & baby,"Shop best maternity wear, baby products, newborn essentials, diapers & kids clothing at The Mom Store. Affordable, comfortable options for every stage, shipped across India.",https://themomstore.in/cdn/shop/files/the_mom_store_logo.jpg?v=1727504508,Karnataka,Bangalore,tms-the-mom-store.myshopify.com,INR,Shopify business address in India; prices in INR; .in domain; Indian postal address on site; +91 phone number,Shopify business address,tranco
thenamestrings.in,Name Strings,hello@thenamestrings.in; support@thenamestrings.com,,https://instagram.com/namestrings,,,,,jewellery,"Name Strings is the personalised jewellery shop. Personalised : Necklaces, Rings, Bracelets & more with engravings to make your gift memorable.",https://thenamestrings.in/cdn/shop/files/logo.png?v=1697478278,Maharashtra,Navi Mumbai,82f5a7-4.myshopify.com,INR,Shopify business address in India; prices in INR; .in domain,Shopify business address,tranco
thepeppystore.in,ThePeppyStore,support@thepeppystore.in; -support@thepeppystore.in,+919321196846,https://instagram.com/thepeppystore.in,https://facebook.com/thepeppystore.in,,,,collectibles & hobbies,"Shop India's largest diecast cars collection Hot Wheels, Bburago, Mini GT scale model cars & collectibles. 100% authentic, fast shipping across India.",https://thepeppystore.in/cdn/shop/files/Untitled_design.png?v=1784278503,Maharashtra,Mumbai,thepeppystore.myshopify.com,INR,Shopify business address in India; prices in INR; .in domain; +91 phone number,Shopify business address,tranco
www.theperfumeproject.in,The Perfume Project,support@theperfumeproject.in,+919074566577,https://instagram.com/theperfumeproject.in,https://facebook.com/theperfumeproject1,,,https://youtube.com/channel/UCmPwVurkJxktNzAu0YIOMJg,fragrances,"Discover long-lasting, cruelty-free fragrances for men, women & unisex at The Perfume Project. Mini combos, travel minis & luxury gift boxes.",https://www.theperfumeproject.in/cdn/shop/files/PERFUME-PROJECT-3.png?v=1758899538,Kerala,Ernakulam,kspjhz-bz.myshopify.com,INR,Shopify business address in India; prices in INR; .in domain; Indian postal address on site; +91 phone number,Shopify business address,tranco
thepinkmoon.in,The Pink Moon,care@thepinkmoon.in,+919731112683; +919108401111,https://instagram.com/thepinkmoonofficial,https://facebook.com/thepinkmoon.in,,,https://youtube.com/@thepinkmoon2047,women's apparel,"Embrace your curves with The Pink Moon, a dedicated online store for trendy plus clothing for women. From trendy dresses, tops to pants, we have all sizes starting from L to 10 XL.",https://thepinkmoon.in/cdn/shop/files/The_Pink_Moon_Logo.png?v=1731475627,Karnataka,Bengaluru,pink-moon-store.myshopify.com,INR,Shopify business address in India; prices in INR; .in domain; +91 phone number,Shopify business address,tranco
www.thepostbox.in,The Postbox,care@thepostbox.in; postusanemail@thepostbox.in; corporate@thepostbox.in,+919884502289; +917845378175,https://instagram.com/thepostbox.in,https://facebook.com/thepostbox.in,,,,bags & accessories,Timeless Products made with premium materials and the finest craftsmanship. Shop for a range of products from Laptop Bags to Wallets to Totes from India's most credible everyday essential brand.,https://www.thepostbox.in/cdn/shop/files/BLACK_TPB_LOGO.png?v=1614299354,Tamil Nadu,Chennai,thepostbox-in.myshopify.com,INR,Shopify business address in India; prices in INR; .in domain; Indian postal address on site; +91 phone number,Shopify business address,tranco
www.theprink.in,The Prink,support@theprink.in,+917530055912; +917090004202,https://instagram.com/theprink.in,https://facebook.com/theprink,https://twitter.com/theprink_in,,https://youtube.com/channel/UC4zeOkc1LZRSfjOtImJI_AA,kids & baby,"Discover handcrafted personalized gifts, miniature frames, and surprise gifts by The Prink. Perfect for birthdays, anniversaries, weddings & corporate gifting.",https://www.theprink.in/cdn/shop/files/logo_colour_option_2_e56849f1-93e0-4a63-8cee-091d4977a656.png?v=1621508007,Tamil Nadu,Trichy,prink-in.myshopify.com,INR,Shopify business address in India; prices in INR; .in domain; +91 phone number,Shopify business address,tranco
therajlaxmijewellers.in,THE RAJLAXMI JEWELLERS,therajlaxmijewellers@gmail.com,+918882341234; +918777348344,https://instagram.com/therajlaxmijewellers,https://facebook.com/therajlaxmijewellers,,,https://youtube.com/@therajlaxmijewellersbehala,jewellery,"BIS certified. Latest and cheapest collection of gold jewellery at minimum making charges at your doorstep. Dealer in Pola category like Bangles, Bracelets, Necklaces and Pola Rings.",https://therajlaxmijewellers.in/cdn/shop/files/Bureau_of_Indian_Standards_Logo..png?v=1711113211,West Bengal,Kolkata,a15f52-79.myshopify.com,INR,Shopify business address in India; prices in INR; .in domain; Indian postal address on site; +91 phone number,Shopify business address,tranco
thesagacity.in,Sagacity ,support@thesagacity.in,+919310521716,https://instagram.com/sagacityofficial,https://facebook.com/profile.php?id=100064126330477,,,,"apparel, watches","OKonnichiwa Weebs! Who we are? What we do? Well, we are a trio of otakus who love watching animes and create artistic pieces. We are an independent clothing label started in 2020 (when the corona pandemic began), The lockdown gave us a heck lot of time to watch anime and experiment with art pieces. Anime in India is stereotyped as cartoon but we believe that a “Change” is coming and we will be the part of it.",https://thesagacity.in/cdn/shop/files/brigend-sagacity-logo-white-2048x169_f5955a13-1d1b-45e3-8218-4c4cce88e142.png?v=1739011596,Delhi,New delhi,sagacity-9181.myshopify.com,INR,Shopify business address in India; prices in INR; .in domain; Indian postal address on site; +91 phone number,Shopify business address,tranco
thesleepcompany.in,The Sleep Company,care@thesleepcompany.in,+919152131284; +918828174450; +918928537949,https://instagram.com/thesleepcompany_official,https://facebook.com/thsleepco,https://x.com/TheSleepCo_,https://linkedin.com/company/the-sleep-company-official,https://youtube.com/channel/UCRC25UW34xBDU2mDFZ71_tQ,home & kitchen,"Buy mattresses online from the best mattress brand in India. The Sleep Company offers products with patented Japanese SmartGRID® Technology, including mattresses, pillows, and more. ✔ 100-Night Free Trial ✔ No-Cost EMI.",https://thesleepcompany.in/cdn/shop/files/new_logo.png?v=1654687951,Maharashtra,Mumbai,thesleepcompanystore.myshopify.com,INR,Shopify business address in India; prices in INR; .in domain; Indian postal address on site; +91 phone number,Shopify business address,tranco
www.thesportstuff.in,TheSportStuff,support@thesportstuff.in; thesportstuffofficial@gmail.com,+919821078609,https://instagram.com/thesportstuff.in,,,,https://youtube.com/@thesportstuff9142,"men's apparel, sports & fitness","Design Custom Jerseys Online for your sports team with Custom Name and Number at back. Design your unique Custom made jerseys, Personalized Sports Uniforms, Sublimated Jerseys for Every Sport at TheSportStuff.",https://www.thesportstuff.in/cdn/shop/files/logo_website_test7_111e8655-9579-4dd3-bb8f-2e21ca0d7e9d.png?v=1733749762,Maharashtra,Mumbai,the-sport-stuff.myshopify.com,INR,Shopify business address in India; prices in INR; .in domain; Indian postal address on site; +91 phone number,Shopify business address,tranco
www.thesuperkits.in,The Super Kits,theclubjerseyghatkopar@gmail.com,+918850767038; +919867831419; +918169867655,https://instagram.com/thesuperkits.in,,,,https://youtube.com/@theclubjerseys,men's apparel,,https://www.thesuperkits.in/cdn/shop/files/download_1.png?v=1778708853,Maharashtra,Mumbai,0nrm2u-d9.myshopify.com,INR,Shopify business address in India; prices in INR; .in domain; Indian postal address on site; +91 phone number,Shopify business address,tranco
thetaffy.in,taffykids,support@thetaffy.in,+919324153848,https://instagram.com/taffykids_official,https://facebook.com/thetaffyland,,,,"kids & baby, apparel","Give your kids the gift of style and individuality, India's first dedicated fashion brand for kids. Explore our fashionable and comfortable collections for kids.",https://thetaffy.in/cdn/shop/files/taffykids_transparnt.png?v=1695884658,Maharashtra,Mumbai,11ee5d-3.myshopify.com,INR,Shopify business address in India; prices in INR; .in domain; Indian postal address on site; +91 phone number,Shopify business address,tranco
theunikart.co.in,The Unique Art,theuniqueart17@gmail.com,+919867881008,https://instagram.com/theuniqueart_official,,,,,jewellery,"Shop 3300+ craft & jewelry making supplies — kundan beads, silk thread, bangles, findings & more. Fast shipping across India. The Unique Art.",https://theunikart.co.in/cdn/shop/files/Theunique.jpg?v=1766312680,Maharashtra,Mumbai,the-unique-art-4585.myshopify.com,INR,Shopify business address in India; prices in INR; .in domain; +91 phone number,Shopify business address,tranco
www.thewalletstore.in,Thewalletstore,care@thewalletstore.in,+919560904863,,,,,,bags & accessories,"Get the best personalized gifts for men and women such as; wallets, clutch, necklace, and combo gifts for your loved ones, Shop now!",https://www.thewalletstore.in/cdn/shop/files/tws_logo_1_1.webp?v=1712925222,Delhi,Delhi,thewalletstore1.myshopify.com,INR,Shopify business address in India; prices in INR; .in domain; Indian postal address on site; +91 phone number,Shopify business address,tranco
www.thewellnessshop.in,The Wellness Shop,care@thewellnessshop.in; info@thewellnessshop.in,+919001902265; +917259997771,https://instagram.com/Thewellnessshopindia,https://facebook.com/thewellnesssshopofficial,https://twitter.com/_TWSIndia,https://linkedin.com/company/the-wellness-shop,https://youtube.com/channel/UC5yxgnEsZvY42_EpNBzaEyg,health & nutrition,At The Wellness Shop we create natural skin & hair care products packed with powerful botanicals that deliver long lasting results and healthier looking skin. All our ingredients are 100% vegan and cruelty-free. We believe in clean beauty that is good for you and good for the planet.,https://www.thewellnessshop.in/cdn/shop/files/1001141017.webp?v=1785841047,Karnataka,Bengaluru,56e65e-43.myshopify.com,INR,Shopify business address in India; prices in INR; .in domain; +91 phone number,Shopify business address,tranco
thewhitewillow.in,The White Willow,support@thewhitewillow.in,+917284931559; +919019035000,https://instagram.com/thewhitewillow.in,https://facebook.com/thewhitewillowpillow,https://x.com/twwhome,,https://youtube.com/channel/UCpkdkbBzBg5kOEZAEL0gykw,home & kitchen,Buy Pillow Online from India's best pillow brand - The White Willow. Shop for the best memory foam pillows that's affordable. Buy pillows now!,https://thewhitewillow.in/cdn/shop/files/Logo_086e2707-9e15-41dc-b38f-9bd.png?v=1717052135,Delhi,New Delhi,thewhitewillow.myshopify.com,INR,Shopify business address in India; prices in INR; .in domain; Indian postal address on site; +91 phone number,Shopify business address,tranco
thomasscott.in,Thomas Scott,contact@thomasscott.in,+919920736900,https://instagram.com/thomasscott.in,https://facebook.com/thomasscott.in,,https://linkedin.com/company/thomasscott,https://youtube.com/@thomasscott_in,men's apparel,"Discover premium men's apparel at Thomas Scott. Explore our latest collection of shirts, trousers, and more, crafted for the modern man. Shop online for timeless style and unmatched quality.",https://thomasscott.in/cdn/shop/files/thomas-logo.svg?v=1775709452,Maharashtra,"Mumbai, Maharashtra, ",thomasscott-store.myshopify.com,INR,Shopify business address in India; prices in INR; .in domain; +91 phone number,Shopify business address,tranco
www.thrillerrr.in,thrillerrr,support@thrillerrr.in,+919319255881,https://instagram.com/thrillerrr.in,https://facebook.com/profile.php?id=61577901149336,https://x.com/home,https://linkedin.com/company/thrillerrr,https://youtube.com/@thrillerrrindia,health & nutrition,"Shop premium wellness products & personal accessories for adults in India. Discreet delivery, Safe materials & Thoughtfully curated products.",https://www.thrillerrr.in/cdn/shop/files/logo.webp?v=1757075035,Delhi,New Delhi,thrillerrr.myshopify.com,INR,Shopify business address in India; prices in INR; .in domain; Indian postal address on site; +91 phone number,Shopify business address,tranco
www.thriveco.in,Thriveco.in,care@thriveco.in; nodal@anveya.com,+919513151000; +919311434426; +919205556325,https://instagram.com/thrivecotalks,https://facebook.com/thrivecotalks,https://twitter.com/thrivecotalks,https://linkedin.com/company/thriveco,https://youtube.com/@Thrivecotalks,"skincare, haircare","ThriveCo offers effective, clean products with deeply researched technology to solve skin & hair problems. Shop Now! ✓Free Shipping ✓COD ✓Secure",https://www.thriveco.in/cdn/shop/files/ThriveCo-logo-no-claims.webp?v=1728296379,Haryana,Gurugram,thriveco-in.myshopify.com,INR,Shopify business address in India; prices in INR; .in domain; Indian postal address on site; +91 phone number,Shopify business address,tranco
thugiil.in,Thugiil.com,thugiil2023@gmail.com,+919952741189,https://instagram.com/thugiil,,,,,"ethnic wear, apparel",,https://thugiil.in/cdn/shop/files/brand_logo.png?v=1754046268,Tamil Nadu,Tirupur,thugiil-com.myshopify.com,INR,Shopify business address in India; prices in INR; .in domain; +91 phone number,Shopify business address,tranco
tigc.in,TIGC,care@tigc.in,+9538233993; +919538233993,https://instagram.com/theindiangarageco_,https://facebook.com/tigc2010,,https://linkedin.com/company/theindiangargeco,,men's apparel,Discover the latest trends in men's and women's fashion at TIGC. Explore our collection of stylish clothing for every occasion. Shop now for trendy looks!,https://tigc.in/cdn/shop/files/logo_blck_2x_6d407d78-b192-4e1b-ad7f-b8425462ae96.png?v=1706782437,Karnataka,Bangalore,the-indian-garage.myshopify.com,INR,Shopify business address in India; prices in INR; .in domain; Indian postal address on site; +91 phone number,Shopify business address,tranco
tonoto.in,TONOTO,team@tonoto.in,+918882771080,https://instagram.com/tonoto.in,https://facebook.com/Tonotoclothing,,,,jewellery,"Handcrafted jewellery, couture outfits, bags & accessories for Haldi, Mehendi, Indian weddings & festivities. Designed in-house at Tonoto.",https://tonoto.in/cdn/shop/files/Long1.jpg_1.jpg?v=1771831147,Uttar Pradesh,Noida,tonoto-shop.myshopify.com,INR,Shopify business address in India; prices in INR; .in domain; +91 phone number,Shopify business address,tranco
www.torani.in,Torani India,care@torani.in; career@torani.in; team@torani.in,+918700969159; +919217002968,https://instagram.com/toraniofficial,https://facebook.com/toraniofficial,https://twitter.com/toraniofficial,https://linkedin.com/company/torani-india,https://youtube.com/channel/UCYbHS4ENetpikraKxdMf6OA,ethnic wear,"Torani’s brand defines a clear love for vintage as a natural progression, Karan Torani always found a connect with Indian looms, crafts & travelling through the country to find a similar sense of comfort in his clothes. Shop online for latest collection.",https://www.torani.in/cdn/shop/files/Torani_log0_black.png?v=1718881290,Uttar Pradesh,Noida,houseoftorani.myshopify.com,INR,Shopify business address in India; prices in INR; .in domain; +91 phone number,Shopify business address,tranco
tossido.in,TOSSIDO,sales@tossido.in; kanika@tossido.in; accounts@tossido.in,+919811167432,https://instagram.com/tossido.in,https://facebook.com/tossido,https://twitter.com/tossido,,,"jewellery, kids & baby","Discover TOSSIDO’s premium accessories for men & women — neckties, pocket squares, brooches, cufflinks, handkerchiefs, pocket watches, chains, scarves, stoles, jewellery & more. ⭐ Free Shipping Across India ⭐ Fast Delivery ⭐ Cash on Delivery",https://tossido.in/cdn/shop/files/Untitled_design_ae983731-c358-49fe-9c42-c0f92b4f591a.png?v=1751332800,Uttar Pradesh,Noida,tossidoonline.myshopify.com,INR,Shopify business address in India; prices in INR; .in domain; Indian postal address on site; +91 phone number,Shopify business address,tranco
toykoo.in,Toykoo,service.toykoo@gmail.com,+9898047684; +919898047684,,,,,,collectibles & hobbies,"Online store for diecast scale model toys and collectibles. Shop online for premium collectibles of cars, bikes, RC toys and more, perfect for every collector.",https://toykoo.in/cdn/shop/files/snapedit_1716186172150-removebg-preview.png?v=1716186221,Gujarat,Surat,d74204-2.myshopify.com,INR,Shopify business address in India; prices in INR; .in domain; +91 phone number,Shopify business address,tranco
toyloft.in,Toyloft,support@toyloft.co; divyan@toyloft.co,+918850151114,https://instagram.com/toyloft.in,,,,https://youtube.com/@toyloft,toys & games,"Shop for premium games & toys for kids online at Toyloft®️ India starting @ 199, the finest toy store in the world. Avail great offers & deals.",https://toyloft.in/cdn/shop/files/logo.jpg?v=1711720012,Maharashtra,Mumbai,15bcd7-72.myshopify.com,INR,Shopify business address in India; prices in INR; .in domain; +91 phone number,Shopify business address,tranco
toystorey.in,Toystorey,woodentoystorey@gmail.com; support.toystorey@gmail.com,+918072085685,https://instagram.com/toystorey.in,https://facebook.com/profile.php?id=61579233284950,,,https://youtube.com/@StaytunedwithRey,toys & games,"Shop premium kids toys online in India at Toystorey. Explore educational toys, puzzles, RC toys, baby toys & perfect birthday gifts. Fast delivery & best prices",,Tamil Nadu,Coimbatore,wv1wd3-ua.myshopify.com,INR,Shopify business address in India; prices in INR; .in domain; Indian postal address on site; +91 phone number,Shopify business address,tranco
www.tpstech.in,tpstech.in,sales@tpstech.in; support@tpstech.in,+917388305552; +918088655551,https://instagram.com/tpstechin,,,,https://youtube.com/TPSTechnologies,electronics & gadgets,"Shop 10,000+ PC hardware, gaming accessories & IT peripherals at TPS Tech. Enjoy free shipping across India, easy returns, EMI options & unbeatable deals. From SSDs to gaming gear - upgrade your setup with trusted quality today!",https://www.tpstech.in/cdn/shop/files/white_tpstech_new_logo_-_june_2026.webp?v=1781889093,Karnataka,Bengaluru,theperipheralstore.myshopify.com,INR,Shopify business address in India; prices in INR; .in domain; Indian postal address on site; +91 phone number,Shopify business address,tranco
trackandtrail.in,Track and Trail,customercare@trackandtrail.in; customercare1@tii.murugappa.com,+914442093434; 1800-102-2324,https://instagram.com/trackandtrail.in,https://facebook.com/trackandtrailindia,,,,sports & fitness,"Buy bicycles, e-bikes, and fitness equipment online at Track & Trail. Explore premium MTB, hybrid, and kids' cycles with free delivery, easy EMIs, and trusted service across India.",https://trackandtrail.in/cdn/shop/t/19/assets/dark-logo.svg?v=106689599972005866631758641611,Tamil Nadu,Chennai,mxe7kf-aq.myshopify.com,INR,Shopify business address in India; prices in INR; .in domain; +91 phone number,Shopify business address,tranco
www.trancehomelinen.in,Trance Home Linen,info@trancehomelinen.in,+918042046334; +918041607298; +916366029988,https://instagram.com/trancehomelinen,https://facebook.com/trancehome,,,,home & kitchen,"Started in 2007, Trance Home Linen offers a wide range of home linen products like comforters, quilts, duvets, duvet covers and mattress protectors",https://www.trancehomelinen.in/cdn/shop/files/trancehomelinen_logo.png?v=1632760353,Karnataka,Bangalore,trancehomelinen.myshopify.com,INR,Shopify business address in India; prices in INR; .in domain; Indian postal address on site; +91 phone number,Shopify business address,tranco
trekkit.in,Trek Kit India,online@trekkit.in,+919316160100; +919872997231,https://instagram.com/trekkit.in,https://facebook.com/trekkitindia,https://x.com/TrekKitIndia,https://linkedin.com/company/trek-kit-india-pvt-ltd,https://youtube.com/channel/UCo-a7K3EK4l0Myt_BMQ84Ag,women's apparel,"Buy premium outerwear, outdoor gear, hiking essentials, waterproof clothing, mountain jackets, windproof pants, trekking packs, multi-sports backpacks, down sleeping bags & mats, camping equipment, trail running kit, mountaineering tools, and expedition gear from Rab, Bridgedale, Grivel, Primus, Salewa & more.",https://trekkit.in/cdn/shop/files/trek-kit-logo_334b9f0a-787a-435e-ac9e-be8f32ee8bf3.png?v=1720386053,Punjab,Mohali,7380c1-ce.myshopify.com,INR,Shopify business address in India; prices in INR; .in domain; +91 phone number,Shopify business address,tranco
www.trendize.in,Trendize,support@trendize.in; support@trendize.com,+911143148688; +919999000619; +918796861871,https://instagram.com/trendize.decor,https://facebook.com/pages/category/Home-decor,,,https://youtube.com/@trendizehomefurnishings2467,furniture,"Trendize Chair Covers , Sofa Covers , L shape sofa cover , 3 Seater Sofa Cover , 5 Seater Sofa Cover, Sectional Sofa Cover , Dining Set Table and Chair Cover",https://www.trendize.in/cdn/shop/files/imageedit_1_7363051688.png?v=1757233827,Delhi,New Delhi,trendize-in.myshopify.com,INR,Shopify business address in India; prices in INR; .in domain; Indian postal address on site; +91 phone number,Shopify business address,tranco
trendzjewellery.in,Trendz Jewellery,helptrendzjewellery@gmail.com; thetrendzjewellery@gmail.com,+919316287182,https://instagram.com/trendz_jeweller,https://facebook.com/thetrendzjewellery,,,https://youtube.com/@trendzjewellery,jewellery,"Trendz Jewellery is an imitation jewellery manufacturing brand based out of Rajkot, Gujarat, India . We specialize in crafting stylish, high-quality imitation jewellery that reflects modern trends while remaining affordable, durable, and accessible to customers across India.",https://trendzjewellery.in/cdn/shop/files/Logos_-_ProMark._13.png?v=1759420871,Gujarat,Rajkot,xchkbr-xk.myshopify.com,INR,Shopify business address in India; prices in INR; .in domain; GSTIN on site; +91 phone number,Shopify business address,tranco
treverlii.co.in,Treverlii,support@treverlii.co.in,,,,,,,,"Welcome to Treverlii.co.in, your trusted destination for quality products and a seamless online shopping experience. Our goal is to bring customers a carefully selected range of products that combine quality, value, and convenience.",https://treverlii.co.in/cdn/shop/files/ChatGPT_Image_Jun_10_2026_02_21_52_PM.png?v=1781081536,Karnataka,Bangalore,bdun01-9w.myshopify.com,INR,Shopify business address in India; prices in INR; .in domain,Shopify business address,tranco
tripole.in,Tripole Gears Private Limited,orders@tripole.in,+918595227292; +919625149134; +919220903248,https://instagram.com/tripolegears,https://facebook.com/tripolegears,,,https://youtube.com/channel/UCkPycvz2EdcT2jwpwPzyxTg,"bags & accessories, apparel",Ergonomical Rucksacks available in 50-105 Litre capacity. Multi-utility durable rucksacks with attached rain cover and detachable day packs | COD Available | Free Shipping,https://tripole.in/cdn/shop/files/Logo_White_3751673f-0a05-456e-9afd-f01766c0375b.png?v=1726566645,Uttar Pradesh,Ghaziabad,pitthu.myshopify.com,INR,Shopify business address in India; prices in INR; .in domain; Indian postal address on site; +91 phone number,Shopify business address,tranco
www.trisu.in,Trisu,contact@trisu.in,+918796225093; +919351323151,https://instagram.com/trisu.in,,,,,jewellery,India's first 22kt Gold Vermeil brand- Silver that stays Gold. We are the makers of India's finest gold alternatives - pioneers of the Gold Vermeil technique in India. Jewellery crafted for the ever-evolving and proudly rooted men and women of India,https://www.trisu.in/cdn/shop/files/WhatsApp_Image_2023-06-11_at_02.38.01.jpg?v=1686432112,Rajasthan,Jaipur,e35489-3.myshopify.com,INR,Shopify business address in India; prices in INR; .in domain; +91 phone number,Shopify business address,tranco
www.troost.in,TROOST,support@troost.in,+917404482292,https://instagram.com/troostofficial,https://facebook.com/troostin,,https://linkedin.com/company/troosthomedecor,,home decor,"TROOST is a modern rugs brand bringing fresh design, thoughtful craftsmanship, and timeless textures to contemporary homes. Discover handmade rugs with bold patterns, natural materials, and lasting quality—created to elevate your space with effortless style.",https://www.troost.in/cdn/shop/files/logo_file_new_-01.png?v=1717047908,Haryana,Panipat,0aae7b.myshopify.com,INR,Shopify business address in India; prices in INR; .in domain; GSTIN on site; Indian postal address on site; +91 phone number,Shopify business address,tranco
www.trucrystals.in,Trucrystals.in,support@trucrystals.com,+918217746719; +919353067912; +916361449268,https://instagram.com/trucrystals.in,https://facebook.com/TeamTRU,,,,jewellery,"Shop authentic natural healing crystals online in India at TruCrystals. Trusted by 54,000+ buyers. Certified bracelets, necklaces, pendants & silver jewelry for love, protection & abundance. Buy natural crystal stones online.",https://www.trucrystals.in/cdn/shop/files/trucrystals-india-logo.png?v=1613796981,Karnataka,Mysore,trucrystals-india.myshopify.com,INR,Shopify business address in India; prices in INR; .in domain; +91 phone number,Shopify business address,tranco
truediamond.in,True Diamond IN,hi@truediamond.in,+919076009085; +918200532030; +919082174189; +918007003918; +919581560571; +918367447069,https://instagram.com/truediamond.official,https://facebook.com/truediamond.in,,https://linkedin.com/company/truediamondofficial,https://youtube.com/@TrueDiamond.Official,jewellery,"Home of the Portuguese cut - world’s brightest diamond | 100% certified lab grown diamond rings | From daily wear to statement solitaire rings | lifetime buyback, exchange & warranty | All India shipping",https://truediamond.in/cdn/shop/files/logo.png,Maharashtra,Mumbai,true-diamond-in.myshopify.com,INR,Shopify business address in India; prices in INR; .in domain; Indian postal address on site; +91 phone number,Shopify business address,tranco
www.truesilver.co.in,TrueSilver by ACPL,online@acplsilver.com,+917455021636,https://instagram.com/truesilverindia,https://facebook.com/truesilverindia,,https://linkedin.com/company/true-silver-by-acpl,https://youtube.com/@truesilverbyacpl,jewellery,"Buy Silver Jewellery and Coins online. Explore 925 Sterling Silver Earrings, Chains, Bracelets, Rings, Anklets and 999 Pure Silver Coins online at TrueSilver by ACPL. 15 days return, 10 days for Exchange, COD available. Shop now.",https://cdn.shopify.com/s/files/1/0559/2521/1328/files/Group_47969.png?v=1758698497,Uttar Pradesh,Agra,acpl-ecom.myshopify.com,INR,Shopify business address in India; prices in INR; .in domain; Indian postal address on site; +91 phone number,Shopify business address,tranco
tugain.in,Tugain Essentials,care@tugain.in,,,,,,,haircare,"Tugain Essentials is a new age hair care brand that sets itself apart by offering advanced solutions across key categories of hair care. With a commitment to providing complete and effective solutions for a wide range of hair concerns, Tugain Essentials has redefined modern hair care. Their three-fold principle, built on the strong foundation of Cipla's eight decades of scientific expertise, naturality, and scalp care, is at the core of their mission to ensure that you can enjoy the best possibl",https://tugain.in/cdn/shop/files/tugain_logo-01_1_16.png?v=1688379921,Maharashtra,Mumbai,tugain-cipla.myshopify.com,INR,Shopify business address in India; prices in INR; .in domain,Shopify business address,tranco
www.turtlewings.co.in,TURTLEWINGS ,support@turtlewings.co.in,+918262074190,https://instagram.com/turtlewings__,https://facebook.com/turtlewingsindia,https://twitter.com/turtlewings01,,https://youtube.com/@TurtleWings,sports & fitness,"Your ultimate destination for premium metal prints, custom mousepads, chic desk mats, and unique fridge magnets.",https://cdn.shopify.com/s/files/1/0881/1695/3403/files/tshirt.png?v=1740130534,Maharashtra,Nashik,ac93fb-ba.myshopify.com,INR,Shopify business address in India; prices in INR; .in domain; GSTIN on site; Indian postal address on site; +91 phone number,Shopify business address,tranco
www.twills.in,TwillsIndia,customercare@twills.in,,https://instagram.com/twillsofficial,https://facebook.com/twillsofficial,https://twitter.com/twillsofficial,,,apparel,Discover a wide range of modern menswear in tops and bottoms that redefine your go-to style with effortless sophistication & modern appeal.,https://www.twills.in/Liquid error (layout/theme line 241): invalid url input,Andhra Pradesh,Vijayawada,twillsindia.myshopify.com,INR,Shopify business address in India; prices in INR; .in domain; Indian postal address on site,Shopify business address,tranco
twinbirds.co.in,Twin Birds Store,support@twinbirds.co.in; bdmtrade@twinbirds.org; franchise@twinbirds.org,+919003666718; 1800-425-0818; +919894508081,https://instagram.com/twinbirdsonline,https://facebook.com/TwinBirdsOfficial,,https://linkedin.com/company/twin-birds,https://youtube.com/@twinbirdsonline,women's apparel,"Shop leggings, saree shapers, kurti pants, straight pants, loungewear & T-shirts for women at Twin Birds. Comfortable styles with free shipping over ₹999.",https://twinbirds.co.in/cdn/shop/files/Twin_Birds_-_Logo.jpg,Tamil Nadu,Tirupur,twin-birds-store.myshopify.com,INR,Shopify business address in India; prices in INR; .in domain; Indian postal address on site; +91 phone number,Shopify business address,tranco
twistylocks.in,Twisty Locks,support@twistylocks.in,+15559316728,https://instagram.com/twisty.locks,https://facebook.com/twistylocks,,,,jewellery,"Earrings, bracelets & necklaces for kids and women | Cute hair clips, bands & bows for girls | Trendy, safe & affordable | Shop online across India | Free Express Shipping",https://twistylocks.in/cdn/shop/files/Horizontal_Logo.png?v=1736587552,Maharashtra,Mumbai,yapr1r-i6.myshopify.com,INR,Shopify business address in India; prices in INR; .in domain; GSTIN on site; Indian postal address on site,Shopify business address,tranco
tyretitans.in,Tyre Titans,support@tyretitans.in,+918886917500,,,,,,automotive,"Discover a vast selection of tyres from leading brands for all vehicle types at Tyre Titans. Enjoy unbeatable prices, expert advice, and fast, reliable shipping across India. Find the perfect tyre fit for your vehicle today",https://tyretitans.in/cdn/shop/files/ceat-logo.jpg?v=1703763259,Telangana,Hyderabad,2ff0f3-2.myshopify.com,INR,Shopify business address in India; prices in INR; .in domain; Indian postal address on site; +91 phone number,Shopify business address,tranco
uathayam.in,Uathayam,online@uathayam.com,+919965866757; +919840312757,https://instagram.com/uathayam,https://facebook.com/uathayam,,,https://youtube.com/@uathayamcotton4096,men's apparel,"Offering a wide range of high-quality Uathayam Dhotis and Shirts for Men and kids. A range comprising of cotton, linen and silk fabrics dhotis and shirts.",https://uathayam.in/cdn/shop/files/802_x_311_PNG.png?v=1773830517,Tamil Nadu,Erode,uathayam.myshopify.com,INR,Shopify business address in India; prices in INR; .in domain; GSTIN on site; +91 phone number,Shopify business address,tranco
www.unboxify.in,Unboxify,,+8000735762; +918000735762,https://instagram.com/unboxify.in,https://facebook.com/unboxify.in,,https://linkedin.com/company/unboxify,,electronics & gadgets,"Screw New. Buy Open-Box Mint Condition Headphones, Tablets, Cameras, Smartwatches & more at factory-like never seen before prices (Min 30% Off on Amazon Price). Like New products backed by brand warranty. All products are passed through 8+ stringent quality checks ensuring only the best product gets delivered to you.",https://cdn.shopify.com/s/files/1/0704/0483/3557/files/Screenshot_2023-01-16_at_5.22.14_PM_c35b0a6d-5c4c-4b1f-9f7a-cdfc8d9a6de2.png?v=1675500407,Rajasthan,Behror,unboxify8.myshopify.com,INR,Shopify business address in India; prices in INR; .in domain; GSTIN on site; Indian postal address on site; +91 phone number,Shopify business address,tranco
underneat.in,UNDERNEAT,customercare@underneat.in,+7428626444; +917428626444,https://instagram.com/underneat.in,,,https://linkedin.com/company/underneat-in,https://youtube.com/@underneat_in,women's apparel,"Shop bras, bralettes, shapewear and underwear for women online at UNDERNEAT. Discover comfortable, stylish lingerie designed for everyday wear.",https://underneat.in/cdn/shop/files/6.png,Haryana,Gurugram,mme1cp-ti.myshopify.com,INR,Shopify business address in India; prices in INR; .in domain; Indian postal address on site; +91 phone number,Shopify business address,tranco
underthehood.co.in,UNDER THE HOOD,support@underthehood.co.in,+918948585300; +919695733003,https://instagram.com/underthehood_studio,,,,https://youtube.com/underthehood,automotive,"Buy 100% genuine Royal Enfield OEM parts & accessories – 1000+ spares for Classic 350, Interceptor 650, Continental GT 650, Meteor 350, Hunter 350, Super Meteor 650, Himalayan 450. BS4 & BS6 compatible. Next-day shipping across India. Expert support: 8948585300. Varanasi-based. Wholesale available.",https://underthehood.co.in/cdn/shop/files/uth_logo_white_1.25x_51231986-f642-4a0a-956c-d808d8d51f09.png?v=1739646757,Uttar Pradesh,Varanasi,199228-03.myshopify.com,INR,Shopify business address in India; prices in INR; .in domain; Indian postal address on site; +91 phone number,Shopify business address,tranco
uniqbuy.in,UNIQBUY,support@uniqbuy.in,+914214102307; +919787723306,https://instagram.com/uniqbuy.in,,https://x.com/Uniqbuy_in,,https://youtube.com/channel/UC5s8Ck7wWmuNHAkW_Pgf0ZA,"electronics & gadgets, pet supplies","Welcome to Uniqbuy.in, your trusted online store for a curated selection of high-quality imported products. Specializing in electronics, automobile, fashion, sport and outdoor, industrial accessories, home and kitchen, and more, we bring the best international brands directly to your doorstep.",https://nbg1.your-objectstorage.com/seolab/jsonld-images/u9vaSEJQt3Li2i5RBtvgvbgo2D1leTqa1o4pXX2I.png,Tamil Nadu,"SOMANUR,COIMBATORE",006429-3.myshopify.com,INR,Shopify business address in India; prices in INR; .in domain; GSTIN on site; Indian postal address on site; +91 phone number,Shopify business address,tranco
www.uniqkart.in,UNIQKART,support@uniqkart.in,+914214102307,https://instagram.com/uniqkart_in,,https://x.com/Uniqkart,,https://youtube.com/@UNIQZONE-uniqkart-uniqbuy,electronics & gadgets,"Founded in 2021 by UNIQZONE , Uniqkart was born out of a passion for bringing high-quality, unique, and innovative imported products to customers across India. Our initial vision was to create a seamless online shopping experience that connects Indian consumers with trusted global brands, offering products that stand out for quality and value.",https://www.uniqkart.in/cdn/shop/files/uniqkart_logo_big_new_original1.png?v=1692708561,Tamil Nadu,COIMBATORE,feefdf.myshopify.com,INR,Shopify business address in India; prices in INR; .in domain; Indian postal address on site; +91 phone number,Shopify business address,tranco
uniqly.in,Uniqly,uniqly.in@gmail.com,+919409214282,,,,,,"home & kitchen, bags & accessories",,https://uniqly.in/cdn/shop/files/uniqly_small_logo.png?v=1698908010,Gujarat,Jamnagar,c85b4d.myshopify.com,INR,Shopify business address in India; prices in INR; .in domain; +91 phone number,Shopify business address,tranco
www.uniseoul.in,Uni Seoul,care@uniseoul.in,+918047094440,https://instagram.com/uni.seoul,,https://x.com/Uni_Seoul_,https://linkedin.com/company/uni-seoul,https://youtube.com/@UniSeoul,"bags & accessories, toys & games","Uni Seoul, an emerging Korean lifestyle brand, captivates with its unique aesthetic and high-quality products. Discover a delightful range of Korean-inspired essentials that elevate your everyday life.",https://www.uniseoul.in/cdn/shop/files/UniSeoul_w_doodle_p-1_c575d51e-08a3-44b2-a4ad-98e3612b58ef.png?v=1758888333,Maharashtra,Pune,8e375d-2.myshopify.com,INR,Shopify business address in India; prices in INR; .in domain; +91 phone number,Shopify business address,tranco
unitymobile.in,UnityMobile,contact@unitymobile.in,+917669926688,,,,,,electronics & gadgets,"UnityMobile is an Indian B2B (business-to-business) wholesale platform supplying mobile phone accessories, repair parts, and gadgets shop owners and retailers",https://unitymobile.in/cdn/shop/files/logo.png?v=1788233650,Delhi,Delhi,j7xac8-tb.myshopify.com,INR,Shopify business address in India; prices in INR; .in domain; GSTIN on site; +91 phone number,Shopify business address,tranco
untld.in,untld.in,support@untld.in,+918657868181,https://instagram.com/untld.in,,,,,apparel,"Clothes you’ll actually wear—denims, cargos, pants, tees, polos, and jackets. Honest prices, easy returns, and COD available.",https://untld.in/cdn/shop/files/Untitled_1000_x_1000_px.webp?v=1759358369,Maharashtra,Mumbai,untld-in.myshopify.com,INR,Shopify business address in India; prices in INR; .in domain; Indian postal address on site; +91 phone number,Shopify business address,tranco
uppercase.co.in,uppercase,customercare@uppercase.co.in,+918691800800,https://instagram.com/uppercase_ecobags,https://facebook.com/uppercase.ecobags,https://x.com/myuppercase,https://linkedin.com/company/acefour-accessories-pvt-ltd,,bags & accessories,"Explore our various collection of eco-friendly bags, travel trolley bags, office bags, stylish college bags, womens duffle bag for your needs at uppercase.",https://uppercase.co.in/cdn/shop/files/uc_web_logo.svg?v=1754307760,Maharashtra,Mumbai,uppercase-india.myshopify.com,INR,Shopify business address in India; prices in INR; .in domain; +91 phone number,Shopify business address,tranco
urbandrift.in,Urban Drift,hello@urbandrift.in,,https://instagram.com/Urbandrift.in,https://facebook.com/UrbanDrift.in,,,https://youtube.com/@urbandrift3,apparel,"Discover Urban Drift - your go-to destination for premium streetwear and trendy fashion essentials. Combining affordability with high-quality designs, we offer stylish apparel for men and women, including T-shirts, hoodies, and more.",https://urbandrift.in/cdn/shop/files/IMG_1807.png?v=1707720832,Haryana,Gurugram,1cccee-3.myshopify.com,INR,Shopify business address in India; prices in INR; .in domain,Shopify business address,tranco
www.urbangabru.in,UrbanGabru | A GlobalBees Brand,,,https://instagram.com/urbangabru_official,https://facebook.com/UrbanGabru.in,,,https://youtube.com/@urbangabru_official,"men's grooming, skincare","Buy complete range of grooming products to simplifying your grooming routine - Hair care & styling, skin & beard care - beard growth oil, beard wax, Hair wax, hairspray, hair serum, hair cream, skincare - charcoal face wash, peel off mask, vitamin c serum",https://www.urbangabru.in/cdn/shop/files/Logo-01.png?v=1782191547,Delhi,New Delhi,urbangabru-mens-lifestyle.myshopify.com,INR,Shopify business address in India; prices in INR; .in domain,Shopify business address,tranco
www.urbanneeds.in,URBAN NEEDS,,+917814877642; +917814115321,https://instagram.com/urbanneedsin,,,,,apparel,We aim at providing the Indian GenZ with the coolest clothing at affordable prices without compromising on quality!,https://www.urbanneeds.in/cdn/shop/files/URBAN_NEEDS_lOGO.jpg?v=1695014559,Delhi,Delhi,urbanneedsindia.myshopify.com,INR,Shopify business address in India; prices in INR; .in domain; +91 phone number,Shopify business address,tranco
www.urbanplant.in,Urban Plant,info@urbanplant.in; care@urbanplant.in; satish@urbanplant.in,+918069630390; +918175035142; +918528275572; +918528274445,https://instagram.com/urbanplant.in,https://facebook.com/urbanplant.in,https://twitter.com/urbanplant_in,https://linkedin.com/company/urbanplant,https://youtube.com/channel/UCNF4-0kBzEFDWa01Rju7N6Q,plants & gardening,"Urban Plant: Emerging as the most trusted urban gardening store. Bestselling home gardening and decor products ie Pots & Planters, Gardening Tools, Live Plants, Gardening Accessories, Plant Fertilisers etc.",https://www.urbanplant.in/cdn/shop/files/URBANPLANT_LOGO.png?v=1735968137,Haryana,GURGAON ,urban-plant-india.myshopify.com,INR,Shopify business address in India; prices in INR; .in domain; Indian postal address on site; +91 phone number,Shopify business address,tranco
urbanshop.co.in,Urbanshop,support@urbanshop.co.in,+919220248884; +919220248885,,,,,,"electronics & gadgets, health & nutrition","Our mission is simple; bring affordable, quality, and innovative products within everyone’s reach, backed by secure payments and fast delivery.",https://urbanshop.co.in/cdn/shop/files/Urban_Shop_Logo_AND_TEXT.jpg?v=1778584712,Delhi,New Delhi,n1dyts-qd.myshopify.com,INR,Shopify business address in India; prices in INR; .in domain; GSTIN on site; Indian postal address on site; +91 phone number,Shopify business address,tranco
www.urbanspacestore.in,Urban Space Home Furnishing,helpdesk@urbanspacestore.in,+919724851179,https://instagram.com/urbanspacestore.in,https://facebook.com/UrbanSpaceStore.in,,https://linkedin.com/company/urban-space-store,https://youtube.com/@urbanspacestore,home decor,"Urban Space offers a notable home décor products from curtains, bed linen, dohar blankets, bed cover, mats & rugs, table linen online at your door steps.",https://cdn.shopify.com/s/files/1/0277/6757/0567/files/urbanSpace-logo-500px-02_1_1.jpg?v=1647945398,Gujarat,Ahmedabad,urban-space-home-furnishing-store.myshopify.com,INR,Shopify business address in India; prices in INR; .in domain; Indian postal address on site; +91 phone number,Shopify business address,tranco
urx.co.in,URX,support@urx.co.in; b2b@urx.co.in,,,,,,,electronics & gadgets,URX For Gaming,https://urx.co.in/cdn/shop/files/Footer_logo.svg?v=1748535688,Gujarat,Surat,kezn1m-vm.myshopify.com,INR,Shopify business address in India; prices in INR; .in domain,Shopify business address,tranco
uspoloassn.in,U.S. Polo Assn. India,care@uspoloassn.in,+9880786663; +919880786663,https://instagram.com/uspoloassnindia,https://facebook.com/USPoloAssn.India,https://x.com/USPoloAssnIn,,https://youtube.com/@uspoloassnindia,apparel,"Shop U.S. Polo Assn. online in India for premium shirts, jeans, polos and footwear. Authentic American style for men, women and kids. Free delivery and returns.",https://uspoloassn.in/cdn/shop/files/USPA_Logo_600x_4121f63d-5e72-4e27-8abb-439eb8aa5ca4.webp?v=1684817493,Karnataka,Bengaluru,u-s-polo-assn-india.myshopify.com,INR,Shopify business address in India; prices in INR; .in domain; +91 phone number,Shopify business address,tranco
utilitymall.in,UtilityMall,support@utilitymall.in; sales@utilitymall.in,+919306003779; +911245061292,,,,,,home & kitchen,UtilityMall serves a wide range of products catering largely to the community. The products are specially curated keeping in mind the comfort and independence of Buyers.,https://utilitymall.in/cdn/shop/files/Minimalist_Yellow_Smile_Online_Shop_Logo_86298cc8-d31a-4e82-aa12-1d6c2e037d3d.png?v=1759043442,Haryana,Naraingarh,shoppingvirus.myshopify.com,INR,Shopify business address in India; prices in INR; .in domain; Indian postal address on site; +91 phone number,Shopify business address,tranco
utsarees.in,Unique Threads Sarees,uniquethreadssarees@gmail.com,+919278381354,https://instagram.com/unique.threads.sarees,https://facebook.com/UniqueThreadsSarees,,,https://youtube.com/@UniqueThreadsSarees,ethnic wear,"Explore UT Sarees' exquisite collection of handwoven sarees, perfect for every occasion. Shop premium silk, cotton, and Banarasi sarees online today!",https://utsarees.in/cdn/shop/files/uts_fdccff20-e090-4385-953d-0514fa5541ca.png?v=1732538525,Uttar Pradesh,Varanasi,27bbf8-3.myshopify.com,INR,Shopify business address in India; prices in INR; .in domain; GSTIN on site; +91 phone number,Shopify business address,tranco
www.uzhamagal.in,Uzhamagal,ordersuzhamagal@gmail.com; uzhamagal@gmail.com,+918838876104,https://instagram.com/uzhamagal,,,,https://youtube.com/@Uzhamagal,ethnic wear,"Uzhamagal was born from a simple belief — when a woman works hard, dreams fearlessly, and stays rooted in who she is, she becomes unstoppable.",https://www.uzhamagal.in/cdn/shop/files/IMG_3975__1_-removebg-preview.png?v=1674733246,Tamil Nadu,Tiruppur,00bd39.myshopify.com,INR,Shopify business address in India; prices in INR; .in domain; +91 phone number,Shopify business address,tranco
vaayu.co.in,Vaayu,care@vaayu.co.in; pr@vaayu.co.in; online@vaayu.co.in,+919007111790,https://instagram.com/vaayuclothing,https://facebook.com/vaayuclothing,,,https://youtube.com/@vaayu5692,women's apparel,"Vaayu is about natural, handmade clothing and apparel for women. We re-interpret Indian textiles in a contemporary way to create wearable separates for everyday wear",https://vaayu.co.in/cdn/shop/files/Vaayu-logo_1a6cc12e-44fb-4a87-8bf3-9e1cda97fe09.png?v=1614317271,West Bengal,Kolkata,vaayuu.myshopify.com,INR,Shopify business address in India; prices in INR; .in domain; GSTIN on site; Indian postal address on site; +91 phone number,Shopify business address,tranco
www.vahdam.in,VAHDAM® India ,help@vahdam.com,,https://instagram.com/vahdamindia,https://facebook.com/vahdamindia,https://twitter.com/VahdamTeas,https://linkedin.com/company/vahdam-teas,https://youtube.com/user/VahdamTeas,"food & beverages, health & nutrition","Explore VAHDAM® India's extensive range of Indian loose leaf teas & tea bags, including organic handpicked Green teas, Black teas, Oolong and more. Try our Curcumin, Moringa, and other supplements for a natural wellness boost every day!",https://www.vahdam.in/cdn/shop/files/Vahdam_Logo_New.png,Uttar Pradesh,Noida,vahdamindia.myshopify.com,INR,Shopify business address in India; prices in INR; .in domain; Indian postal address on site,Shopify business address,tranco
vahro.in,Vahro,connect@vahro.in,+912250164000,https://instagram.com/vahro.official,https://facebook.com/vahro.official,,,,men's apparel,Shop finest men’s clothing at Vahro – from casual shirts to tailored chinos to premium linen shirts.,https://vahro.in/cdn/shop/files/Frame_1000008218.png?v=1752816618,Maharashtra,Mumbai,vahro.myshopify.com,INR,Shopify business address in India; prices in INR; .in domain; Indian postal address on site; +91 phone number,Shopify business address,tranco
vaku.in,Vaku Luxos,support@vaku.in,1800-102-8258; +919015664422,,,,,,electronics & gadgets,"Vaku Luxos is a designer brand, which emphasizes on design and simplicity. The high quality and premium accessories are inspired by a generation of artisans and crafts-men who came before us. They’ve dedicated their lives to the mastery of the art form.",https://vaku.in/cdn/shop/files/vaku-black_logo.png?v=1748632290,Delhi,New Delhi,vaku-in.myshopify.com,INR,Shopify business address in India; prices in INR; .in domain; Indian postal address on site; +91 phone number,Shopify business address,tranco
vapexlabs.in,VapeX,vapexindia.com@gmail.com,+918282913134,,,,,,food & beverages,"Premium disposable vapes, pod kits & nicotine salts with authentic flavours, high puff count, smooth throat hit & fast delivery. Shop rechargeable and disposable vape devices, vape juice, coils & accessories from top brands. Explore best-selling fruit, mint & ice flavours with latest vape deals online.Kolkata Hyderabad",https://vapexlabs.in/cdn/shop/files/candy-world.png?v=1770232831,West Bengal,Howrah,cdarv1-wt.myshopify.com,INR,Shopify business address in India; prices in INR; .in domain; +91 phone number,Shopify business address,tranco
varanga.in,Varanga,care@varanga.co.in,+919727068000; +919727067000,https://instagram.com/varanga_official,https://facebook.com/Varanga-2008367166051742,,,,ethnic wear,"Buy Designer Kurtas for Women online. Explore our collection of festive kurtas, fusion Kurta, daily wear Kurtas and Kurta Sets online at Varanga.",https://varanga.in/cdn/shop/files/PNG_LOGO.png?v=1754402104,Gujarat,Surat,varangaofficial.myshopify.com,INR,Shopify business address in India; prices in INR; .in domain; Indian postal address on site; +91 phone number,Shopify business address,tranco
www.vastranand.in,Vastranand,contact@vastranand.in,+918154000063; +918154000915; +918154000064; +918154000965,https://instagram.com/vastranand_ind,https://facebook.com/vastranand,,https://linkedin.com/company/vastranand,https://youtube.com/@Vastranand,ethnic wear,"Shop handcrafted sarees at Vastranand — Banarasi, Kalamkari, Gadwal and Pattu silk. Factory-direct from Surat, with 500K+ orders delivered across India.",https://cdn.shopify.com/s/files/1/0579/3975/5089/files/1786078382859-vastranand-logo.png?v=1786078384,Gujarat,Surat,vastranand-shop.myshopify.com,INR,Shopify business address in India; prices in INR; .in domain; GSTIN on site; Indian postal address on site; +91 phone number,Shopify business address,tranco
vastrang.in,vastrang.in,support@vastrang.in,+916357000381,https://instagram.com/vastrang.in,https://facebook.com/vastrang.in,,,https://youtube.com/@vastrang7008,ethnic wear,Online Buy New Saree Salwar Suit Lehenga Choli Gown Kurti Collection | vastrang Fancy Designer Party Wear Wedding Wear Collection | vastrang online Store Buy 2021 latest collection for women Ethnic wear,https://vastrang.in/cdn/shop/files/vastrang.in_1.jpg?v=1785305624,Gujarat,Surat,vastrang-in.myshopify.com,INR,Shopify business address in India; prices in INR; .in domain; Indian postal address on site; +91 phone number,Shopify business address,tranco
vastraofficial.in,Vastra Official,vastraofficial123@gmail.com,+919319953367,https://instagram.com/_vastraofficial,https://facebook.com/vastraofficialdelhi,,,,ethnic wear,"Discover exquisite Indian ethnic wear with our handcrafted suits, sarees, and dupattas. Explore premium fabrics like Maheshwari, Organza, Muslin, and Cotton with intricate embroidery, block prints, and delicate handwork. Shop now for timeless elegance and unmatched craftsmanship. Worldwide shipping available!",https://vastraofficial.in/cdn/shop/files/vastra_logo_pdf-2.png?v=1734548063,Delhi,Delhi,f7fb6e-c4.myshopify.com,INR,Shopify business address in India; prices in INR; .in domain; Indian postal address on site; +91 phone number,Shopify business address,tranco
veeba.in,Veeba,hello@veeba.in; vrb.careers@veeba.in,+911244653250,https://instagram.com/veeba_in,https://facebook.com/Veeba.in,https://x.com/veeba_in,https://linkedin.com/company/veeba,https://youtube.com/@VeebaIndia,food & beverages,"Transform your home-made food with Veeba's sauces, mayo, spreads & dressings.Quality ingredients and innovation makes every meal a delicious celebration of daily hardwork.",https://veeba.in/cdn/shop/files/veeba-logo.png,Haryana,Gurugram,veeba-sauces.myshopify.com,INR,Shopify business address in India; prices in INR; .in domain; Indian postal address on site; +91 phone number,Shopify business address,tranco
veervastra.in,Veer Vastra,info@veervastra.in,+916395472280; +6395472280,https://instagram.com/veer_vastra,https://facebook.com/people/VeerVastra/61558349586809,,,https://youtube.com/@VeerVastra,apparel,Order online from Veer Vastra with secure payment options and seamless online shopping experience.,https://veervastra.in/cdn/shop/files/LOGO_20250908_220641_0000_35b05587-2763-4ccf-a86b-963719c15d74.png?v=1786036318,Uttar Pradesh,Khair,b8f32c.myshopify.com,INR,Shopify business address in India; prices in INR; .in domain; Indian postal address on site; +91 phone number,Shopify business address,tranco
veirdo.in,Veirdo,info@awesomefab.in,+7046702094; +917046702094,https://instagram.com/veirdo.in,https://facebook.com/profile.php?id=100076398736432,https://twitter.com/Veirdooffical,https://linkedin.com/company/veirdo,https://youtube.com/channel/UCZUkqeonhghcFbLS9VxD8EQ,men's apparel,"Online Shopping Store for trending fashions for Men’s at Veirdo. Buy Best T-shirts, Sweatshirts, Shorts, Joggers, Jackets & Hoodies online in India.",https://cdn.shopify.com/s/files/1/1982/7331/files/veirdologotrans.png,Gujarat,Ahmedabad,veirdo.myshopify.com,INR,Shopify business address in India; prices in INR; .in domain; Indian postal address on site; +91 phone number,Shopify business address,tranco
www.veromoda.in,Veromoda-India,help@veromoda.in,1800-266-0005; 1800-266-0006,https://instagram.com/veromodaindia,https://facebook.com/VeroModaIndia,https://twitter.com/veromodaindia,,https://youtube.com/user/VeroModaInd,women's apparel,"Online Shopping for Womens: Buy Tops, Dresses, Jumpsuits, Jeans, Shorts, Skirts & Jackets Online in India from a wide range of collections available at VEROMODA.",https://www.veromoda.in/cdn/shop/files/Veromoda_Logo_Black_1.png,Maharashtra,Mumbai,veromoda-india.myshopify.com,INR,Shopify business address in India; prices in INR; .in domain,Shopify business address,tranco
vgrofficial.in,VGR,customercare@vgrofficial.in,+919667796740; 1800-257-8939; +911171366411; +919667796741,https://instagram.com/vgrofficial.in,https://facebook.com/vgrofficial.in,https://twitter.com/vgrofficial_in,https://linkedin.com/company/vgr-india-official,https://youtube.com/channel/UCqj-oy1d6GfD-SejpChtWQA,men's grooming,VGR India VGR Official Hair Trimmer is One Of The Best Grooming Manufacturers Online In India. Achieve your ideal look effortlessly. Shop now! the brand (VGR OFFICIAL and VGR INDIA) and its positioning as a top manufacturer of grooming tools in India.,https://vgrofficial.in/cdn/shop/files/00_1.png?v=1674158781,Delhi,South West Delhi,vgrofficial-in.myshopify.com,INR,Shopify business address in India; prices in INR; .in domain; Indian postal address on site; +91 phone number,Shopify business address,tranco
victorsport.in,Victor Sports,support@victorsport.in,+919205688014,https://instagram.com/victorsport_india,https://facebook.com/Victorsportindia,https://x.com/victorsport_in,,https://youtube.com/@victorsportglobal,"women's apparel, footwear","Discover VICTOR Badminton India — global racket & equipment brand since 1968, official BWF partner, worn by world champions. Ready to Win with VICTOR",https://victorsport.in/cdn/shop/files/logo-1.png?v=1784803358,Delhi,delhi,uy1jsj-7g.myshopify.com,INR,Shopify business address in India; prices in INR; .in domain; Indian postal address on site; +91 phone number,Shopify business address,tranco
vigneto.in,Vigneto,info@vigneto.in,+919354520585,https://instagram.com/vignetoluxury,,,,,food & beverages,"Vigneto is the home to India's finest and premium tableware products. Shop high quality, luxury and elegant tableware inspired by Indian aesthetics and art to elevate your everyday dining experience.",https://vigneto.in/cdn/shop/t/22/assets/logo.png?v=7332,Delhi,Delhi,hmglassware.myshopify.com,INR,Shopify business address in India; prices in INR; .in domain; +91 phone number,Shopify business address,tranco
villagedecor.in,Village Decor.in,help@villagedecor.com,+918428248892,https://instagram.com/villagedecor.in,https://facebook.com/Chinnanerkunam.Tindivanam,,https://linkedin.com/company/villagedecor,https://youtube.com/channel/UC5G4_32nWsnjI6hjeWEIjXg,"home decor, home & kitchen","Bring home tradition with Village Decor’s handmade collections. Discover clay drinkware, clay cookware, terracotta planters, stone idols, mortar and pestle, diyas, urlis, hanging bells, and timeless home decor crafted naturally for conscious living.",https://villagedecor.in/cdn/shop/files/logo-512-removebg-preview.png?v=1748596291,Tamil Nadu,Villupuram,village-decor-in.myshopify.com,INR,Shopify business address in India; prices in INR; .in domain; Indian postal address on site; +91 phone number,Shopify business address,tranco
www.villain.in,VILLAIN,hi@villain.in,+919099170088,https://instagram.com/villainlife.official,https://facebook.com/villainlife.official,,,https://youtube.com/@villainlife.official,fragrances,"Best long lasting perfume for men, perfect for every occasion. 6 to 8 hours of wear, IFRA certified fragrance, tuned for Indian skin and Indian heat",https://www.villain.in/cdn/shop/files/by_BRN.ME.webp?v=1779958348,Karnataka,Bengaluru,villain-896.myshopify.com,INR,Shopify business address in India; prices in INR; .in domain; Indian postal address on site; +91 phone number,Shopify business address,tranco
vintagewatcholic.in,Vintage Watcholic - Timeless Vintage Watches & Collectibles,,+919999511709,https://instagram.com/vintage_watcholic,https://facebook.com/profile.php?id=61564699480915,,,,watches,Sourcing Vintage Timepieces from Across India 🛠️ Expert In-House Restoration | 3-Month Warranty 📦 Pan-India Shipping | COD Available 💯 Trusted,https://vintagewatcholic.in/cdn/shop/files/logo.webp?v=1745298056,Delhi,North East Delhi,vintagewatcholic.myshopify.com,INR,Shopify business address in India; prices in INR; .in domain; Indian postal address on site; +91 phone number,Shopify business address,tranco
www.vishalprints.in,Vishal Prints,support@vishalprints.in,+919512856565; +9512856565,https://instagram.com/vishalprints,https://facebook.com/VishalPrints,,,,ethnic wear,"Vishal Prints a trusted brand for over 25 years offers latest designer, beautiful collection of sarees online. Explore a wide range of designer sarees available in variety of fabrics, patterns and print at the best prices. Shop Now!",https://www.vishalprints.in/cdn/shop/files/9x9-png_TRANSPARENT.png?v=1682080289,Gujarat,Surat,vishal-overseas.myshopify.com,INR,Shopify business address in India; prices in INR; .in domain; Indian postal address on site; +91 phone number,Shopify business address,tranco
vitabiotics.in,Vitabiotics India,customerservice@meyer.co.in,+918291030683,https://instagram.com/vitabioticsin,https://facebook.com/profile.php?id=100078832276702,,,https://youtube.com/@vitabioticsindia,health & nutrition,"Real strength is having the energy to show up, every single day",https://vitabiotics.in/cdn/shop/files/logo.png_2.webp?v=1775135989,Maharashtra,"Thane, Mumbai",1rvfuz-p0.myshopify.com,INR,Shopify business address in India; prices in INR; .in domain; Indian postal address on site; +91 phone number,Shopify business address,tranco
vokka.in,Vokka Perfumes,team@vokka.in,+919220473224; +918448149944,,,,,,fragrances,Stand out with Vokka Perfumes Unique Fragrances at Unbelievable Prices with iconic standout packaging,https://vokka.in/cdn/shop/files/Vokka-Logo_5c0513cf-ce8e-40bc-abe6-521c23f86108.png?v=1742812089,Uttar Pradesh,Meerut,0mm77u-at.myshopify.com,INR,Shopify business address in India; prices in INR; .in domain; Indian postal address on site; +91 phone number,Shopify business address,tranco
vootbuy.in,Vootbuy,support@vootbuy.in,+918200861068,,,,,,ethnic wear,"Vootbuy was founded in year 2019 by Mr. Shashi Sunil Kumar with a mission of keeping customer satisfaction as the first priority in mind. For Vootbuy, no one comes above customer. The reason behind the existence of Vootbuy is customer. At Vootbuy, we make sure our cutsomer needs are satisfied in the highest possible manner. Once a customer at Vootbuy is always a customer at Vootbuy. For more queries, you mail us at support@vootbuy.in",https://vootbuy.in/cdn/shop/files/VootBuy-Logo.png?v=1752138825,Gujarat,Surat,vootbuy-3380.myshopify.com,INR,Shopify business address in India; prices in INR; .in domain; Indian postal address on site; +91 phone number,Shopify business address,tranco
vytron.in,Vytron,support@vytron.in,+918851470043,,,,,,electronics & gadgets,"Vytron is an Indian brand focused on delivering affordable, reliable, and modern tech accessories for everyday users across India.",https://vytron.in/cdn/shop/files/logo.svg?v=1779655420,Delhi,shahdara,tx2tds-dt.myshopify.com,INR,Shopify business address in India; prices in INR; .in domain; GSTIN on site; +91 phone number,Shopify business address,tranco
www.walkaroo.in,Walkaroo Footwear,customercare@walkaroo.in,1800-572-2999,https://instagram.com/walkarooin,https://facebook.com/WalkarooIN,https://twitter.com/WalkarooIN,https://linkedin.com/company/walkaroo,https://youtube.com/channel/UCnN3VoMZ0uyxdVUPOxTUogg,footwear,"Buy footwear online from India's No.1 PU footwear brand at an affordable price. Walkaroo offers a wide range of footwear for Men, Women, and Kids, including shoes, flip-flops, sandals, sliders, heels, and flats. Shop now!",https://www.walkaroo.in/cdn/shop/files/LOGO_RED.jpg?v=1707540006,Tamil Nadu,Coimbatore,walkaroo-in.myshopify.com,INR,Shopify business address in India; prices in INR; .in domain; Indian postal address on site,Shopify business address,tranco
walletkart.in,WalletKart.in,support@walletkart.in,+917669806265,https://instagram.com/walletkart.in,https://facebook.com/walletkart.in,https://x.com/walletkartbrand,https://linkedin.com/company/walletkart,https://youtube.com/@Walletkartbrand,bags & accessories,"Customised Men's Wallet for Anniversary, Birthday, Marriage, Valentine DAY, etc. Explore customized wallet combos, perfect for gifting your boyfriend, husband, or fince our inception in 2012, we've embarked on a remarkable journey through the world of customized wallets, and it's been a journey filled with heart and so",https://walletkart.in/cdn/shop/files/1_1.png?v=1758962938,Delhi,Delhi,print-on-leather.myshopify.com,INR,Shopify business address in India; prices in INR; .in domain; +91 phone number,Shopify business address,tranco
walusha.in,Walusha,help@walusha.in,+916354238305,https://instagram.com/walusha_in,https://facebook.com/walushakurtis,,,https://youtube.com/@Walushakurtis,ethnic wear,,https://walusha.in/cdn/shop/files/WALUSHA_LOGO_e4c83913-27cd-42e2-9a7d-12b26ed92d99.png?v=1701153991,Gujarat,Surat,walusha.myshopify.com,INR,Shopify business address in India; prices in INR; .in domain; Indian postal address on site; +91 phone number,Shopify business address,tranco
warriorworld.in,Warriorworld,help@warriorworld.in,+917043460760,https://instagram.com/warriorworldstore,https://facebook.com/warriorworldStore,,,https://youtube.com/@Warriorworldstore,men's apparel,"India's First Men's Army Base Men's Fashion Store. We Have All T-shirt,Over Size T-shirt,Full Sleeve T-shirt And Many More Fashion Products.We Provide All India Cash On Delivery With 7 Days Easy Return Policy",https://warriorworld.in/cdn/shop/files/logo.png?v=1711179381,Gujarat,surat,9abd67-92.myshopify.com,INR,Shopify business address in India; prices in INR; .in domain; Indian postal address on site; +91 phone number,Shopify business address,tranco
watchfactory.in,The Watch Factory,support@watchfactory.in,1800-891-2866; +916367908052,https://instagram.com/thewatchfactory_official,https://facebook.com/thewatchfactoryonline,,https://linkedin.com/company/thewatchfactory,,watches,"Enhancing your personality more with the hottest International brands at The Watch Factory™, Shop 40+ International Watch Brands and Top Swiss Watch Retailer in India.",https://watchfactory.in/cdn/shop/files/Website_Logo_The_Watch_Factory_6b0c6111-1d9f-436d-bc17-54a869fd3e78.svg?v=1778138924,Rajasthan,Jaipur,twf-india.myshopify.com,INR,Shopify business address in India; prices in INR; .in domain; GSTIN on site; Indian postal address on site; +91 phone number,Shopify business address,tranco
watchitmove.in,Watch It Move,support@watchitmove.in,+917697979707,https://instagram.com/watchitmove,https://facebook.com/watchitmove,,,,watches,"WATCHES | STRAPS | ACCESSORIES | COMPONENTS All Stop Shop for Vintage and Mechanical Watches. Dive into the collection of HMT , SEIKO , CITIZEN and many more brands and get your wrist an antique piece of history and nostalgia! Automatic Watch Quartz Watch Hand Winding Manual Hand Wound Watches , peripherals & more",https://watchitmove.in/cdn/shop/files/Picsart_25-03-31_14-50-33-605.jpg?v=1743412860,Chhattisgarh,,0yfp0n-7x.myshopify.com,INR,Shopify business address in India; prices in INR; .in domain; GSTIN on site; +91 phone number,Shopify business address,tranco
watchtopia.in,watchtopia.in,customercare@watchtopia.in,,https://instagram.com/watchtopia.in,,,,,watches,"Shop new Casio watches, rare Japanese & Swiss vintage watches, fan-favorite imports, and premium accessories. 100% authentic. Fast shipping across India.",https://watchtopia.in/cdn/shop/files/Screenshot_2024-04-08_164607_fa344605-1358-4f8d-8d66-fea45dd44d24.png?v=1740304250,Delhi,New Delhi,397518.myshopify.com,INR,Shopify business address in India; prices in INR; .in domain; GSTIN on site; Indian postal address on site,Shopify business address,tranco
www.waterscience.in,WaterScience,care@waterscience.in,+919148545840; 1800-121-0599,https://instagram.com/waterscienceindia,https://facebook.com/waterscienceindia,,,https://youtube.com/@WaterScience_India,home & kitchen,"CLEO Shower and Tap Filters filter chlorine and condition hardwater to give you clean, healthy water for reduced hairfall and improved skin.",https://www.waterscience.in/cdn/shop/files/WaterScience-logo.png?v=1715605320,Karnataka,Bangalore,waterscience.myshopify.com,INR,Shopify business address in India; prices in INR; .in domain; Indian postal address on site; +91 phone number,Shopify business address,tranco
wavex.in,Wavex,contact@wavex.in; support@wavex.in; sales.global@wavexauticare.com; hr@wykointernational.com; sales.global@wavexautocare.com,+919501112941; 1800-274-0076,https://instagram.com/wavexautocare,https://facebook.com/wavexautocare,https://x.com/wavexautocare,,https://youtube.com/wavexautocareglobal,"haircare, apparel","Wavex is the one stop shop for all types of Auto Detailing Products like Car Shampoo, Car Polish, Ceramic Coating, Tyre Dressers, Clay Bar, Dual Action Polisher Machines and more",https://wavex.in/cdn/shop/files/wavex_auto_care_logo.png?v=1774253426,Punjab,Jalandhar,buy-wavex.myshopify.com,INR,Shopify business address in India; prices in INR; .in domain; Indian postal address on site; +91 phone number,Shopify business address,tranco
wearyourwords.in,Wear Your Words,customersupport@wearyourwords.in,,https://instagram.com/wearyourwordsdotin,,,,,women's apparel,Shop latest Collection of Comfortable Jeans for Women & Girls Online. Buy Women's New Style Jeans Online now and Get FREE Shipping with COD.,https://wearyourwords.in/cdn/shop/files/IMG_3593.jpg?v=1756211826,Uttarakhand,Dehradun,shreyafirststore.myshopify.com,INR,Shopify business address in India; prices in INR; .in domain; Indian postal address on site,Shopify business address,tranco
weavinghomes.in,WeavingHomes,customers.weavinghomes@gmail.com,+918287090996; +919718185525,https://instagram.com/weavinghomes_india,,,,,home decor,"Handmade ceramic tableware, Coffee mugs, Bowls & home decor by Indian artisans. Visit our Shahpur Jat studio in Delhi or shop online with pan-India shipping.",https://weavinghomes.in/files/WEAVING_Medium_Rectangle_Ad_1b0d6139-b3f2-413a-a0c0-cfefc730ef77.png,Uttar Pradesh,Ghaziabad,weavinghomes.myshopify.com,INR,Shopify business address in India; prices in INR; .in domain; GSTIN on site; Indian postal address on site; +91 phone number,Shopify business address,tranco
wellbi.in,WELLBI,info@wellbi.in,+919606952956,https://instagram.com/wellbi.in,https://facebook.com/wellbiindia,,https://linkedin.com/company/wellbi-india,https://youtube.com/channel/UCDfNeOUswoYW6uNsFaqp2dQ,apparel,"Wellbi is India’s leading bamboo apparel brand offering ultra soft, breathable, and lightweight clothing designed for all-day comfort. Discover premium bamboo t-shirts, polos, innerwear and everyday essentials.",https://wellbi.in/cdn/shop/files/Wellbi_logo_Rewamp_2026-14_41770f36-c7f6-4ba0-b67a-3aa208d65f0e.png?v=1785616621,Karnataka,Mysuru,wellbi-india.myshopify.com,INR,Shopify business address in India; prices in INR; .in domain; Indian postal address on site; +91 phone number,Shopify business address,tranco
wellversed.in,Wellversed,support@wellversed.in,+919319157249,https://instagram.com/wellversed.in,https://facebook.com/wellversed.in,,https://linkedin.com/jobs,,"sports & fitness, health & nutrition","Shop top quality bodybuilding and gym supplements online in India at Wellversed. Get the best prices on proteins, vitamins, and more crafted for your fitness goals!",https://wellversed.in/cdn/shop/files/Wellversed_Logo_for_Website_Header_resized.png,Haryana,Gurugram,wellversed-health.myshopify.com,INR,Shopify business address in India; prices in INR; .in domain; Indian postal address on site; +91 phone number,Shopify business address,tranco
westlandonline.in,Westland Books,customerservice@pratilipi.com,,https://instagram.com/westland_books,https://facebook.com/westlandbooks,https://x.com/WestlandBooks,,,books & stationery,"Westland Online is driven by a simple vision to bring the best of literature into every home. An extension of Westland Books, one of India’s leading publishing houses, we carry forward a legacy of publishing excellence. Stories are our roots and shared heritage, carrying wisdom, emotion, and imagination across generations. We curate every book to deliver lasting value, combining literary depth, thoughtful production and affordable pricing for the modern reader. Westland Books is also part of the",https://westlandonline.in/cdn/shop/files/Westland_Logo_light.svg?v=1769769818,Karnataka,Bengaluru,gyy6tg-5t.myshopify.com,INR,Shopify business address in India; prices in INR; .in domain; Indian postal address on site,Shopify business address,tranco
www.whatsupwellness.in,What's Up Wellness,care@whatsupwellness.in; grievance.officer@whatsupwellness.in,+917003492827; +917827974038,https://instagram.com/whatsupwellness.in,https://facebook.com/people/Whats-Up-Wellness/100063781614427,https://twitter.com/wuw_in,,https://youtube.com/@whats_up_wellness,health & nutrition,"Clinically formulated supplements for people who want peak wellness, without strict routines! Our products solve numerous wellness issues affecting the busy daily lives of Indians - from sleep,weight loss, gut health to liver support, recovery & hydtration.",https://www.whatsupwellness.in/cdn/shop/files/rectangle_WUW_logo1x_small.svg?v=1708696270,Haryana,Gurugram,whats-up-wellness.myshopify.com,INR,Shopify business address in India; prices in INR; .in domain; Indian postal address on site; +91 phone number,Shopify business address,tranco
www.wildstone.in,Wild Stone,care@mcnroe.com,+919088831313; +919088993838,https://instagram.com/wildstoneofficial,https://facebook.com/wildstoneofficial,https://twitter.com/WildStoneIndia,,https://youtube.com/user/wildstoneofficial,fragrances,"Find the top Wild Stone grooming products for men in India. Buy Wild Stone deodorants & perfume for men with Shaving range, Fragrance soaps & Talcum powder available online.",https://www.wildstone.in/cdn/shop/files/Wild_Stone_Logo_973ee566-ce01-45db-8b37-628380b8d85b.png?v=1672557783,West Bengal,Kolkata,wildstone-staging.myshopify.com,INR,Shopify business address in India; prices in INR; .in domain; +91 phone number,Shopify business address,tranco
winkmink.in,Winkmink,support@winkmink.in,,,,,,https://youtube.com/@Winkminkin,plants & gardening,"Welcome to WinkMink, your one-stop destination for everyday essentials with a touch of personality and style.",https://winkmink.in/cdn/shop/files/Logo.png?v=1745480604,Uttar Pradesh,Jalaun,6577eb-2.myshopify.com,INR,Shopify business address in India; prices in INR; .in domain,Shopify business address,tranco
wiselife.in,wiselife.in,info@wiselife.in; shivam.singh@wiselife.in; sales1@wiselife.in; sales2@wiselife.in,+917975740665; +918384080170; +919217136585; +917303222852; +918178503546,https://instagram.com/wiselife.in,https://facebook.com/wiselife.in,,https://linkedin.com/company/wiselifeofficial,,sports & fitness,"“To Unite” you with YOU. Beautifully handcrafted Yoga Mats & aesthetic Yoga Accessories made by Indian Artisans, planet-friendly and Body Kind. MINIMUM 40% OFF - GRAB THE DEAL NOW.",https://wiselife.in/cdn/shop/files/WiseLife_logo_Horizontol.png?v=1741160752,Haryana,Gurugram,wiselife-in.myshopify.com,INR,Shopify business address in India; prices in INR; .in domain; GSTIN on site; +91 phone number,Shopify business address,tranco
womenschoice.co.in,Women's Choice ,officialwomenschoice@gmail.com,+917982503842; +918595899420,https://instagram.com/womenschoice42,,,,,ethnic wear,"Elevate your everyday style with timeless silhouettes, luxurious fabrics, and effortless elegance crafted for every moment.",https://womenschoice.co.in/cdn/shop/files/edweqw.png?v=1759611448,Delhi,Delhi,ixd1ru-b1.myshopify.com,INR,Shopify business address in India; prices in INR; .in domain; Indian postal address on site; +91 phone number,Shopify business address,tranco
worthwrap.in,WORTHWRAP MOBILE SKINS,worthwrap.in@gmail.com,+919372292223,https://instagram.com/worthwrapskins,,https://twitter.com/worthwrap,,https://youtube.com/@worthwrap,electronics & gadgets,Worthwrap Mobile Skins redefine device aesthetics. Unlock a world of trendy Mobile Skins designs and reliable protection. Shop now for the hottest mobile skins that reflect your unique style.,https://worthwrap.in/cdn/shop/files/Worthwrap_2.png?v=1779123368,Maharashtra,Thane,532968-4.myshopify.com,INR,Shopify business address in India; prices in INR; .in domain; +91 phone number,Shopify business address,tranco
wtflex.in,WHAT THE FLEX,support@wtflex.in,+919111553117; +919270036788,https://instagram.com/wtflex.in,,,,https://youtube.com/@whattheflexindia,apparel,"Buy Oversized T-Shirts, Bowling Shirts, Cargo Pants, Varsity Jacket and more with Premium Quality Fabrics & Aesthetic designs at budget friendly prices.",https://wtflex.in/cdn/shop/files/wtflex_white_logo.png?v=1767714383,Maharashtra,PUNE,what-the-flex.myshopify.com,INR,Shopify business address in India; prices in INR; .in domain; Indian postal address on site; +91 phone number,Shopify business address,tranco
wwwcollections.in,wwwcollections,contact.wwwcollection@gmail.com,+918667393434,https://instagram.com/www_collections,https://facebook.com/wwwcollectionz,,,https://youtube.com/@WHATWOMENWANTS_WWWCOLLECTIONS,ethnic wear,"Welcome! wwwcollections is your premier destination for exclusive premium unstitched salwar materials handcrafted in India. From timeless Tussar and Mangalagiri silks to elegant Pochampally ikkat, Kalamkari sets, Ajrakh cotton and Kota designs, our curated collections embody traditional craftsmanship with modern falir",https://wwwcollections.in/cdn/shop/files/www_golfmind_fnt_4x-100.jpg?v=1746460584,Tamil Nadu,Erode,nevana-z6.myshopify.com,INR,Shopify business address in India; prices in INR; .in domain; +91 phone number,Shopify business address,tranco
xp-pen.co.in,XPPen India,,+919321296471; +919311001000; +918050359999; +919820055590; +919920348216; +919820636421,https://instagram.com/xppen_india,https://facebook.com/xppenindia,,https://linkedin.com/company/xp-pen-india,https://youtube.com/@XPPenIndia,electronics & gadgets,"XPPen is a leading supplier of pen tablets, displays tablets and stylus since 2005 across the world. Ideal for Creative Professionals, Teachers & Students.",https://cdn.shopify.com/s/files/1/0629/5375/0783/files/XP_logo_PNG_revised.png?v=1650881803,Maharashtra,Mumbai,shop-xp-pen.myshopify.com,INR,Shopify business address in India; prices in INR; .in domain; Indian postal address on site; +91 phone number,Shopify business address,tranco
yaleonline.in,Yale India,customercare1.india@assaabloy.com; aman.habib@assaabloy.com; chitranjan.yadav@assaabloy.com; rakesh.vishwakarma@assaabloy.com; pradeep.kumarcm@assaabloy.com; souvik.das@assaabloy.com,1800-103-5606; +918929788788; +918591448646; +918591448636; +918591448649; +918591941621,https://instagram.com/yalehomeindia,https://facebook.com/YaleIndiaLtd,https://x.com/Yalehomeindia,https://linkedin.com/company/yalehomeglobal,https://youtube.com/@YaleHomeIndia,furniture,"Yale is one of the world's oldest digital lock manufacturers and part of ASSA ABLOY Group, the global leader in access solutions",https://yaleonline.in/cdn/shop/files/yale_logo_100_100_706d5f62-c97d-415c-ae31-e801c1177fe6.png?v=1659940981,Karnataka,BANGALORE,yale-india.myshopify.com,INR,Shopify business address in India; prices in INR; .in domain; GSTIN on site; +91 phone number,Shopify business address,tranco
yanchi.in,Yanchi,studioyanchi@gmail.com,+919333870000,https://instagram.com/yanchistudio,https://facebook.com/yanchistudio,,,,"ethnic wear, home & kitchen","SCAK Mart store prices, now online. Unstitched suits, cotton suits, kurtis and home textiles — trusted by families since 1971. Delivered across India.",https://yanchi.in/cdn/shop/files/logo-png_final.png?v=1693385057,Haryana,HISAR,0a7d0b-3.myshopify.com,INR,Shopify business address in India; prices in INR; .in domain; GSTIN on site; Indian postal address on site; +91 phone number,Shopify business address,tranco
www.yashstencilstore.in,Yash Stencil,yashstencilstore@gmail.com,+918122829822,https://instagram.com/yash_stencil_store,,,,,,Yash Stencil Store,https://www.yashstencilstore.in/cdn/shop/files/1.jpg?v=1762448622,Puducherry,Puducherry,9c9u1m-gx.myshopify.com,INR,Shopify business address in India; prices in INR; .in domain; +91 phone number,Shopify business address,tranco
yesbabu.in,YesBabu,yesbabu.shopify@gmail.com,+919093931800,https://instagram.com/yesbabu.sweetu,https://facebook.com/yesbabu.sweetu,,,https://youtube.com/channel/UCUcgrqPueg4MMkCB7qMZk-g,bags & accessories,"India’s coolest sunglasses collection at unbeatable prices! Redefine your style with YesBabu sunglasses — elegant, UV-protected eyewear crafted for comfort & confidence. Trendy, durable & perfect for all-day comfort. Explore limited offers & free gifts today!",https://yesbabu.in/cdn/shop/files/3CAA278A-8969-4D08-9B07-F107D06AA609.png?v=1773419686,West Bengal,Howrah,yesbabu-7624.myshopify.com,INR,Shopify business address in India; prices in INR; .in domain; Indian postal address on site; +91 phone number,Shopify business address,tranco
www.yogabars.in,Yoga Bars,hello@yogabars.in,+919606030616,https://instagram.com/yogabars.in,https://facebook.com/yogabars,,https://linkedin.com/company/yoga-bar,,"food & beverages, health & nutrition","India's most loved nutrition-led food company. Muesli, Protein Bars, Energy Bars, Peanut Butters, and Gluten Free Oats that are friggin' delicious. All natural. No preservatives. Loaded with protein and fibre. Social Distancing from processed food and sugar. Free and Fast Delivery in India. Buy Now!",https://www.yogabars.in/cdn/shop/files/Group_1244831766_2.png?v=1782282537,Karnataka,Bangalore,yoga-health-foods.myshopify.com,INR,Shopify business address in India; prices in INR; .in domain; +91 phone number,Shopify business address,tranco
yoholife.in,Yoho,listen@yoholife.in; nodal-officer@yoholife.in,+919205162890; +919205185352,https://instagram.com/yoho_lifestyle,https://facebook.com/Yoho-Lifestyle-102895602358594,https://twitter.com/yoholifestyle,https://linkedin.com/company/yoholifestyle,https://youtube.com/@yoholifestyle8286,footwear,"Yoho offers the latest collection of comfortable footwear. Moccasins and casual slippers for men and women that are extremely light, soft, and comfy, with simple returns and exchanges. ✯ Free Shipping ✯ COD",https://cdn.shopify.com/s/files/1/0604/8828/6399/files/YohoLogo_90e19438-0573-45a1-85f4-a80c7c4e6784.png?v=1778234592,Delhi,Delhi,yoholifestyle.myshopify.com,INR,Shopify business address in India; prices in INR; .in domain; Indian postal address on site; +91 phone number,Shopify business address,tranco
younik.in,YOUNIK,support@younik.in,+919265623723,,,,,,ethnic wear,,https://younik.in/cdn/shop/files/purple_younik.png?v=1744710947,Gujarat,Surat,50cd52-68.myshopify.com,INR,Shopify business address in India; prices in INR; .in domain; Indian postal address on site; +91 phone number,Shopify business address,tranco
yusufbhaifragrances.in,YUSUF BHAI INDIA,info@yusufbhaifragrances.in,+919445934433,https://instagram.com/yusufbhaifragrancesindia,,,,,fragrances,"Yusuf Bhai is a Dubai-based perfume brand offering custom perfumes, personalized fragrances & niche scents crafted to match your style, story & inspiration.",https://yusufbhaifragrances.in/cdn/shop/files/YB_Logo_Font-transformed_382acd62-cfb0-43ee-b1f8-508867a43242.png?v=1741217036,Tamil Nadu,Chennai,ccvux1-ct.myshopify.com,INR,Shopify business address in India; prices in INR; .in domain; +91 phone number,Shopify business address,tranco
zanskarhealth.in,Zanskar,support@zanskarhealth.in,+919667673227,https://instagram.com/zanskarofficial,https://facebook.com/zanskarhealth,https://twitter.com/ZanskarHealth,https://linkedin.com/company/zanskarhealth,https://youtube.com/@zanskarhealth,health & nutrition,"Zanskar is a pain-care focused high-efficacy premium professional brand with patented bio-active formulations for better outcomes from muscle pain, joint pain and headache relief",https://zanskarhealth.in/cdn/shop/files/Zanskar-logo-new.png?v=1715246310,Delhi,New Delhi,4c0aac.myshopify.com,INR,Shopify business address in India; prices in INR; .in domain; Indian postal address on site; +91 phone number,Shopify business address,tranco
zebrata.in,ZEBRATA,zebratacollection@gmail.com,+917046360000,https://instagram.com/zebrata_collection,,,,,jewellery,"Zebrata is an online store offering a wide range of high-quality products, including trendy apparel, stylish accessories, home essentials, and beauty and wellness items.",https://zebrata.in/cdn/shop/files/lOGO_f24427ac-e834-4ef1-84b4-85e7b7ba4b12.png?v=1732274521,Gujarat,Gandhinagar,7bf6dd-2b.myshopify.com,INR,Shopify business address in India; prices in INR; .in domain; Indian postal address on site; +91 phone number,Shopify business address,tranco
zeespares.in,Zeespares.in,support@zeespares.in,+918383985292,https://instagram.com/zeespares.in,https://facebook.com/zeespares,,,,electronics & gadgets,"India's Trusted Phone / Mobile Spare Parts Website, Explore and shop the best mobile spare parts at Zeespares.in . We offer quality replacements for various brands, ensuring your device runs smoothly. Trust us for reliable parts and fast delivery. Elevate your mobile experience with us. Free & Fast Shipping with COD.",https://zeespares.in/cdn/shop/files/Zeespares_New_Logo_e21fca39-df6f-4bbc-a410-5c684f2e6263.png?v=1779971187,Uttar Pradesh,Ghaziabad,zeespares.myshopify.com,INR,Shopify business address in India; prices in INR; .in domain; +91 phone number,Shopify business address,tranco
zelixautomotives.in,Zelix Automotives,,,https://instagram.com/zelixautomotives,,,,,automotive,"Zelixautomotives.in provides Spoilers, Splitters, Skirtings and Diffusers, Exhausts,Tips & Flame Kits, Lights & Flashers, Car Interiors, Car Exteriors, Gear Knobs, Hubs & Steerings, Horns, Sirens & Air Intakes, German Car Accessories.",https://zelixautomotives.in/cdn/shop/files/IMG_5243.jpg?v=1752790295,Telangana,Hyderabad,42caf0-db.myshopify.com,INR,Shopify business address in India; prices in INR; .in domain; Indian postal address on site,Shopify business address,tranco
zenin.co.in,ZENIN,zenincare@gmail.com,+917045453745,https://instagram.com/zeninclothing,https://facebook.com/profile.php?id=61555518540990,,,,apparel,,https://zenin.co.in/cdn/shop/files/Zenin_logobacl.png?v=1730969920,Maharashtra,Mira Bhayandar,54dc85-46.myshopify.com,INR,Shopify business address in India; prices in INR; .in domain; Indian postal address on site; +91 phone number,Shopify business address,tranco
zeonx.in,ZeonX,zeonxsupport@gmail.com,+919310727302,https://instagram.com/ZXSTUDIOZ,,,,,jewellery,"ZeonX creates modern jewelry designed for everyday style and confidence. Crafted from premium stainless steel, our pieces are durable, anti-tarnish, and made to last. From bold Gothic, Y2K, and CH-style designs to minimal essentials, ZeonX offers versatile jewelry that complements every outfit, mood, and moment. ✨",https://zeonx.in/cdn/shop/files/ZEON-X_Logo_A9106C1_1_525fee6f-1642-4ccd-adf4-aa485da6d9da.jpg?v=1773185720,Delhi,New Delhi,dkydv0-79.myshopify.com,INR,Shopify business address in India; prices in INR; .in domain; +91 phone number,Shopify business address,tranco
www.zeroharm.in,Zeroharm,care@zeroharm.in,+917382838383; +919154863402,https://instagram.com/zeroharm_sciences,https://facebook.com/ZEROHARMSCIENCE,https://x.com/zeroharm_in,,https://youtube.com/@zeroharm,health & nutrition,Get 100% plant based natural wellness & healthcare supplements in India at ZeroHarm Sciences. India's 1st Nano formulated nutraceutical brand.,https://www.zeroharm.in/cdn/shop/files/Zeroharm_logo_1.png?v=1687502546,Telangana,Hyderabad,zero-harm.myshopify.com,INR,Shopify business address in India; prices in INR; .in domain; +91 phone number,Shopify business address,tranco
zeroinfy.in,Zeroinfy,support@zeroinfy.in,+918100800600; +918100800601; +919674400605,https://instagram.com/zeroinfy.in,https://facebook.com/zeroinfy,https://twitter.com/zeroinfy15,,https://youtube.com/channel/UCc07nYra3OQAYacSaHQliTQ,books & stationery,"India's largest marketplace for CA Final, CA Inter, CMA & CFA video lectures. Courses by Bhanwar Borana, Aakash Kandoi, Vishal Bhattad & more. Pendrive & Google Drive formats. Lowest prices. EMI available.",https://zeroinfy.in/cdn/shop/files/ZEROINFY_NEW_WEBSITE_LOGO.png,West Bengal,Kolkata,zeroinfy.myshopify.com,INR,Shopify business address in India; prices in INR; .in domain; Indian postal address on site; +91 phone number,Shopify business address,tranco
zinklondon.in,Zink London,customercare@zinklondon.in; franchise@zinklondon.in,,https://instagram.com/Zinklondon,https://facebook.com/Zinklondon,https://x.com/i,https://linkedin.com/company/zink-london,https://youtube.com/@zinklondon6449,apparel,"An incredible eye for what's next in fashion, Zink London has a passion to exceed expectations by offering 5 new styles every week. We've worked to deliver the best possible shopping experience, helping our customers express their style – not just buy fashion.",https://zinklondon.in/cdn/shop/files/1000120039.png?v=1735380928,Uttar Pradesh,Noida,zink-london.myshopify.com,INR,Shopify business address in India; prices in INR; .in domain,Shopify business address,tranco
zitarabykanak.shop,ZITARA,zitaragems@gmail.com,+919660238279,https://instagram.com/zitara._,https://facebook.com/people/Zitara-Gems-Jewellery/100071290647229,,,,jewellery,"Born from a passi on for understated elegance, Zitara was founded with a simple yet powerful vision — to celebrate the beauty of minimalism through timeless sterling silver jewelry. We believe that jewelry should speak softly yet leave a lasting impression.",https://zitarabykanak.shop/cdn/shop/files/image_40.png?v=1746440415,Telangana,Hyderabad,dqhiis-rg.myshopify.com,INR,Shopify business address in India; prices in INR; Indian postal address on site; +91 phone number,Shopify business address,commoncrawl
zoey.in,Zoey,connect@zoey.in,+919068586693; +918920971991,https://instagram.com/connectzoey,https://facebook.com/connectzoey,https://twitter.com/connectzoey,,,"kids & baby, bags & accessories","Zoey is India’s best homegrown baby brand, offering premium Made in India nursery essentials, personalized school bags & organic muslin apparel. Thoughtfully designed for your little one. Shop now!",https://zoey.in/cdn/shop/files/1594978201204_dark_logo_transparent_2x_053ad2f3-6255-4ad4-9198-7fe6373b6489.png?v=1738651622,Uttar Pradesh,Kasganj,connectzoey.myshopify.com,INR,Shopify business address in India; prices in INR; .in domain; +91 phone number,Shopify business address,tranco
zonealpha.in,Zone Alpha,support@zonealpha.in,+918188886247,https://instagram.com/zone.alpha07,,,,https://youtube.com/@zonealpha3260,electronics & gadgets,"Discover trending gadgets, high-tech drones, audio devices, and smart accessories at Zone Alpha—your go-to destination for innovative electronics and unbeatable deals.",https://zonealpha.in/cdn/shop/files/zone_alpha_logo.webp?v=1769092943,Maharashtra,Navi Mumbai,3f046f-4.myshopify.com,INR,Shopify business address in India; prices in INR; .in domain; +91 phone number,Shopify business address,tranco
zoomsters.in,Zoomsters India,zoomsters.official@gmail.com,+919990929925,https://instagram.com/zoomsters.in,https://facebook.com/zoomsters.in,,,https://youtube.com/@zoomstersindia,collectibles & hobbies,"At Zoomsters India, we are passionate about bringing authentic Hot Wheels, Matchbox, and premium die-cast collectibles to collectors across India. We carefully curate a wide range of 1:64 scale model cars from globally loved brands including Hot Wheels, Mini GT, Pop Race, Tarmac Works, INNO64, Majorette, Kyosho etc.",https://zoomsters.in/cdn/shop/files/Zoomsters_logo-removebg-preview.png?v=1727113423,Delhi,New Delhi,8e3deb-d4.myshopify.com,INR,Shopify business address in India; prices in INR; .in domain; Indian postal address on site; +91 phone number,Shopify business address,tranco
zouk.co.in,Zouk,online@zouk.co.in; corporatesales@zouk.co.in,+918069454521,https://instagram.com/zoukonline,https://facebook.com/zoukonline,https://twitter.com/zoukbrand,https://linkedin.com/company/zouk,https://youtube.com/channel/UCAZeugt1M29zzQURXqvPLeQ,bags & accessories,"Online Shopping Site in India: Buy the latest fashion & lifestyle products for men & women online at Zouk. Check out the latest collection of Bags, Wallets, Footwear & Accessories at best price. ✔Indian Fabrics like Ikat ✔PeTA approved 100% Vegan ✔Free Delivery",https://zouk.co.in/cdn/shop/files/zouk_new_logo.webp?v=1655936518,Maharashtra,Navi Mumbai,zoukbags.myshopify.com,INR,Shopify business address in India; prices in INR; .in domain; +91 phone number,Shopify business address,tranco
zygma.in,zygma,,+918608058590,https://instagram.com/zygma_in,,,,,bags & accessories,"Shop genuine buffalo leather handbags, wallets and laptop bags. 100% handmade in India. Ships worldwide. Buffalo leather only — not cow, not synthetic.",https://zygma.in/cdn/shop/files/zygma_new_logo_crapped.jpg?v=1726996722,Tamil Nadu,kancheepuram,e6e427-3.myshopify.com,INR,Shopify business address in India; prices in INR; .in domain; +91 phone number,Shopify business address,tranco
